Date,Open,High,Low,Close,Adj Close,Volume,Benchmark_Return_1D
2020-01-02,6313.1279296875,6317.01318359375,6263.67578125,6283.5810546875,6283.5810546875,33043700,
2020-01-03,6306.18701171875,6323.4658203125,6287.7060546875,6323.4658203125,6323.4658203125,44625300,0.0063474578075579
2020-01-06,6293.4990234375,6300.43603515625,6252.634765625,6257.40283203125,6257.40283203125,41421300,-0.010447275300997
2020-01-07,6272.22021484375,6284.89208984375,6246.12890625,6279.34619140625,6279.34619140625,39441600,0.003506783878876
2020-01-08,6248.44287109375,6250.1220703125,6218.1298828125,6225.68603515625,6225.68603515625,44622600,-0.0085455005368931
2020-01-09,6248.6611328125,6274.4931640625,6238.98291015625,6274.4931640625,6274.4931640625,41868400,0.0078396386567902
2020-01-10,6287.1669921875,6295.3701171875,6271.97998046875,6274.94091796875,6274.94091796875,52213500,7.136096805626657e-05
2020-01-13,6287.912109375,6297.77587890625,6269.48095703125,6296.56689453125,6296.56689453125,44003800,0.0034464032164147
2020-01-14,6308.89013671875,6325.40576171875,6298.60791015625,6325.40576171875,6325.40576171875,44467400,0.0045800938305837
2020-01-15,6326.166015625,6348.52587890625,6255.498046875,6283.365234375,6283.365234375,51089200,-0.006646297317111
2020-01-16,6275.9560546875,6299.541015625,6255.4931640625,6286.0478515625,6286.0478515625,42118300,0.0004269395598435
2020-01-17,6293.7822265625,6301.48486328125,6266.93212890625,6291.6572265625,6291.6572265625,37597900,0.0008923532134115
2020-01-20,6310.5009765625,6312.98876953125,6240.18994140625,6245.04296875,6245.04296875,38818200,-0.0074088997753566
2020-01-21,6251.9970703125,6257.884765625,6226.06396484375,6238.15283203125,6238.15283203125,41929600,-0.0011032969273755
2020-01-22,6241.5751953125,6265.51416015625,6223.18994140625,6233.453125,6233.453125,51077800,-0.0007533811943686
2020-01-23,6243.998046875,6255.04296875,6229.130859375,6249.2099609375,6249.2099609375,41256500,0.0025277860636034
2020-01-24,6242.8349609375,6258.85107421875,6234.8251953125,6244.10888671875,6244.10888671875,38828900,-0.000816275057269
2020-01-27,6240.81787109375,6242.1767578125,6130.92822265625,6133.2080078125,6133.2080078125,43723000,-0.0177608816435178
2020-01-28,6111.18408203125,6111.18408203125,6111.18408203125,6111.18408203125,6111.18408203125,0,-0.0035909308396512
2020-01-29,6123.09521484375,6152.5888671875,6102.7958984375,6113.044921875,6113.044921875,34605300,0.0003044974294297
2020-01-30,6057.59619140625,6057.59619140625,6057.59619140625,6057.59619140625,6057.59619140625,0,-0.0090705583187081
2020-01-31,6076.458984375,6078.93017578125,5937.02197265625,5940.0478515625,5940.0478515625,41508700,-0.0194051132048902
2020-02-03,5920.9677734375,5942.7822265625,5877.201171875,5884.169921875,5884.169921875,34951000,-0.0094069830890001
2020-02-04,5947.5068359375,5952.94677734375,5911.375,5922.3388671875,5922.3388671875,36217700,0.0064867170423823
2020-02-05,5955.51904296875,5978.509765625,5924.3740234375,5978.509765625,5978.509765625,39786600,0.009484580281063
2020-02-06,6002.919921875,6013.69921875,5969.48486328125,5987.14501953125,5987.14501953125,39909700,0.0014443823368661
2020-02-07,5988.05810546875,6004.81201171875,5981.64404296875,5999.60693359375,5999.60693359375,35281700,0.0020814451665771
2020-02-10,5993.376953125,5996.4658203125,5937.380859375,5952.0830078125,5952.0830078125,34305400,-0.0079211732213901
2020-02-11,5974.0,5975.16015625,5946.22021484375,5954.39697265625,5954.39697265625,33700000,0.0003887655532883
2020-02-12,5957.06005859375,5962.34716796875,5895.72412109375,5913.0810546875,5913.0810546875,29256800,-0.0069387241325159
2020-02-13,5921.912109375,5929.4990234375,5860.2548828125,5871.9541015625,5871.9541015625,33248200,-0.0069552493437236
2020-02-14,5857.72119140625,5890.02880859375,5843.43212890625,5866.94482421875,5866.94482421875,27655200,-0.0008530852348482
2020-02-17,5863.9140625,5878.4638671875,5853.59814453125,5867.52294921875,5867.52294921875,28723300,9.853936202253166e-05
2020-02-18,5856.880859375,5907.13916015625,5855.9248046875,5886.9619140625,5886.9619140625,34641400,0.0033129763636183
2020-02-19,5898.89990234375,5928.791015625,5898.701171875,5928.791015625,5928.791015625,34517800,0.0071053800199694
2020-02-20,5941.4501953125,5960.712890625,5929.14501953125,5942.48681640625,5942.48681640625,37350100,0.0023100495101202
2020-02-21,5940.78515625,5944.205078125,5873.73193359375,5882.2548828125,5882.2548828125,36665400,-0.0101358127421434
2020-02-24,5846.14599609375,5863.1240234375,5787.919921875,5807.0498046875,5807.0498046875,40039600,-0.0127850764074748
2020-02-25,5784.73681640625,5814.67919921875,5752.3349609375,5787.13818359375,5787.13818359375,39502600,-0.0034288703840076
2020-02-26,5757.1669921875,5757.740234375,5688.9208984375,5688.9208984375,5688.9208984375,39521300,-0.0169716502423755
2020-02-27,5680.43701171875,5684.2861328125,5526.81689453125,5535.69384765625,5535.69384765625,41308700,-0.0269342909695465
2020-02-28,5436.171875,5456.27587890625,5288.3701171875,5452.7041015625,5452.7041015625,49636800,-0.0149917514186387
2020-03-02,5455.0458984375,5491.134765625,5354.6201171875,5361.24609375,5361.24609375,40235000,-0.0167729636725184
2020-03-03,5431.2958984375,5545.77392578125,5431.2958984375,5518.6279296875,5518.6279296875,42974300,0.0293554582620207
2020-03-04,5524.09423828125,5651.85498046875,5516.80517578125,5650.13623046875,5650.13623046875,45255400,0.0238298907729945
2020-03-05,5688.77880859375,5715.94091796875,5613.71923828125,5638.1298828125,5638.1298828125,40684000,-0.0021249660479875
2020-03-06,5575.56591796875,5577.8017578125,5498.5400390625,5498.5400390625,5498.5400390625,32430900,-0.0247581816402512
2020-03-09,5364.60400390625,5364.60400390625,5133.15087890625,5136.80908203125,5136.80908203125,42737600,-0.0657867278334713
2020-03-10,5149.4931640625,5278.4228515625,5149.4521484375,5220.826171875,5220.826171875,44495700,0.0163558910798622
2020-03-11,5231.60888671875,5264.47998046875,5112.31884765625,5154.10498046875,5154.10498046875,46650100,-0.012779814766805
2020-03-12,5040.96484375,5040.98779296875,4895.748046875,4895.748046875,4895.748046875,36992900,-0.0501264399100875
2020-03-13,4895.748046875,4937.9931640625,4639.9140625,4907.57080078125,4907.57080078125,46288600,0.0024149024404547
2020-03-16,4907.57080078125,4907.57080078125,4677.75,4690.6572265625,4690.6572265625,30471900,-0.0441997849902071
2020-03-17,4690.6572265625,4698.0439453125,4447.9560546875,4456.7490234375,4456.7490234375,30662200,-0.0498668292793624
2020-03-18,4456.7490234375,4473.82421875,4284.6748046875,4330.673828125,4330.673828125,38642900,-0.0282886010967828
2020-03-19,4330.673828125,4330.673828125,4093.714111328125,4105.421875,4105.421875,26383700,-0.0520131420801378
2020-03-20,4105.421875,4238.26318359375,3918.340087890625,4194.94384765625,4194.94384765625,63008300,0.0218057913125553
2020-03-23,4194.94384765625,4194.94384765625,3975.19091796875,3989.51708984375,3989.51708984375,32514300,-0.0489700852437569
2020-03-24,3989.51708984375,4123.56201171875,3911.716064453125,3937.632080078125,3937.632080078125,45744100,-0.0130053358833104
2020-03-26,3937.632080078125,4370.66015625,3935.9140625,4338.90380859375,4338.90380859375,81100100,0.1019068618791991
2020-03-27,4338.90380859375,4697.666015625,4338.90380859375,4545.57080078125,4545.57080078125,77851100,0.0476311532369466
2020-03-30,4545.57080078125,4545.57080078125,4317.7138671875,4414.5,4414.5,27552200,-0.0288348386870846
2020-03-31,4414.5,4569.47314453125,4414.5,4538.93017578125,4538.93017578125,43426600,0.02818669742468
2020-04-01,4538.93017578125,4627.41796875,4445.13818359375,4466.037109375,4466.037109375,41848000,-0.0160595258317018
2020-04-02,4466.037109375,4531.68505859375,4393.6689453125,4531.68505859375,4531.68505859375,46011500,0.0146993738768859
2020-04-03,4531.68505859375,4623.42919921875,4531.68505859375,4623.42919921875,4623.42919921875,58684300,0.0202450389730899
2020-04-06,4623.42919921875,4811.8271484375,4623.42919921875,4811.8271484375,4811.8271484375,70452900,0.0407485312526436
2020-04-07,4811.8271484375,4975.5361328125,4721.72119140625,4778.63916015625,4778.63916015625,86224800,-0.0068971696732761
2020-04-08,4778.63916015625,4780.21484375,4583.90087890625,4626.69482421875,4626.69482421875,45557700,-0.0317965702881261
2020-04-09,4626.69482421875,4669.7099609375,4562.90185546875,4649.0791015625,4649.0791015625,53523100,0.0048380708462936
2020-04-13,4649.0791015625,4659.02978515625,4591.72802734375,4623.89404296875,4623.89404296875,45586600,-0.0054172144727082
2020-04-14,4623.89404296875,4706.4912109375,4623.89404296875,4706.4912109375,4706.4912109375,55226400,0.0178631186617155
2020-04-15,4706.4912109375,4747.72509765625,4605.05419921875,4625.90478515625,4625.90478515625,63059600,-0.0171224001425889
2020-04-16,4480.60693359375,4480.60693359375,4480.60693359375,4480.60693359375,4480.60693359375,0,-0.0314096070521676
2020-04-17,4480.60693359375,4637.2421875,4480.60693359375,4634.82080078125,4634.82080078125,54547300,0.0344180753797589
2020-04-20,4634.82080078125,4669.5419921875,4573.77392578125,4575.90478515625,4575.90478515625,52113500,-0.0127116059406372
2020-04-21,4575.90478515625,4575.90478515625,4482.63916015625,4501.9189453125,4501.9189453125,42328500,-0.0161685706581465
2020-04-22,4501.9189453125,4580.68017578125,4441.08984375,4567.56201171875,4567.56201171875,48368900,0.0145811302255005
2020-04-23,4567.56201171875,4629.02587890625,4567.56201171875,4593.55419921875,4593.55419921875,49463700,0.0056906041851896
2020-04-24,4593.55419921875,4593.830078125,4496.06396484375,4496.06396484375,4496.06396484375,46122600,-0.0212232685513061
2020-04-27,4496.06396484375,4541.31201171875,4474.89306640625,4513.14111328125,4513.14111328125,36774700,0.0037982441021817
2020-04-28,4513.14111328125,4532.37890625,4494.47021484375,4529.55419921875,4529.55419921875,45440500,0.0036367322726071
2020-04-29,4529.55419921875,4568.6650390625,4523.955078125,4567.3232421875,4567.3232421875,41461800,0.0083383576633797
2020-04-30,4567.3232421875,4726.77392578125,4567.3232421875,4716.40283203125,4716.40283203125,60229700,0.0326404727536535
2020-05-04,4716.40283203125,4716.40283203125,4576.22802734375,4605.48681640625,4605.48681640625,39084200,-0.0235170784971373
2020-05-05,4605.48681640625,4667.7861328125,4605.48681640625,4630.1328125,4630.1328125,47829500,0.0053514421116032
2020-05-06,4630.1328125,4647.52490234375,4597.7509765625,4608.7900390625,4608.7900390625,45079300,-0.0046095380633317
2020-05-08,4608.7900390625,4630.5888671875,4586.73876953125,4597.43017578125,4597.43017578125,47798700,-0.0024648255149328
2020-05-11,4597.43017578125,4659.86181640625,4597.43017578125,4639.10498046875,4639.10498046875,45461000,0.0090648042697936
2020-05-12,4639.10498046875,4644.134765625,4552.38720703125,4588.73388671875,4588.73388671875,46906900,-0.0108579335803067
2020-05-13,4588.73388671875,4588.73388671875,4519.97802734375,4554.35888671875,4554.35888671875,45092300,-0.0074911731315455
2020-05-14,4554.35888671875,4564.14990234375,4494.15380859375,4513.833984375,4513.833984375,47342600,-0.0088980476400152
2020-05-15,4513.833984375,4540.4208984375,4460.27294921875,4507.60693359375,4507.60693359375,46257200,-0.0013795480300794
2020-05-18,4507.60693359375,4527.9677734375,4487.17919921875,4511.05810546875,4511.05810546875,45156900,0.0007656328348595
2020-05-19,4511.05810546875,4609.0419921875,4511.05810546875,4548.65576171875,4548.65576171875,51665300,0.0083345537501324
2020-05-20,4548.65576171875,4561.55419921875,4521.47021484375,4545.9521484375,4545.9521484375,42464800,-0.0005943763219022
2020-05-26,4545.9521484375,4634.65283203125,4541.833984375,4626.798828125,4626.798828125,53757500,0.0177843226342115
2020-05-27,4626.798828125,4641.55517578125,4597.3720703125,4641.55517578125,4641.55517578125,60985400,0.0031893212141729
2020-05-28,4641.55517578125,4741.60302734375,4638.80810546875,4716.18505859375,4716.18505859375,68549600,0.0160786374364145
2020-05-29,4716.18505859375,4755.95703125,4704.7880859375,4753.61181640625,4753.61181640625,104791300,0.0079358119640156
2020-06-02,4753.61181640625,4884.01123046875,4753.61181640625,4847.5068359375,4847.5068359375,73135500,0.0197523531911436
2020-06-03,4847.5068359375,4960.07080078125,4847.5068359375,4941.005859375,4941.005859375,101631500,0.0192880642775654
2020-06-04,4941.005859375,5014.76416015625,4899.39013671875,4916.7041015625,4916.7041015625,110933800,-0.0049183827148049
2020-06-05,4916.7041015625,4948.51220703125,4851.14892578125,4947.7822265625,4947.7822265625,86864800,0.0063209264495138
2020-06-08,4947.7822265625,5103.0859375,4947.7822265625,5070.56103515625,5070.56103515625,138169200,0.0248149176684866
2020-06-09,5070.56103515625,5139.40576171875,5023.76708984375,5035.05517578125,5035.05517578125,115140600,-0.0070023532166999
2020-06-10,5035.05517578125,5036.85595703125,4892.81787109375,4920.68212890625,4920.68212890625,84234700,-0.022715351248808
2020-06-11,4920.68212890625,4931.2421875,4812.19287109375,4854.75390625,4854.75390625,71655200,-0.0133981876758424
2020-06-12,4854.75390625,4880.35888671875,4712.0732421875,4880.35888671875,4880.35888671875,80885000,0.0052742077071685
2020-06-15,4880.35888671875,4918.05615234375,4809.619140625,4816.3359375,4816.3359375,64138400,-0.0131184920422512
2020-06-16,4816.3359375,4989.52685546875,4816.3359375,4986.4580078125,4986.4580078125,75836700,0.0353218862886888
2020-06-17,4986.4580078125,5018.98486328125,4968.92578125,4987.77587890625,4987.77587890625,68366200,0.0002642900214311
2020-06-18,4987.77587890625,4993.61376953125,4925.248046875,4925.248046875,4925.248046875,70877500,-0.012536215248902
2020-06-19,4925.248046875,4970.06689453125,4925.248046875,4942.27490234375,4942.27490234375,57556700,0.0034570554227322
2020-06-22,4942.27490234375,4957.666015625,4904.76611328125,4918.8310546875,4918.8310546875,47869800,-0.0047435337207026
2020-06-23,4918.8310546875,4938.39404296875,4879.1328125,4879.1328125,4879.1328125,54884300,-0.0080706659257322
2020-06-24,4879.1328125,4977.65087890625,4879.1328125,4964.73486328125,4964.73486328125,62466500,0.0175445215514411
2020-06-25,4964.73486328125,4964.73486328125,4883.7099609375,4896.72998046875,4896.72998046875,50705900,-0.0136975860111802
2020-06-26,4896.72998046875,4941.13818359375,4882.14111328125,4904.087890625,4904.087890625,44280300,0.001502617090507
2020-06-29,4904.087890625,4909.90576171875,4862.041015625,4901.81787109375,4901.81787109375,44174500,-0.0004628831256449
2020-06-30,4901.81787109375,4939.83984375,4894.1201171875,4905.39208984375,4905.39208984375,51279100,0.0007291618832019
2020-07-01,4905.39208984375,4928.61181640625,4885.60205078125,4914.38818359375,4914.38818359375,43243400,0.0018339194064884
2020-07-02,4914.38818359375,4966.77978515625,4914.38818359375,4966.77978515625,4966.77978515625,55396200,0.010660859420386
2020-07-03,4966.77978515625,4997.48193359375,4964.10791015625,4973.7939453125,4973.7939453125,55723400,0.0014122148473769
2020-07-06,4973.7939453125,5009.34521484375,4973.490234375,4988.8662109375,4988.8662109375,64282100,0.0030303357538976
2020-07-07,4988.8662109375,5011.712890625,4982.333984375,4987.08203125,4987.08203125,72834600,-0.0003576322980135
2020-07-08,4987.08203125,5080.251953125,4985.01708984375,5076.173828125,5076.173828125,73499000,0.0178645140217734
2020-07-09,5076.173828125,5111.56396484375,5041.93017578125,5052.7939453125,5052.7939453125,79794300,-0.0046058081547486
2020-07-10,5052.7939453125,5076.52099609375,5022.169921875,5031.255859375,5031.255859375,67684500,-0.004262609196142
2020-07-13,5031.255859375,5075.09814453125,5024.93408203125,5064.44677734375,5064.44677734375,65331900,0.006596944956974
2020-07-14,5064.44677734375,5079.1220703125,5053.72216796875,5079.1220703125,5079.1220703125,71530500,0.0028977089925006
2020-07-15,5079.1220703125,5116.4638671875,5069.380859375,5075.7978515625,5075.7978515625,82580500,-0.000654486878634
2020-07-16,5075.7978515625,5107.259765625,5075.7978515625,5098.3740234375,5098.3740234375,68710400,0.0044478075241018
2020-07-17,5098.3740234375,5110.43017578125,5073.55712890625,5079.5849609375,5079.5849609375,61709100,-0.0036853048469228
2020-07-20,5079.5849609375,5100.19189453125,5031.88818359375,5051.10595703125,5051.10595703125,68632100,-0.0056065611905807
2020-07-21,5051.10595703125,5135.55908203125,5047.0859375,5114.708984375,5114.708984375,83156800,0.0125919012360478
2020-07-22,5114.708984375,5142.0439453125,5099.56689453125,5110.18701171875,5110.18701171875,79454100,-0.0008841114264885
2020-07-23,5110.22021484375,5162.97998046875,5110.22021484375,5145.009765625,5145.009765625,98800000,0.0068143795572244
2020-07-24,5145.01123046875,5149.58984375,5074.4921875,5082.9912109375,5082.9912109375,97013800,-0.0120541179730814
2020-07-27,5082.9912109375,5116.666015625,5080.12109375,5116.666015625,5116.666015625,103523300,0.0066249976224705
2020-07-28,5116.666015625,5143.2861328125,5097.4189453125,5112.98876953125,5112.98876953125,91890400,-0.0007186801097669
2020-07-29,5111.10986328125,5149.6298828125,5091.39990234375,5149.6298828125,5149.6298828125,80750000,0.0071662808061692
2020-07-30,5111.11279296875,5149.626953125,5091.39990234375,5149.626953125,5149.626953125,80749900,-5.689122454244355e-07
2020-08-03,5149.626953125,5157.27294921875,4928.4677734375,5006.22314453125,5006.22314453125,83815200,-0.0278474168904073
2020-08-04,5006.22314453125,5075.001953125,5006.22314453125,5075.001953125,5075.001953125,73766600,0.0137386621826642
2020-08-05,5075.001953125,5127.05078125,5059.0888671875,5127.05078125,5127.05078125,84611300,0.0102559227771232
2020-08-06,5127.05078125,5187.9638671875,5127.05078125,5178.27197265625,5178.27197265625,90452400,0.0099903811355974
2020-08-07,5178.27197265625,5187.3740234375,5119.68310546875,5143.89306640625,5143.89306640625,91282400,-0.0066390692554459
2020-08-10,5157.833984375,5157.833984375,5157.833984375,5157.833984375,5157.833984375,0,0.0027101881374236
2020-08-11,5157.93017578125,5201.4501953125,5157.93017578125,5190.169921875,5190.169921875,88400000,0.0062692862154845
2020-08-12,5190.166015625,5235.52001953125,5178.458984375,5233.4521484375,5233.4521484375,96807400,0.0083392696605324
2020-08-13,5233.4521484375,5279.34912109375,5218.4130859375,5239.25,5239.25,84601700,0.0011078445733436
2020-08-14,5239.25,5255.3740234375,5221.919921875,5247.68994140625,5247.68994140625,70397600,0.0016109064095528
2020-08-18,5247.68994140625,5316.1328125,5243.9951171875,5295.173828125,5295.173828125,95642400,0.0090485313059531
2020-08-19,5295.173828125,5327.31591796875,5268.5068359375,5272.81005859375,5272.81005859375,92676400,-0.0042234250011711
2020-08-24,5272.81005859375,5294.15380859375,5261.408203125,5277.041015625,5277.041015625,138410800,0.0008024102867794
2020-08-25,5277.041015625,5341.376953125,5276.95703125,5338.88818359375,5338.88818359375,146510200,0.0117200468568701
2020-08-26,5338.88818359375,5351.47119140625,5324.61279296875,5340.328125,5340.328125,137729200,0.0002697081033977
2020-08-27,5340.328125,5371.47216796875,5325.48779296875,5371.47216796875,5371.47216796875,134549700,0.0058318594363055
2020-08-28,5371.47216796875,5381.9482421875,5325.60498046875,5346.6591796875,5346.6591796875,107955900,-0.004619401814872
2020-08-31,5346.6591796875,5369.44677734375,5233.14306640625,5238.48681640625,5238.48681640625,124088000,-0.0202317670990153
2020-09-01,5238.48681640625,5310.67919921875,5219.2080078125,5310.67919921875,5310.67919921875,90465800,0.0137811519514381
2020-09-02,5310.67919921875,5337.09912109375,5295.27685546875,5311.97021484375,5311.97021484375,121613800,0.0002430980250491
2020-09-03,5311.97021484375,5331.16796875,5242.171875,5280.81298828125,5280.81298828125,136923000,-0.0058654746360276
2020-09-04,5280.81298828125,5280.81298828125,5188.60888671875,5239.85107421875,5239.85107421875,95095800,-0.0077567439243539
2020-09-07,5235.009765625,5245.34912109375,5195.865234375,5230.19580078125,5230.19580078125,80111600,-0.0018426618048376
2020-09-08,5232.91796875,5256.30517578125,5232.91796875,5244.07177734375,5244.07177734375,103353200,0.0026530510694124
2020-09-09,5214.0322265625,5216.02001953125,5135.81201171875,5149.3759765625,5149.3759765625,101220300,-0.0180576858597492
2020-09-10,5084.326171875,5084.48388671875,4878.27978515625,4891.4609375,4891.4609375,82384700,-0.0500866590896462
2020-09-11,4804.64404296875,5016.7119140625,4754.798828125,5016.7119140625,5016.7119140625,125812400,0.0256060465703147
2020-09-14,5060.02392578125,5161.828125,5059.26708984375,5161.828125,5161.828125,109865600,0.0289265585553597
2020-09-15,5169.2451171875,5187.27880859375,5091.2939453125,5100.865234375,5100.865234375,113645500,-0.0118103294314938
2020-09-16,5108.1279296875,5117.287109375,5051.75390625,5058.48193359375,5058.48193359375,88769100,-0.0083090414731262
2020-09-17,5058.9501953125,5099.5771484375,5013.18603515625,5038.40087890625,5038.40087890625,85305000,-0.0039697788686642
2020-09-18,5037.369140625,5072.68017578125,5023.44384765625,5059.22314453125,5059.22314453125,105751600,0.0041327131614663
2020-09-21,5058.990234375,5075.81884765625,4987.748046875,4999.35986328125,4999.35986328125,106452100,-0.0118325046237007
2020-09-22,4947.73095703125,4978.44091796875,4919.10986328125,4934.0927734375,4934.0927734375,74792200,-0.0130550893771653
2020-09-23,4946.5029296875,4984.23876953125,4873.02099609375,4917.955078125,4917.955078125,70609200,-0.0032706509693892
2020-09-24,4876.35107421875,4897.3369140625,4820.3310546875,4842.755859375,4842.755859375,65673400,-0.0152907494182866
2020-09-25,4867.962890625,4949.30322265625,4848.02490234375,4945.791015625,4945.791015625,88843900,0.0212761409498964
2020-09-28,4962.953125,4991.76220703125,4905.51123046875,4906.5478515625,4906.5478515625,83772300,-0.0079346587711695
2020-09-29,4929.3330078125,4950.9677734375,4859.7861328125,4879.09814453125,4879.09814453125,86481700,-0.005594505110657
2020-09-30,4896.43212890625,4903.86376953125,4841.36181640625,4870.0390625,4870.0390625,85378000,-0.0018567124011235
2020-10-01,4899.64404296875,4970.09423828125,4898.9970703125,4970.09423828125,4970.09423828125,96362100,0.0205450458399172
2020-10-02,4969.2451171875,4972.8232421875,4881.9130859375,4926.73388671875,4926.73388671875,88815300,-0.0087242513891436
2020-10-05,4947.0400390625,4962.79296875,4915.68505859375,4958.76904296875,4958.76904296875,70868100,0.0065023110617683
2020-10-06,5004.39599609375,5023.89404296875,4992.48193359375,4999.22119140625,4999.22119140625,108547800,0.0081576996401675
2020-10-07,4976.56787109375,5014.60986328125,4962.08984375,5004.3271484375,5004.3271484375,92870700,0.0010213504935583
2020-10-08,5018.73681640625,5039.14208984375,5001.51904296875,5039.14208984375,5039.14208984375,80288700,0.0069569675150276
2020-10-09,5036.47607421875,5057.8359375,5029.15185546875,5053.6630859375,5053.6630859375,69016600,0.002881640532228
2020-10-12,5078.12890625,5103.5029296875,5078.12890625,5093.09912109375,5093.09912109375,91642100,0.0078034555303034
2020-10-13,5093.421875,5132.958984375,5064.1708984375,5132.57177734375,5132.57177734375,110621000,0.0077502234516737
2020-10-14,5134.662109375,5177.9248046875,5125.044921875,5176.09912109375,5176.09912109375,119876700,0.0084806108201231
2020-10-15,5172.5908203125,5182.53076171875,5105.14990234375,5105.14990234375,5105.14990234375,110523700,-0.0137070827065243
2020-10-16,5111.43408203125,5115.55810546875,5067.5888671875,5103.4140625,5103.4140625,92480400,-0.0003400174092739
2020-10-19,5116.7578125,5128.65185546875,5090.77685546875,5126.330078125,5126.330078125,111112200,0.0044903304619916
2020-10-20,5120.9130859375,5135.078125,5080.9560546875,5099.83984375,5099.83984375,88592600,-0.005167485115334
2020-10-21,5116.7900390625,5131.5068359375,5083.66015625,5096.44580078125,5096.44580078125,104786700,-0.0006655195207569
2020-10-22,5084.7900390625,5093.8251953125,5063.69677734375,5091.81591796875,5091.81591796875,122922500,-0.0009084532620341
2020-10-23,5112.787109375,5121.02001953125,5095.5068359375,5112.18798828125,5112.18798828125,95498300,0.0040009439934007
2020-10-26,5113.14892578125,5158.26513671875,5113.02294921875,5144.048828125,5144.048828125,103314100,0.0062323294676926
2020-10-27,5133.537109375,5155.56591796875,5110.6181640625,5128.22509765625,5128.22509765625,107122400,-0.0030761236911738
2020-11-02,5108.02880859375,5130.68603515625,5073.5,5115.1279296875,5115.1279296875,97646200,-0.0025539378087626
2020-11-03,5133.98193359375,5162.34716796875,5131.94921875,5159.4521484375,5159.4521484375,101351100,0.008665319686874
2020-11-04,5170.8232421875,5188.0087890625,5105.19921875,5105.19921875,5105.19921875,103974300,-0.0105152500937391
2020-11-05,5161.39013671875,5260.326171875,5161.39013671875,5260.326171875,5260.326171875,108832000,0.0303860724093314
2020-11-06,5276.1640625,5335.52880859375,5246.701171875,5335.52880859375,5335.52880859375,104732100,0.0142961927191569
2020-11-09,5371.97119140625,5395.7119140625,5319.419921875,5356.0048828125,5356.0048828125,121516500,0.003837684127161
2020-11-10,5424.73193359375,5469.18310546875,5412.59423828125,5462.73876953125,5462.73876953125,149596500,0.0199278919743446
2020-11-11,5475.56494140625,5520.908203125,5471.591796875,5509.51318359375,5509.51318359375,165238700,0.0085624475260261
2020-11-12,5494.48486328125,5500.416015625,5449.796875,5458.60205078125,5458.60205078125,119777900,-0.0092405864394885
2020-11-13,5449.10107421875,5466.56396484375,5427.6318359375,5461.05810546875,5461.05810546875,113428800,0.0004499420666044
2020-11-16,5500.0341796875,5519.67919921875,5462.4599609375,5494.8720703125,5494.8720703125,119907500,0.006191833924984
2020-11-17,5516.580078125,5562.537109375,5515.51904296875,5529.93994140625,5529.93994140625,146811400,0.0063819267573512
2020-11-18,5530.8759765625,5574.72802734375,5530.8759765625,5557.51806640625,5557.51806640625,140753000,0.0049870568744345
2020-11-19,5541.421875,5598.52392578125,5541.31396484375,5594.05908203125,5594.05908203125,166665200,0.0065750601596565
2020-11-20,5602.783203125,5628.44189453125,5563.65478515625,5571.65576171875,5571.65576171875,215797300,-0.0040048415620889
2020-11-23,5583.330078125,5652.76416015625,5583.330078125,5652.76416015625,5652.76416015625,189943100,0.01455732405343
2020-11-24,5677.2998046875,5710.380859375,5667.3681640625,5701.02880859375,5701.02880859375,240469400,0.0085382384741425
2020-11-25,5735.13623046875,5770.6611328125,5666.76416015625,5679.2470703125,5679.2470703125,325423300,-0.0038206679903838
2020-11-26,5669.6640625,5759.916015625,5669.6640625,5759.916015625,5759.916015625,248292500,0.0142041619802359
2020-11-27,5773.55517578125,5795.8359375,5745.884765625,5783.3349609375,5783.3349609375,251434900,0.0040658483993465
2020-11-30,5779.6708984375,5798.2919921875,5563.86181640625,5612.4150390625,5612.4150390625,319900500,-0.0295538686639192
2020-12-01,5637.89404296875,5736.31884765625,5594.27783203125,5724.7421875,5724.7421875,209477700,0.0200140487928461
2020-12-02,5755.17578125,5813.98681640625,5734.26123046875,5813.98681640625,5813.98681640625,219110200,0.0155892834966639
2020-12-03,5833.3232421875,5853.15576171875,5797.01318359375,5822.94189453125,5822.94189453125,238397400,0.0015402646080535
2020-12-04,5820.81982421875,5823.32421875,5775.56982421875,5810.48291015625,5810.48291015625,173857900,-0.0021396374205109
2020-12-07,5854.30322265625,5941.35205078125,5854.30322265625,5930.7587890625,5930.7587890625,226790300,0.0206998077037654
2020-12-08,5947.658203125,5961.77880859375,5911.09814453125,5944.4091796875,5944.4091796875,294205100,0.002301626336612
2020-12-10,5976.9990234375,6004.4228515625,5911.9140625,5933.6982421875,5933.6982421875,264587600,-0.00180185064255
2020-12-11,5946.35888671875,5976.56884765625,5924.37109375,5938.3291015625,5938.3291015625,217654500,0.000780433919284
2020-12-14,5959.27490234375,6013.951171875,5959.27490234375,6012.51611328125,6012.51611328125,226876100,0.0124929101183075
2020-12-15,6013.51123046875,6023.21484375,5965.80517578125,6010.1279296875,6010.1279296875,194411200,-0.0003972020280286
2020-12-16,6046.8662109375,6123.953125,6046.8662109375,6118.40185546875,6118.40185546875,291042900,0.0180152447748112
2020-12-17,6133.09619140625,6160.97705078125,6075.83203125,6113.3818359375,6113.3818359375,321737000,-0.000820478884819
2020-12-18,6106.2509765625,6142.85791015625,6091.39794921875,6104.32421875,6104.32421875,257981400,-0.0014816050151251
2020-12-21,6131.623046875,6195.15380859375,6119.91796875,6165.6240234375,6165.6240234375,238612700,0.0100420296319143
2020-12-22,6146.64599609375,6174.458984375,6010.2109375,6023.2890625,6023.2890625,250085200,-0.0230852482078763
2020-12-23,6061.84814453125,6104.35498046875,5853.26123046875,6008.708984375,6008.708984375,203528500,-0.0024206173692996
2020-12-28,6067.0,6095.0078125,5979.90478515625,6093.55419921875,6093.55419921875,180855700,0.0141203734553263
2020-12-29,6112.72021484375,6143.8701171875,6026.705078125,6036.173828125,6036.173828125,175135000,-0.0094165685932696
2020-12-30,6052.12109375,6055.97021484375,5962.009765625,5979.0732421875,5979.0732421875,170039300,-0.0094597318704515
2021-01-04,5997.830078125,6104.89794921875,5929.0478515625,6104.89794921875,6104.89794921875,183917000,0.0210441822561142
2021-01-05,6105.7939453125,6145.61279296875,6073.416015625,6137.3427734375,6137.3427734375,174687000,0.0053145563592758
2021-01-06,6139.13720703125,6166.62890625,5987.78515625,6065.68212890625,6065.68212890625,199163800,-0.0116761678753545
2021-01-07,6091.716796875,6158.037109375,6090.36083984375,6153.6328125,6153.6328125,227517900,0.0144997185353017
2021-01-08,6190.9482421875,6275.7421875,6190.10107421875,6257.8349609375,6257.8349609375,221751300,0.0169334361689297
2021-01-11,6278.4130859375,6382.93701171875,6278.3740234375,6382.93701171875,6382.93701171875,297901100,0.0199912671973867
2021-01-12,6393.90283203125,6435.9599609375,6353.30712890625,6395.6689453125,6395.6689453125,279603400,0.0019946826312675
2021-01-13,6439.93408203125,6464.35009765625,6393.89892578125,6435.205078125,6435.205078125,343008100,0.006181704079833
2021-01-14,6445.90087890625,6465.5322265625,6407.56982421875,6428.31494140625,6428.31494140625,344812000,-0.001070694194684
2021-01-15,6447.98486328125,6472.31201171875,6341.2509765625,6373.412109375,6373.412109375,262275900,-0.0085407812983163
2021-01-18,6365.02587890625,6428.31494140625,6316.875,6389.833984375,6389.833984375,337569400,0.0025766221794827
2021-01-19,6421.86083984375,6434.8427734375,6288.97802734375,6321.85595703125,6321.85595703125,223716900,-0.0106384653357154
2021-01-20,6334.51220703125,6440.796875,6299.39208984375,6429.7578125,6429.7578125,190944100,0.0170680661188966
2021-01-21,6476.09423828125,6504.9921875,6399.666015625,6413.89208984375,6413.89208984375,171080400,-0.0024675459199109
2021-01-22,6419.5732421875,6428.4970703125,6283.31298828125,6307.126953125,6307.126953125,157918500,-0.0166459203278163
2021-01-25,6322.51904296875,6322.72705078125,6148.30712890625,6258.57177734375,6258.57177734375,154806200,-0.0076984617785744
2021-01-26,6252.7138671875,6269.6650390625,6123.0087890625,6140.1708984375,6140.1708984375,172159800,-0.0189181946166799
2021-01-27,6153.078125,6154.60498046875,5998.89892578125,6109.16796875,6109.16796875,181402600,-0.0050491965452279
2021-01-28,6065.7880859375,6123.4609375,5957.5517578125,5979.38720703125,5979.38720703125,157336200,-0.0212436067206881
2021-01-29,6010.3427734375,6068.1279296875,5825.2919921875,5862.35205078125,5862.35205078125,147664800,-0.0195731020918625
2021-02-01,5856.77685546875,6070.73486328125,5735.46923828125,6067.544921875,6067.544921875,208886800,0.0350017995023694
2021-02-02,6119.01123046875,6157.2490234375,6018.09423828125,6043.8408203125,6043.8408203125,227307800,-0.0039067039251807
2021-02-03,6096.583984375,6137.68115234375,6047.412109375,6077.7451171875,6077.7451171875,153874400,0.00560972697379
2021-02-04,6111.7578125,6179.3681640625,6069.5498046875,6107.2158203125,6107.2158203125,148241900,0.0048489534451945
2021-02-05,6136.39306640625,6151.72900390625,6090.98095703125,6151.72900390625,6151.72900390625,134669100,0.0072886213461951
2021-02-08,6193.55078125,6224.4140625,6180.73193359375,6208.8662109375,6208.8662109375,161586900,0.0092879915540766
2021-02-09,6232.10205078125,6286.291015625,6157.134765625,6181.671875,6181.671875,175273400,-0.0043799197814239
2021-02-10,6198.0322265625,6216.93896484375,6168.01318359375,6201.828125,6201.828125,122608700,0.0032606470235854
2021-02-11,6221.6337890625,6232.85009765625,6194.009765625,6222.52099609375,6222.52099609375,104014000,0.003336576034788
2021-02-15,6244.384765625,6283.4150390625,6244.384765625,6270.32421875,6270.32421875,123956100,0.0076822919016679
2021-02-16,6291.0078125,6308.81103515625,6274.35302734375,6292.39599609375,6292.39599609375,144173700,0.0035200376525585
2021-02-17,6292.97021484375,6314.55517578125,6209.31494140625,6227.72802734375,6227.72802734375,169907100,-0.0102771613214021
2021-02-18,6230.35693359375,6281.35791015625,6200.30810546875,6200.30810546875,6200.30810546875,167455200,-0.0044028772217747
2021-02-19,6196.89892578125,6231.93212890625,6173.59423828125,6231.93212890625,6231.93212890625,133625600,0.0051003954802837
2021-02-22,6267.02490234375,6312.873046875,6255.31201171875,6255.31201171875,6255.31201171875,145005700,0.0037516266751453
2021-02-23,6267.4541015625,6279.14306640625,6241.951171875,6272.80712890625,6272.80712890625,126272800,0.0027968416530981
2021-02-24,6283.794921875,6294.14013671875,6223.64892578125,6251.05419921875,6251.05419921875,152221800,-0.0034678142082925
2021-02-25,6280.72705078125,6309.7578125,6274.4970703125,6289.64599609375,6289.64599609375,237490100,0.0061736461795232
2021-02-26,6246.31689453125,6302.39404296875,6184.51708984375,6241.7958984375,6241.7958984375,219493200,-0.0076077568890153
2021-03-01,6281.85693359375,6339.0087890625,6261.55908203125,6338.51318359375,6338.51318359375,173079500,0.0154951053719107
2021-03-02,6367.43896484375,6388.12109375,6329.498046875,6359.205078125,6359.205078125,180676700,0.0032644713250431
2021-03-03,6378.7978515625,6394.4521484375,6334.244140625,6376.7568359375,6376.7568359375,242358700,0.0027600553208884
2021-03-04,6355.3759765625,6369.4111328125,6270.10791015625,6290.798828125,6290.798828125,238207200,-0.0134798942509563
2021-03-05,6263.0439453125,6307.68310546875,6245.30810546875,6258.7490234375,6258.7490234375,153557700,-0.0050947114290496
2021-03-08,6304.0,6325.51513671875,6239.0498046875,6248.46484375,6248.46484375,155718400,-0.001643168570746
2021-03-09,6258.669921875,6267.423828125,6167.7177734375,6199.64697265625,6199.64697265625,188106700,-0.0078127783886917
2021-03-10,6233.6162109375,6276.158203125,6225.455078125,6264.67919921875,6264.67919921875,121957600,0.0104896660808795
2021-03-12,6316.880859375,6364.35693359375,6298.52294921875,6358.208984375,6358.208984375,186241800,0.0149297006569648
2021-03-15,6374.76220703125,6387.73583984375,6324.2587890625,6324.2587890625,6324.2587890625,137895500,-0.0053395846842925
2021-03-16,6347.18896484375,6355.4111328125,6296.89697265625,6309.69921875,6309.69921875,155061500,-0.0023021781363027
2021-03-17,6318.06884765625,6321.3369140625,6268.8388671875,6277.22802734375,6277.22802734375,138044900,-0.0051462344369376
2021-03-18,6309.5751953125,6358.42578125,6307.0,6347.8291015625,6347.8291015625,149718200,0.0112471737383459
2021-03-19,6346.0087890625,6356.16015625,6307.10107421875,6356.16015625,6356.16015625,162089200,0.0013124258000973
2021-03-22,6346.794921875,6354.93896484375,6290.02197265625,6301.130859375,6301.130859375,128638500,-0.0086576322059616
2021-03-23,6331.6982421875,6342.1298828125,6245.9912109375,6252.7119140625,6252.7119140625,173805000,-0.007684167555489
2021-03-24,6231.712890625,6239.546875,6143.380859375,6156.14013671875,6156.14013671875,138290000,-0.0154447827872187
2021-03-25,6159.619140625,6176.4267578125,6058.8427734375,6122.8759765625,6122.8759765625,147353000,-0.0054034117836018
2021-03-26,6141.60595703125,6195.56201171875,6106.078125,6195.56201171875,6195.56201171875,124284100,0.0118712244759622
2021-03-29,6205.56884765625,6230.990234375,6165.55322265625,6166.81787109375,6166.81787109375,114609800,-0.0046394726694093
2021-03-30,6163.72119140625,6170.6689453125,6046.4677734375,6071.44189453125,6071.44189453125,118686600,-0.0154659953571134
2021-03-31,6062.9501953125,6066.8369140625,5892.64501953125,5985.52197265625,5985.52197265625,123071400,-0.0141514854901915
2021-04-01,5988.02294921875,6020.1640625,5960.81689453125,6011.4560546875,6011.4560546875,106367400,0.0043328020763644
2021-04-05,6040.05517578125,6051.62109375,5964.48388671875,5970.2861328125,5970.2861328125,122053600,-0.0068485773663599
2021-04-06,5973.98681640625,6008.5048828125,5944.4208984375,6002.77001953125,6002.77001953125,126386100,0.0054409262799348
2021-04-07,6011.9580078125,6040.4560546875,5982.06689453125,6036.6162109375,6036.6162109375,141523800,0.0056384288080544
2021-04-08,6035.037109375,6073.9140625,6030.2861328125,6071.72412109375,6071.72412109375,169546400,0.0058158261067913
2021-04-09,6101.72314453125,6113.15576171875,6070.208984375,6070.208984375,6070.208984375,161275600,-0.0002495397828577
2021-04-12,6080.7919921875,6088.828125,5942.7138671875,5948.56884765625,5948.56884765625,130244200,-0.0200388713192342
2021-04-13,5944.52587890625,5957.61181640625,5883.52392578125,5927.43505859375,5927.43505859375,107375400,-0.003552751864144
2021-04-14,5964.02978515625,6050.27587890625,5962.31689453125,6050.27587890625,6050.27587890625,141883200,0.0207241106985056
2021-04-15,6057.61083984375,6079.5009765625,6029.15380859375,6079.5009765625,6079.5009765625,132167700,0.0048303743897266
2021-04-16,6102.3779296875,6115.6201171875,6062.921875,6086.2578125,6086.2578125,158024500,0.0011114129208218
2021-04-19,6084.78515625,6096.9951171875,6031.83203125,6052.5400390625,6052.5400390625,159845500,-0.0055399844167379
2021-04-20,6029.9921875,6045.69384765625,5997.9482421875,6038.32177734375,6038.32177734375,106712400,-0.0023491396383975
2021-04-21,6010.26806640625,6025.5,5989.98388671875,5993.2421875,5993.2421875,117327800,-0.0074655825750943
2021-04-22,6004.7939453125,6024.93798828125,5980.455078125,5994.18408203125,5994.18408203125,139778300,0.0001571594308693
2021-04-23,6000.912109375,6027.05908203125,5973.2470703125,6016.86376953125,6016.86376953125,151530300,0.0037836154495132
2021-04-26,6018.33984375,6027.7529296875,5955.6181640625,5964.82080078125,5964.82080078125,122797700,-0.0086495175465896
2021-04-27,5986.99609375,6003.91796875,5950.8681640625,5959.62109375,5959.62109375,122928600,-0.0008717289596644
2021-04-28,5959.951171875,5981.89599609375,5953.94287109375,5974.47900390625,5974.47900390625,127681000,0.0024930964439722
2021-04-29,6005.798828125,6019.02490234375,5987.7431640625,6012.9609375,6012.9609375,130962400,0.0064410526120501
2021-04-30,6026.52783203125,6033.89990234375,5985.02197265625,5995.6162109375,5995.6162109375,136841700,-0.0028845566673033
2021-05-03,5999.6611328125,6004.0078125,5938.8759765625,5952.59716796875,5952.59716796875,152015700,-0.0071750828364017
2021-05-04,5955.39501953125,5974.68212890625,5932.31787109375,5963.81982421875,5963.81982421875,141538100,0.0018853377665786
2021-05-05,5974.56005859375,5992.93212890625,5971.30908203125,5975.9111328125,5975.9111328125,131241100,0.0020274436435265
2021-05-06,5987.06591796875,6005.087890625,5950.89990234375,5970.240234375,5970.240234375,120448300,-0.0009489596333456
2021-05-07,5987.330078125,5994.330078125,5922.4931640625,5928.30908203125,5928.30908203125,121835200,-0.0070233609867693
2021-05-10,5942.10595703125,5985.3720703125,5941.9267578125,5975.787109375,5975.787109375,120144700,0.00800869635621
2021-05-11,5965.85205078125,5966.6640625,5911.3759765625,5938.35107421875,5938.35107421875,120811100,-0.0062646199523271
2021-05-17,5950.13720703125,5958.79296875,5817.70703125,5833.85986328125,5833.85986328125,150604900,-0.017595997547391
2021-05-18,5836.083984375,5855.6669921875,5782.77685546875,5834.39404296875,5834.39404296875,160329900,9.156539581312018e-05
2021-05-19,5817.13623046875,5828.2109375,5752.2568359375,5760.583984375,5760.583984375,138298600,-0.0126508525221571
2021-05-20,5759.6298828125,5814.77978515625,5751.3408203125,5797.59716796875,5797.59716796875,114025600,0.006425248498094
2021-05-21,5824.10986328125,5838.22900390625,5742.0380859375,5773.1201171875,5773.1201171875,133703000,-0.0042219302362854
2021-05-24,5793.06689453125,5805.15283203125,5759.33984375,5763.6318359375,5763.6318359375,141371900,-0.0016435274266599
2021-05-25,5772.93701171875,5848.55419921875,5769.287109375,5815.83984375,5815.83984375,144613700,0.0090581788182533
2021-05-27,5850.501953125,5904.837890625,5841.828125,5841.828125,5841.828125,211859200,0.0044685345450026
2021-05-28,5875.27099609375,5891.47216796875,5833.3427734375,5848.6162109375,5848.6162109375,181542500,0.0011619797420006
2021-05-31,5869.2177734375,5947.462890625,5860.5361328125,5947.462890625,5947.462890625,169049900,0.016900866140378
2021-06-02,6002.48095703125,6031.578125,5991.5068359375,6031.578125,6031.578125,178537100,0.0141430448448178
2021-06-03,6038.85693359375,6091.51318359375,6005.63623046875,6091.51318359375,6091.51318359375,181262300,0.0099368784340747
2021-06-04,6091.1298828125,6103.85888671875,6043.85693359375,6065.166015625,6065.166015625,158659400,-0.004325225469381
2021-06-07,6075.5068359375,6088.0,6050.80078125,6069.93505859375,6069.93505859375,200000700,0.000786300483196
2021-06-08,6071.25,6075.88623046875,5992.1181640625,5999.369140625,5999.369140625,265159600,-0.0116254815393525
2021-06-09,5973.0361328125,6047.47509765625,5972.44921875,6047.47509765625,6047.47509765625,239289300,0.0080185025964643
2021-06-10,6065.92578125,6111.44580078125,6064.93310546875,6107.5380859375,6107.5380859375,215823100,0.0099319116344154
2021-06-11,6118.3798828125,6134.8818359375,6084.23876953125,6095.4970703125,6095.4970703125,196526600,-0.0019715007021772
2021-06-14,6110.796875,6124.8720703125,6071.72509765625,6080.3837890625,6080.3837890625,196186700,-0.0024794173593499
2021-06-15,6085.36083984375,6091.3671875,6051.2451171875,6089.0380859375,6089.0380859375,163564500,0.0014233142471313
2021-06-16,6071.43896484375,6114.09619140625,6049.5751953125,6078.56787109375,6078.56787109375,152950200,-0.0017195186983525
2021-06-17,6063.537109375,6082.2919921875,6034.8271484375,6068.44677734375,6068.44677734375,205095900,-0.0016650457747013
2021-06-18,6065.51904296875,6070.416015625,5944.05322265625,6007.1201171875,6007.1201171875,238006900,-0.0101058248356415
2021-06-21,5959.96484375,6021.494140625,5884.91796875,5996.2529296875,5996.2529296875,159997500,-0.0018090511406467
2021-06-22,6006.6650390625,6118.86181640625,6006.6650390625,6087.841796875,6087.841796875,151167900,0.0152743502086183
2021-06-23,6095.89501953125,6130.09619140625,6034.54296875,6034.54296875,6034.54296875,199578400,-0.0087549627443274
2021-06-24,6052.080078125,6060.48876953125,6003.19677734375,6012.05615234375,6012.05615234375,168548200,-0.003726349538432
2021-06-25,6027.22021484375,6067.791015625,6019.40478515625,6022.39892578125,6022.39892578125,172441600,0.0017203387951505
2021-06-28,6015.27880859375,6030.89013671875,5939.47119140625,5939.47119140625,5939.47119140625,145849200,-0.0137698839610234
2021-06-29,5944.2421875,5992.86376953125,5913.5908203125,5949.0498046875,5949.0498046875,188801800,0.0016127047295235
2021-06-30,5950.43310546875,6011.2568359375,5950.423828125,5985.48876953125,5985.48876953125,203167100,0.0061251739420702
2021-07-01,6001.12109375,6039.0341796875,5969.09912109375,6005.9580078125,6005.9580078125,140966500,0.0034198106569753
2021-07-02,6020.07421875,6043.43212890625,6014.87109375,6023.0078125,6023.0078125,146766100,0.0028388151674256
2021-07-05,6024.1650390625,6036.97900390625,5985.35400390625,6005.60888671875,6005.60888671875,131732000,-0.0028887436846986
2021-07-06,6015.5810546875,6054.60791015625,6013.06201171875,6047.11083984375,6047.11083984375,161021000,0.0069105321221933
2021-07-07,6062.76904296875,6066.994140625,6022.30517578125,6044.037109375,6044.037109375,165513600,-0.0005082973588804
2021-07-08,6052.80419921875,6080.22216796875,6028.60791015625,6039.89599609375,6039.89599609375,159513500,-0.0006851568258617
2021-07-09,6037.00390625,6060.541015625,6026.5478515625,6039.84423828125,6039.84423828125,136425200,-8.569321811702224e-06
2021-07-12,6060.05419921875,6097.1201171875,6055.98583984375,6078.56787109375,6078.56787109375,135385400,0.0064113628240716
2021-07-13,6097.22900390625,6114.2861328125,6004.82177734375,6012.0322265625,6012.0322265625,172635900,-0.0109459408765765
2021-07-14,6008.2412109375,6013.0419921875,5947.6181640625,5979.21484375,5979.21484375,138499900,-0.0054586172488406
2021-07-15,5986.64990234375,6046.75390625,5982.80419921875,6046.75390625,6046.75390625,141035200,0.0112956406927906
2021-07-16,6063.421875,6079.13916015625,6051.7578125,6072.509765625,6072.509765625,129367700,0.0042594522241723
2021-07-19,6062.9658203125,6063.64697265625,6015.14892578125,6017.39404296875,6017.39404296875,123010800,-0.009076267438588
2021-07-21,6034.57177734375,6053.19287109375,6020.86376953125,6029.97607421875,6029.97607421875,153050600,0.0020909435480134
2021-07-22,6057.541015625,6137.546875,6057.541015625,6137.546875,6137.546875,178417800,0.0178393412274338
2021-07-23,6145.76123046875,6166.30517578125,6090.60302734375,6101.68994140625,6101.68994140625,143269200,-0.0058422256194581
2021-07-26,6109.03076171875,6137.0458984375,6091.01513671875,6106.39404296875,6106.39404296875,156210200,0.0007709506067454
2021-07-27,6120.92919921875,6144.5849609375,6068.51220703125,6097.048828125,6097.048828125,179173700,-0.0015303982641786
2021-07-28,6094.541015625,6116.5048828125,6074.8671875,6088.52294921875,6088.52294921875,161217600,-0.001398361592074
2021-07-29,6106.61181640625,6135.34912109375,6096.5029296875,6120.72705078125,6120.72705078125,178890400,0.0052893126676367
2021-07-30,6136.3681640625,6160.462890625,6069.83984375,6070.0390625,6070.0390625,193641700,-0.0082813672069856
2021-08-02,6098.0078125,6112.8291015625,6048.10107421875,6096.54296875,6096.54296875,216299000,0.0043663485485188
2021-08-03,6107.99609375,6142.51513671875,6105.10986328125,6130.57080078125,6130.57080078125,226801300,0.0055814963013747
2021-08-04,6142.47509765625,6163.81494140625,6112.72021484375,6159.03515625,6159.03515625,271201100,0.0046430187977148
2021-08-05,6174.60791015625,6218.64599609375,6173.57421875,6205.4169921875,6205.4169921875,268332500,0.0075306983579128
2021-08-06,6223.833984375,6263.5390625,6190.85693359375,6203.43115234375,6203.43115234375,245459900,-0.0003200171473166
2021-08-09,6203.7470703125,6239.01513671875,6110.546875,6127.4560546875,6127.4560546875,293622300,-0.0122472702268237
2021-08-10,6139.33984375,6147.76513671875,6042.47509765625,6088.408203125,6088.408203125,205029900,-0.0063726040976872
2021-08-12,6092.2451171875,6139.80810546875,6051.85205078125,6139.65185546875,6139.65185546875,206955800,0.0084165927503756
2021-08-13,6154.0517578125,6179.89599609375,6113.26318359375,6139.4921875,6139.4921875,163739300,-2.600602974056621e-05
2021-08-16,6144.94287109375,6147.30419921875,6056.73681640625,6087.9130859375,6087.9130859375,171745600,-0.008401199966915
2021-08-18,6109.56103515625,6136.2822265625,6040.60302734375,6118.14990234375,6118.14990234375,208983000,0.0049666964655086
2021-08-19,6110.5498046875,6111.01220703125,5958.0439453125,5992.32177734375,5992.32177734375,214361500,-0.0205663684297433
2021-08-20,5988.7578125,6030.77197265625,5938.4072265625,6030.77197265625,6030.77197265625,200995800,0.0064165772034932
2021-08-23,6037.7001953125,6109.828125,6037.7001953125,6109.828125,6109.828125,193786700,0.0131087948113763
2021-08-24,6114.6669921875,6138.4970703125,6053.5732421875,6089.4970703125,6089.4970703125,238973300,-0.0033275984645639
2021-08-25,6094.14501953125,6131.91015625,6093.09521484375,6113.240234375,6113.240234375,214295900,0.0038990353042869
2021-08-26,6107.0400390625,6119.6572265625,6034.0498046875,6058.080078125,6058.080078125,172987800,-0.0090230637330154
2021-08-27,6052.8271484375,6066.4912109375,6021.9541015625,6041.3662109375,6041.3662109375,156989800,-0.0027589379757213
2021-08-30,6062.11279296875,6144.90185546875,6062.11279296875,6144.90185546875,6144.90185546875,159300800,0.0171377865397077
2021-08-31,6148.76806640625,6158.06982421875,6117.5029296875,6150.298828125,6150.298828125,189133300,0.0008782845980601
2021-09-01,6157.82080078125,6169.05615234375,6089.23291015625,6090.93310546875,6090.93310546875,194563800,-0.0096524940194407
2021-09-02,6092.65087890625,6110.0498046875,6054.28076171875,6078.22900390625,6078.22900390625,179403300,-0.0020857397943007
2021-09-03,6085.6279296875,6126.9208984375,6056.18603515625,6126.9208984375,6126.9208984375,171489500,0.0080108687086251
2021-09-06,6137.1259765625,6150.35791015625,6100.93115234375,6126.93798828125,6126.93798828125,173887900,2.789303800820875e-06
2021-09-07,6135.8701171875,6145.48876953125,6100.94384765625,6112.39990234375,6112.39990234375,180693200,-0.0023728142777528
2021-09-08,6114.47705078125,6123.755859375,6001.5791015625,6026.02001953125,6026.02001953125,196394300,-0.0141319095923972
2021-09-09,6024.31689453125,6072.64306640625,5982.76611328125,6068.21923828125,6068.21923828125,214651900,0.0070028341447962
2021-09-10,6059.15478515625,6102.8310546875,6047.60888671875,6094.873046875,6094.873046875,192886100,0.0043923608470841
2021-09-13,6080.06201171875,6094.98779296875,6052.97021484375,6088.1572265625,6088.1572265625,158870000,-0.0011018802624516
2021-09-14,6100.62890625,6130.86279296875,6099.158203125,6129.09521484375,6129.09521484375,201683300,0.0067242002395466
2021-09-15,6123.91015625,6125.333984375,6100.00390625,6110.22900390625,6110.22900390625,188698800,-0.0030781396398947
2021-09-16,6126.55517578125,6137.6689453125,6098.876953125,6109.94189453125,6109.94189453125,218872800,-4.698831661076319e-05
2021-09-17,6098.8779296875,6133.24609375,6086.083984375,6133.24609375,6133.24609375,224719500,0.0038141441638928
2021-09-20,6132.0341796875,6133.1708984375,6053.93212890625,6076.31494140625,6076.31494140625,176619400,-0.0092823851307327
2021-09-21,6049.79296875,6068.79296875,5996.4072265625,6060.7568359375,6060.7568359375,179600700,-0.002560450802629
2021-09-22,6060.30517578125,6123.7412109375,6059.6279296875,6108.26513671875,6108.26513671875,184349300,0.0078386746189103
2021-09-23,6117.64306640625,6148.14697265625,6117.576171875,6142.7119140625,6142.7119140625,213294700,0.0056393716665439
2021-09-24,6142.287109375,6163.8837890625,6119.13720703125,6144.81494140625,6144.81494140625,196295300,0.0003423613825899
2021-09-27,6141.47021484375,6163.27978515625,6109.666015625,6122.4951171875,6122.4951171875,206632900,-0.0036323021004831
2021-09-28,6128.05810546875,6137.9541015625,6097.72216796875,6113.11181640625,6113.11181640625,272570100,-0.0015325942449359
2021-09-29,6100.826171875,6162.55419921875,6086.26318359375,6162.55419921875,6162.55419921875,230726900,0.0080879238426176
2021-09-30,6175.416015625,6286.94287109375,6174.18212890625,6286.94287109375,6286.94287109375,202745700,0.0201845968171394
2021-10-01,6269.23779296875,6272.06494140625,6202.90576171875,6228.84521484375,6228.84521484375,190252600,-0.0092410027323649
2021-10-04,6234.798828125,6342.68603515625,6234.798828125,6342.68603515625,6342.68603515625,257881700,0.01827639255527
2021-10-05,6337.326171875,6361.453125,6277.7001953125,6288.048828125,6288.048828125,268318400,-0.0086142064621214
2021-10-06,6313.65283203125,6441.50390625,6307.10888671875,6417.3232421875,6417.3232421875,231440600,0.0205587484442368
2021-10-07,6414.912109375,6458.63818359375,6392.72705078125,6416.39599609375,6416.39599609375,183232100,-0.0001444910999113
2021-10-08,6440.0,6497.65576171875,6436.51708984375,6481.76904296875,6481.76904296875,231302300,0.0101884370781974
2021-10-11,6482.95703125,6506.091796875,6451.67822265625,6459.69677734375,6459.69677734375,204779900,-0.0034052841868753
2021-10-12,6462.31494140625,6504.01318359375,6460.0869140625,6486.26708984375,6486.26708984375,204607300,0.0041132445400828
2021-10-13,6502.1572265625,6600.51806640625,6492.65576171875,6536.90380859375,6536.90380859375,193450700,0.0078067581936747
2021-10-14,6552.2109375,6637.39990234375,6552.2109375,6626.11376953125,6626.11376953125,178191500,0.01364712768455
2021-10-15,6645.259765625,6680.0087890625,6573.3427734375,6633.337890625,6633.337890625,160148800,0.0010902500839886
2021-10-18,6649.28076171875,6684.81884765625,6620.84521484375,6658.76806640625,6658.76806640625,188565300,0.003833692207537
2021-10-19,6665.71923828125,6677.59716796875,6613.88916015625,6655.998046875,6655.998046875,188504800,-0.0004159957973645
2021-10-21,6670.27294921875,6687.1337890625,6602.06591796875,6632.97216796875,6632.97216796875,215065000,-0.0034594179181077
2021-10-22,6620.6591796875,6655.44287109375,6585.55712890625,6643.73779296875,6643.73779296875,165782200,0.0016230469128135
2021-10-25,6626.3671875,6673.51513671875,6625.69677734375,6625.69677734375,6625.69677734375,175632400,-0.0027154918190921
2021-10-26,6640.0517578125,6680.1171875,6638.02783203125,6656.93701171875,6656.93701171875,180194900,0.0047150111791751
2021-10-27,6664.373046875,6670.80908203125,6590.5048828125,6602.208984375,6602.208984375,182503600,-0.0082212025211306
2021-10-28,6578.5830078125,6600.2470703125,6509.8779296875,6524.076171875,6524.076171875,189347200,-0.011834344033173
2021-10-29,6561.712890625,6596.76904296875,6551.5390625,6591.34619140625,6591.34619140625,171512200,0.0103110414040301
2021-11-01,6618.1220703125,6627.85107421875,6552.88916015625,6552.88916015625,6552.88916015625,182528900,-0.0058344729791526
2021-11-02,6557.94482421875,6573.69384765625,6480.009765625,6493.27490234375,6493.27490234375,165299300,-0.0090974006053656
2021-11-03,6497.865234375,6561.81005859375,6485.2509765625,6552.1298828125,6552.1298828125,171604200,0.0090639902597542
2021-11-04,6588.18896484375,6617.86181640625,6583.169921875,6586.44287109375,6586.44287109375,155291000,0.0052369212599492
2021-11-05,6600.72216796875,6608.4248046875,6550.1171875,6581.78515625,6581.78515625,154117700,-0.0007071669693199
2021-11-08,6599.40478515625,6637.01123046875,6592.05517578125,6632.296875,6632.296875,167444200,0.0076744709149363
2021-11-09,6640.22119140625,6669.9248046875,6633.2080078125,6669.9248046875,6669.9248046875,192392200,0.0056734386889911
2021-11-10,6665.548828125,6683.14501953125,6651.7978515625,6683.14501953125,6683.14501953125,153422900,0.0019820635510701
2021-11-11,6694.5830078125,6704.4638671875,6671.22705078125,6691.341796875,6691.341796875,209193300,0.0012264850335874
2021-11-12,6710.85302734375,6714.158203125,6646.31591796875,6651.05419921875,6651.05419921875,198646700,-0.0060208548418592
2021-11-15,6661.84912109375,6675.59521484375,6610.8232421875,6616.02880859375,6616.02880859375,203267300,-0.0052661412124883
2021-11-16,6598.408203125,6654.51513671875,6592.22802734375,6651.20703125,6651.20703125,207039500,0.0053171205377091
2021-11-17,6667.86181640625,6679.30419921875,6650.494140625,6675.80419921875,6675.80419921875,217158400,0.0036981510052509
2021-11-18,6653.7001953125,6669.7861328125,6621.69287109375,6636.46923828125,6636.46923828125,248016700,-0.0058921681588719
2021-11-19,6651.77880859375,6720.98779296875,6651.77880859375,6720.26318359375,6720.26318359375,258781800,0.0126262839928723
2021-11-22,6731.51513671875,6754.4638671875,6690.81787109375,6723.38623046875,6723.38623046875,218097200,0.0004647209178687
2021-11-23,6716.1572265625,6732.89794921875,6662.5380859375,6677.8759765625,6677.8759765625,186336800,-0.0067689483165505
2021-11-24,6697.423828125,6698.4140625,6668.05419921875,6683.27685546875,6683.27685546875,224587000,0.000808771969591
2021-11-25,6694.95703125,6751.001953125,6694.796875,6699.34619140625,6699.34619140625,215655400,0.002404409735675
2021-11-26,6688.56884765625,6691.7119140625,6544.89599609375,6561.55322265625,6561.55322265625,242523500,-0.0205681218454955
2021-11-29,6552.80322265625,6617.287109375,6487.748046875,6608.2900390625,6608.2900390625,0,0.0071228282115998
2021-11-30,6605.796875,6647.47705078125,6533.93212890625,6533.93212890625,6533.93212890625,216798600,-0.0112522164912118
2021-12-01,6544.51708984375,6593.07421875,6494.4970703125,6507.6767578125,6507.6767578125,195068500,-0.0040183109612657
2021-12-02,6517.3388671875,6586.89599609375,6484.578125,6583.81982421875,6583.81982421875,210837500,0.0117004991550693
2021-12-03,6588.01416015625,6600.1650390625,6536.9072265625,6538.505859375,6538.505859375,172625500,-0.0068826252925484
2021-12-06,6552.81591796875,6585.26318359375,6525.98486328125,6547.1162109375,6547.1162109375,180052400,0.0013168683714115
2021-12-07,6575.97607421875,6608.6337890625,6573.10986328125,6602.56884765625,6602.56884765625,212352000,0.0084697804242594
2021-12-08,6618.7548828125,6632.94091796875,6584.96923828125,6603.7978515625,6603.7978515625,216901600,0.0001861402636773
2021-12-09,6617.1328125,6643.93212890625,6602.876953125,6643.93212890625,6643.93212890625,240218200,0.0060774539508736
2021-12-10,6618.68603515625,6652.921875,6605.416015625,6652.921875,6652.921875,229170800,0.0013530761481799
2021-12-13,6663.73876953125,6688.37890625,6659.1669921875,6662.87109375,6662.87109375,232086300,0.0014954660428805
2021-12-14,6665.3828125,6671.31298828125,6598.69482421875,6615.63720703125,6615.63720703125,187591100,-0.0070891190980802
2021-12-15,6615.72412109375,6662.83984375,6610.4521484375,6626.2568359375,6626.2568359375,196016500,0.0016052314499597
2021-12-16,6648.2880859375,6661.94482421875,6579.36376953125,6594.7978515625,6594.7978515625,185929900,-0.0047476252662562
2021-12-17,6584.88720703125,6609.044921875,6559.30322265625,6601.93212890625,6601.93212890625,210214300,0.0010818037951019
2021-12-20,6571.34521484375,6579.12890625,6533.52294921875,6547.11181640625,6547.11181640625,181341400,-0.008303677079619
2021-12-21,6545.537109375,6579.89208984375,6531.56494140625,6554.30908203125,6554.30908203125,186470700,0.001099303910919
2021-12-22,6572.53515625,6592.1669921875,6529.5927734375,6529.5927734375,6529.5927734375,187213900,-0.0037710013800706
2021-12-23,6537.59912109375,6570.287109375,6531.77783203125,6555.55078125,6555.55078125,209975800,0.0039754405386653
2021-12-24,6559.0888671875,6583.85986328125,6554.97998046875,6562.89990234375,6562.89990234375,176357600,0.0011210531866781
2021-12-27,6570.55810546875,6588.42578125,6562.55419921875,6575.44384765625,6575.44384765625,179010000,0.0019113418609386
2021-12-28,6588.1337890625,6615.94580078125,6586.52001953125,6598.3427734375,6598.3427734375,191799500,0.0034824912677813
2021-12-29,6603.755859375,6621.5791015625,6585.39599609375,6600.6767578125,6600.6767578125,200549500,0.0003537228142187
2021-12-30,6609.44287109375,6613.72802734375,6581.48193359375,6581.48193359375,6581.48193359375,192017600,-0.0029080085153436
2022-01-03,6586.259765625,6677.19921875,6586.1328125,6665.30810546875,6665.30810546875,182552700,0.0127366712726395
2022-01-04,6675.1298828125,6720.6572265625,6675.1298828125,6695.373046875,6695.373046875,185900100,0.0045106604121694
2022-01-05,6703.171875,6738.10986328125,6634.8388671875,6662.298828125,6662.298828125,179080500,-0.0049398619790778
2022-01-06,6674.85205078125,6679.85107421875,6593.22900390625,6653.35107421875,6653.35107421875,179990500,-0.0013430430151942
2022-01-07,6669.51123046875,6712.14697265625,6647.712890625,6701.31591796875,6701.31591796875,157064700,0.0072091256293178
2022-01-10,6697.3759765625,6725.02392578125,6689.2822265625,6691.1240234375,6691.1240234375,159382400,-0.0015208795788781
2022-01-11,6705.7958984375,6727.76708984375,6636.5009765625,6647.97021484375,6647.97021484375,181053500,-0.0064494109573506
2022-01-12,6662.39501953125,6690.3232421875,6625.7568359375,6647.06494140625,6647.06494140625,192900600,-0.0001361729081575
2022-01-13,6659.97314453125,6667.94091796875,6626.3388671875,6658.35595703125,6658.35595703125,180765500,0.0016986468049478
2022-01-14,6653.64599609375,6699.4130859375,6631.0458984375,6693.40087890625,6693.40087890625,140467300,0.0052632995443855
2022-01-17,6711.40576171875,6711.82177734375,6625.86279296875,6645.0478515625,6645.0478515625,148626000,-0.0072239849694542
2022-01-18,6654.958984375,6667.40478515625,6534.27001953125,6614.05908203125,6614.05908203125,172778900,-0.004663438130692
2022-01-19,6609.83203125,6615.451171875,6575.380859375,6591.98095703125,6591.98095703125,171354300,-0.0033380598398312
2022-01-20,6607.798828125,6637.20703125,6587.76513671875,6626.87109375,6626.87109375,158271000,0.005292815156199
2022-01-21,6626.34814453125,6726.373046875,6607.41796875,6726.373046875,6726.373046875,154628300,0.0150149220827371
2022-01-24,6700.82177734375,6712.26220703125,6645.4091796875,6655.166015625,6655.166015625,176239200,-0.0105862447345351
2022-01-25,6630.8779296875,6632.953125,6523.92919921875,6568.1728515625,6568.1728515625,213235100,-0.0130715242652486
2022-01-26,6569.81787109375,6601.3369140625,6549.52099609375,6600.81884765625,6600.81884765625,226349800,0.0049703314500901
2022-01-27,6586.85400390625,6627.40576171875,6570.75,6611.1611328125,6611.1611328125,177817500,0.0015668185106947
2022-01-28,6618.7177734375,6645.51123046875,6603.4912109375,6645.51123046875,6645.51123046875,192680600,0.0051957737780379
2022-01-31,6656.70703125,6669.9111328125,6626.65576171875,6631.15087890625,6631.15087890625,182548300,-0.0021609099833673
2022-02-02,6657.7919921875,6716.59716796875,6650.30322265625,6707.65185546875,6707.65185546875,214830000,0.0115366062331427
2022-02-03,6724.39892578125,6730.59814453125,6648.078125,6683.85107421875,6683.85107421875,202406000,-0.0035483030071984
2022-02-04,6697.94287109375,6731.39111328125,6685.40380859375,6731.39111328125,6731.39111328125,177332600,0.0071126718017211
2022-02-07,6751.34912109375,6806.72998046875,6748.9091796875,6804.93701171875,6804.93701171875,225856300,0.0109258097174582
2022-02-08,6813.18408203125,6860.75,6780.4169921875,6789.52197265625,6789.52197265625,255862800,-0.002265272850572
2022-02-09,6811.75390625,6840.39404296875,6796.6328125,6834.60595703125,6834.60595703125,253458500,0.0066402295414269
2022-02-10,6859.333984375,6874.35107421875,6814.2109375,6823.64208984375,6823.64208984375,279507200,-0.0016041696121809
2022-02-11,6813.60791015625,6825.06201171875,6773.537109375,6815.60693359375,6815.60693359375,223574800,-0.0011775465571325
2022-02-14,6791.31591796875,6796.7119140625,6698.5087890625,6734.48583984375,6734.48583984375,202907800,-0.0119022553002812
2022-02-15,6746.35888671875,6807.4970703125,6727.35888671875,6807.4970703125,6807.4970703125,210390400,0.01084139638943
2022-02-16,6821.92578125,6857.64990234375,6821.158203125,6850.1982421875,6850.1982421875,216253600,0.0062726684174745
2022-02-17,6836.18310546875,6859.7060546875,6790.5908203125,6835.1171875,6835.1171875,229539500,-0.002201550109108
2022-02-18,6837.51904296875,6899.41015625,6812.35595703125,6892.81787109375,6892.81787109375,233754300,0.0084417987301332
2022-02-21,6896.751953125,6927.9091796875,6886.1328125,6902.96484375,6902.96484375,231576400,0.0014721080472477
2022-02-22,6879.81884765625,6903.99609375,6823.94482421875,6861.994140625,6861.994140625,196218500,-0.0059352327662649
2022-02-23,6878.625,6920.05615234375,6873.81396484375,6920.05615234375,6920.05615234375,204842700,0.0084613904542714
2022-02-24,6912.47705078125,6929.9111328125,6758.86083984375,6817.81982421875,6817.81982421875,282680700,-0.0147739159732647
2022-02-25,6825.37109375,6904.91015625,6822.244140625,6888.1708984375,6888.1708984375,211896500,0.0103187053974123
2022-03-01,6964.69677734375,6996.93505859375,6915.97607421875,6921.44091796875,6921.44091796875,196006400,0.0048300223704955
2022-03-02,6956.6181640625,6973.35791015625,6861.958984375,6868.40185546875,6868.40185546875,325795100,-0.0076630087764392
2022-03-04,6921.31591796875,6936.98876953125,6895.73095703125,6928.328125,6928.328125,247492300,0.0087249218657081
2022-03-07,6905.32421875,6917.93310546875,6843.81201171875,6869.06591796875,6869.06591796875,261271800,-0.0085536085996577
2022-03-08,6895.630859375,6929.86279296875,6814.18310546875,6814.18310546875,6814.18310546875,246218500,-0.0079898508990039
2022-03-09,6836.671875,6888.93017578125,6824.0908203125,6864.44091796875,6864.44091796875,209971800,0.007375471384041
2022-03-10,6897.1748046875,6924.0078125,6837.72509765625,6924.0078125,6924.0078125,194071700,0.0086776032080522
2022-03-11,6872.6318359375,6922.60205078125,6853.85791015625,6922.60205078125,6922.60205078125,174120300,-0.0002030271710861
2022-03-14,6949.2060546875,6969.9931640625,6918.31298828125,6952.2041015625,6952.2041015625,193318000,0.0042761450917012
2022-03-15,6968.34912109375,6996.32080078125,6894.9208984375,6918.18505859375,6918.18505859375,189709300,-0.0048932744884609
2022-03-16,6951.35205078125,6992.39501953125,6946.8427734375,6992.39501953125,6992.39501953125,171297500,0.0107267961624293
2022-03-17,7016.5322265625,7032.7021484375,6949.166015625,6964.384765625,6964.384765625,197411300,-0.0040058168664687
2022-03-18,6981.26220703125,7000.587890625,6926.4140625,6954.96484375,6954.96484375,198102900,-0.0013525849291806
2022-03-21,6945.89306640625,6974.15380859375,6929.93408203125,6955.18115234375,6955.18115234375,216686100,3.110132094263918e-05
2022-03-22,6974.97705078125,7003.259765625,6968.201171875,7000.82177734375,7000.82177734375,188258200,0.0065621044226318
2022-03-23,7010.8388671875,7022.0439453125,6976.1591796875,6996.115234375,6996.115234375,214242900,-0.0006722843572424
2022-03-24,6986.18310546875,7049.68505859375,6977.833984375,7049.68505859375,7049.68505859375,264967400,0.007657081455082
2022-03-25,7050.55322265625,7055.3408203125,6978.39892578125,7002.5322265625,7002.5322265625,201857500,-0.0066886437676771
2022-03-28,6996.31787109375,7051.541015625,6987.22314453125,7049.60302734375,7049.60302734375,174012100,0.0067219684620225
2022-03-29,7052.73486328125,7072.77783203125,7007.91015625,7011.68896484375,7011.68896484375,185204100,-0.005378184041419
2022-03-30,7037.2021484375,7055.8662109375,7022.65185546875,7053.18994140625,7053.18994140625,194572800,0.0059188273710633
2022-03-31,7070.76123046875,7099.4970703125,7049.81005859375,7071.44189453125,7071.44189453125,178707400,0.002587758627887
2022-04-01,7093.69921875,7099.3017578125,7040.4912109375,7078.759765625,7078.759765625,157645900,0.0010348485079696
2022-04-04,7082.2470703125,7116.2177734375,7060.2138671875,7116.2177734375,7116.2177734375,173611100,0.0052916060231904
2022-04-05,7122.9140625,7148.298828125,7110.11083984375,7148.298828125,7148.298828125,184230300,0.0045081608951385
2022-04-06,7128.412109375,7147.9921875,7090.22412109375,7104.2158203125,7104.2158203125,216736400,-0.0061669229102532
2022-04-07,7115.0869140625,7145.16796875,7097.90380859375,7127.3671875,7127.3671875,204797800,0.0032588209273296
2022-04-08,7157.30908203125,7216.494140625,7151.2587890625,7210.8349609375,7210.8349609375,207396700,0.0117108844320363
2022-04-11,7212.0029296875,7355.2998046875,7194.60791015625,7203.7939453125,7203.7939453125,334575500,-0.000976449421342
2022-04-12,7205.0771484375,7320.23681640625,7146.5859375,7214.78076171875,7214.78076171875,253923400,0.0015251430690073
2022-04-13,7240.18896484375,7266.39892578125,7212.85791015625,7262.77685546875,7262.77685546875,245926100,0.006652467390924
2022-04-14,7265.31982421875,7282.90576171875,7234.3330078125,7235.5322265625,7235.5322265625,238683900,-0.0037512688945875
2022-04-18,7245.50390625,7277.0751953125,7243.36083984375,7275.2890625,7275.2890625,210765700,0.0054946664174264
2022-04-19,7283.4169921875,7297.39404296875,7199.23193359375,7199.23193359375,7199.23193359375,214778100,-0.0104541727830831
2022-04-20,7226.8720703125,7262.55810546875,7184.96484375,7227.36181640625,7227.36181640625,266258400,0.0039073449879059
2022-04-21,7249.4970703125,7294.671875,7245.72607421875,7276.19287109375,7276.19287109375,177135800,0.0067564148478982
2022-04-22,7251.98095703125,7291.47998046875,7174.81005859375,7225.60595703125,7225.60595703125,249844600,-0.0069523877333526
2022-04-25,7204.1611328125,7234.31494140625,7121.85986328125,7215.97900390625,7215.97900390625,212314600,-0.0013323385169698
2022-04-26,7208.9228515625,7247.47509765625,7161.6591796875,7232.15283203125,7232.15283203125,197362000,0.0022413906853449
2022-04-27,7211.7109375,7226.01904296875,7175.06689453125,7196.76416015625,7196.76416015625,201981800,-0.0048932417078166
2022-04-28,7260.27001953125,7267.11181640625,7204.59912109375,7228.9140625,7228.9140625,194334400,0.0044672719055798
2022-05-09,7154.9169921875,7156.48388671875,6896.9990234375,6909.7509765625,6909.7509765625,212774700,-0.0441509033276739
2022-05-10,6747.56298828125,6832.09814453125,6662.61181640625,6819.7939453125,6819.7939453125,193141700,-0.0130188528581028
2022-05-11,6833.19384765625,6902.2158203125,6796.2958984375,6816.203125,6816.203125,0,-0.0005265291504837
2022-05-12,6802.328125,6802.328125,6576.30908203125,6599.83984375,6599.83984375,194742800,-0.0317424931860433
2022-05-13,6586.5771484375,6633.01416015625,6509.87890625,6597.9931640625,6597.9931640625,177689000,-0.0002798067424695
2022-05-17,6603.89306640625,6703.05078125,6574.13623046875,6644.466796875,6644.466796875,195947200,0.0070436012370593
2022-05-18,6676.39404296875,6804.9072265625,6648.94091796875,6793.4140625,6793.4140625,192322000,0.0224167371406012
2022-05-19,6719.7568359375,6851.7177734375,6620.68408203125,6823.3349609375,6823.3349609375,234684500,0.0044043978715599
2022-05-20,6839.01611328125,6965.10595703125,6804.9072265625,6918.14404296875,6918.14404296875,193153300,0.013894830398041
2022-05-23,6930.93896484375,6972.18017578125,6802.712890625,6840.77490234375,6840.77490234375,181821900,-0.0111835110897458
2022-05-24,6859.22216796875,6941.6669921875,6822.14013671875,6914.14111328125,6914.14111328125,197751100,0.0107248392155636
2022-05-25,6914.64501953125,6944.48291015625,6858.69580078125,6883.50390625,6883.50390625,173878500,-0.004431093686011
2022-05-27,6948.22607421875,7032.82177734375,6938.29296875,7026.255859375,7026.255859375,196905500,0.0207382686302226
2022-05-30,7052.1728515625,7069.2509765625,6974.6162109375,7037.56494140625,7037.56494140625,201457000,0.0016095460025356
2022-05-31,7064.22607421875,7148.97021484375,7033.755859375,7148.97021484375,7148.97021484375,279640300,0.0158300881576289
2022-06-02,7130.60107421875,7209.0791015625,7117.97900390625,7148.72314453125,7148.72314453125,227362900,-3.4560266034766585e-05
2022-06-03,7176.68212890625,7233.9951171875,7170.69287109375,7182.9609375,7182.9609375,240581300,0.0047893578023008
2022-06-06,7163.173828125,7194.5361328125,7056.1748046875,7096.58203125,7096.58203125,231204100,-0.0120255291657014
2022-06-07,7101.31298828125,7192.54296875,7062.9658203125,7141.044921875,7141.044921875,275161800,0.0062653951478621
2022-06-08,7133.4970703125,7220.0849609375,7102.86181640625,7193.31396484375,7193.31396484375,260589300,0.0073195230586822
2022-06-09,7186.89208984375,7257.9970703125,7174.81982421875,7182.830078125,7182.830078125,270045800,-0.0014574487878589
2022-06-10,7143.2412109375,7160.1162109375,7051.22314453125,7086.64794921875,7086.64794921875,244570500,-0.0133905616393694
2022-06-13,6992.22998046875,6996.7138671875,6924.9521484375,6995.44189453125,6995.44189453125,262879000,-0.0128701263758354
2022-06-14,6949.64794921875,7049.8818359375,6932.7138671875,7049.8818359375,7049.8818359375,234982700,0.0077822019290603
2022-06-15,7031.19921875,7086.3818359375,6966.02685546875,7007.0498046875,7007.0498046875,274136800,-0.0060755672572636
2022-06-16,7063.0771484375,7138.49609375,7025.93115234375,7050.326171875,7050.326171875,268578900,0.0061761181087294
2022-06-17,6987.751953125,6999.5390625,6882.64404296875,6936.966796875,6936.966796875,281566500,-0.0160786000869308
2022-06-20,6937.0078125,6976.376953125,6859.59912109375,6976.376953125,6976.376953125,270432200,0.0056811798879812
2022-06-21,6976.3359375,7049.9091796875,6967.623046875,7044.07080078125,7044.07080078125,235393100,0.0097032955803695
2022-06-22,7044.11083984375,7063.2587890625,6968.296875,6984.31103515625,6984.31103515625,214189700,-0.0084836974691355
2022-06-23,6984.31103515625,7010.27294921875,6920.73486328125,6998.26708984375,6998.26708984375,212119400,0.0019982006266976
2022-06-24,6998.34814453125,7067.7470703125,6997.919921875,7042.93701171875,7042.93701171875,201464700,0.0063829975766183
2022-06-27,7043.01806640625,7070.51904296875,6973.658203125,7016.05517578125,7016.05517578125,181378000,-0.0038168502561887
2022-06-28,7016.13623046875,7016.9169921875,6960.07177734375,6996.4560546875,6996.4560546875,172583900,-0.0027934673549039
2022-06-29,6996.4560546875,7016.05615234375,6942.35107421875,6942.35107421875,6942.35107421875,164738900,-0.0077331980714008
2022-06-30,6942.35107421875,6990.86181640625,6897.67578125,6911.58203125,6911.58203125,164820700,-0.0044320782167031
2022-07-01,6911.58203125,6940.97998046875,6777.31689453125,6794.328125,6794.328125,157368000,-0.0169648433194959
2022-07-04,6794.3681640625,6796.51904296875,6559.63720703125,6639.171875,6639.171875,172853700,-0.0228361431984858
2022-07-05,6639.2119140625,6767.8291015625,6639.2119140625,6703.26611328125,6703.26611328125,181055000,0.0096539507468693
2022-07-06,6703.26611328125,6709.921875,6602.89697265625,6646.41015625,6646.41015625,140628200,-0.0084818290174398
2022-07-07,6646.41015625,6682.6669921875,6632.38720703125,6652.5869140625,6652.5869140625,157996000,0.0009293374419108
2022-07-08,6652.6669921875,6740.21923828125,6652.6669921875,6740.21923828125,6740.21923828125,157598800,0.013172668820532
2022-07-11,6740.01904296875,6757.0869140625,6690.6162109375,6722.14501953125,6722.14501953125,163555700,-0.0026815476041709
2022-07-12,6722.18505859375,6745.42578125,6708.17578125,6718.2939453125,6718.2939453125,184326800,-0.000572893653374
2022-07-13,6718.2939453125,6727.9228515625,6636.048828125,6640.990234375,6640.990234375,169282000,-0.0115064496383693
2022-07-14,6640.990234375,6700.05322265625,6607.7021484375,6690.0869140625,6690.0869140625,131271000,0.0073929757392754
2022-07-15,6690.0869140625,6716.9560546875,6645.90283203125,6651.90478515625,6651.90478515625,145685800,-0.0057072694864384
2022-07-18,6652.06494140625,6702.07421875,6611.92578125,6659.2529296875,6659.2529296875,143740000,0.001104667725799
2022-07-19,6659.29296875,6740.0751953125,6626.2548828125,6736.091796875,6736.091796875,170776400,0.0115386617686417
2022-07-20,6736.171875,6880.7568359375,6736.06396484375,6874.7431640625,6874.7431640625,182468200,0.0205833547654179
2022-07-21,6874.783203125,6893.3759765625,6809.7158203125,6864.130859375,6864.130859375,156437900,-0.0015436656227356
2022-07-22,6864.130859375,6901.72021484375,6850.48876953125,6886.9619140625,6886.9619140625,199589800,0.0033261391944936
2022-07-25,6887.0419921875,6908.19189453125,6858.4072265625,6858.4072265625,6858.4072265625,210616100,-0.0041461950648651
2022-07-26,6858.44677734375,6899.92919921875,6857.80078125,6871.537109375,6871.537109375,320241300,0.0019144215819744
2022-07-27,6871.4970703125,6911.89990234375,6861.44677734375,6898.2158203125,6898.2158203125,276772700,0.003882495359168
2022-07-28,6898.2958984375,6984.5322265625,6898.2958984375,6956.81689453125,6956.81689453125,287336500,0.0084951059440896
2022-07-29,6956.89697265625,7032.35302734375,6951.123046875,6951.123046875,6951.123046875,292504000,-0.0008184558746581
2022-08-01,6951.123046875,7005.29296875,6949.634765625,6968.783203125,6968.783203125,238507600,0.0025406191389374
2022-08-02,6968.783203125,6991.39208984375,6902.6298828125,6988.1572265625,6988.1572265625,216232400,0.0027801156776998
2022-08-03,6988.1572265625,7046.634765625,6971.73583984375,7046.634765625,7046.634765625,225842100,0.0083680914963135
2022-08-04,7046.634765625,7075.56005859375,7025.05419921875,7057.34814453125,7057.34814453125,248154300,0.0015203539366779
2022-08-05,7057.34814453125,7090.76708984375,7045.98193359375,7084.65478515625,7084.65478515625,173887000,0.0038692494781003
2022-08-08,7084.65478515625,7100.80810546875,7050.82421875,7086.84912109375,7086.84912109375,219012400,0.0003097308202084
2022-08-09,7086.84912109375,7144.2021484375,7086.84912109375,7102.8798828125,7102.8798828125,263201500,0.0022620436028524
2022-08-10,7102.8798828125,7104.0341796875,7021.6728515625,7086.23583984375,7086.23583984375,200438400,-0.0023432809287715
2022-08-11,7086.27587890625,7181.10009765625,7086.27587890625,7160.384765625,7160.384765625,246280600,0.0104637959358244
2022-08-12,7160.384765625,7164.669921875,7113.5791015625,7129.27685546875,7129.27685546875,240074700,-0.0043444467266047
2022-08-15,7129.27685546875,7156.919921875,7081.30419921875,7093.27587890625,7093.27587890625,228243500,-0.0050497374828253
2022-08-16,7093.27587890625,7147.97021484375,7080.7529296875,7133.453125,7133.453125,231209400,0.005664131323755
2022-08-18,7133.453125,7186.55810546875,7125.39404296875,7186.55810546875,7186.55810546875,239294800,0.007444498413067
2022-08-19,7186.59814453125,7230.11083984375,7172.43408203125,7172.43408203125,7172.43408203125,232876500,-0.0019653390719476
2022-08-22,7172.43408203125,7174.283203125,7064.5009765625,7107.98291015625,7107.98291015625,204493100,-0.0089859552751367
2022-08-23,7107.86279296875,7183.2587890625,7106.8349609375,7163.26513671875,7163.26513671875,260557700,0.0077774844511104
2022-08-24,7163.30517578125,7204.419921875,7154.64404296875,7194.7060546875,7194.7060546875,221550000,0.0043891880823432
2022-08-25,7194.7060546875,7210.1630859375,7146.31201171875,7174.2080078125,7174.2080078125,280881500,-0.0028490457732661
2022-08-26,7174.2880859375,7194.0810546875,7135.248046875,7135.248046875,7135.248046875,273878800,-0.0054305591495359
2022-08-29,7135.087890625,7135.087890625,7015.34716796875,7132.044921875,7132.044921875,256806700,-0.0004489157179901
2022-08-30,7132.0849609375,7223.1259765625,7131.6162109375,7159.47314453125,7159.47314453125,308273200,0.0038457725598619
2022-08-31,7159.51318359375,7178.58984375,7073.22216796875,7178.58984375,7178.58984375,256857200,0.0026701265348487
2022-09-01,7178.58984375,7197.05615234375,7135.02490234375,7153.10400390625,7153.10400390625,252393900,-0.0035502571394212
2022-09-02,7153.10400390625,7207.615234375,7146.81103515625,7177.17919921875,7177.17919921875,284827600,0.0033656990446877
2022-09-05,7177.13916015625,7245.40087890625,7147.97607421875,7231.8828125,7231.8828125,309176400,0.0076218820462508
2022-09-06,7231.9228515625,7287.7001953125,7230.79296875,7233.15478515625,7233.15478515625,346421400,0.0001758840248422
2022-09-07,7233.15478515625,7243.52294921875,7166.6259765625,7186.7568359375,7186.7568359375,328200100,-0.0064146213646592
2022-09-08,7186.7568359375,7277.8837890625,7186.56396484375,7232.01708984375,7232.01708984375,277671500,0.0062977299690905
2022-09-09,7232.05712890625,7270.296875,7206.3720703125,7242.65576171875,7242.65576171875,273581100,0.001471051816227
2022-09-12,7242.69580078125,7276.419921875,7218.4638671875,7254.4638671875,7254.4638671875,300778400,0.0016303557503261
2022-09-13,7254.4638671875,7345.4560546875,7254.416015625,7318.01611328125,7318.01611328125,285339000,0.0087604331977173
2022-09-14,7317.89599609375,7317.89599609375,7219.31982421875,7278.078125,7278.078125,250200100,-0.0054574884317032
2022-09-15,7278.1982421875,7377.4951171875,7278.1982421875,7305.60107421875,7305.60107421875,274253400,0.0037816232178395
2022-09-16,7305.60107421875,7306.1630859375,7163.0732421875,7168.8701171875,7168.8701171875,351796400,-0.0187159079235478
2022-09-19,7168.9501953125,7231.416015625,7151.615234375,7195.48779296875,7195.48779296875,252816300,0.0037129527172536
2022-09-20,7195.56787109375,7252.18603515625,7186.24609375,7196.951171875,7196.951171875,279749000,0.0002033745241956
2022-09-21,7196.87109375,7204.90185546875,7134.78515625,7188.31396484375,7188.31396484375,246224300,-0.0012001202766254
2022-09-22,7188.19384765625,7225.55078125,7127.45703125,7218.90576171875,7218.90576171875,282626800,0.0042557680458334
2022-09-23,7219.02587890625,7219.02587890625,7172.533203125,7178.5830078125,7178.5830078125,205509000,-0.0055857155138494
2022-09-26,7178.5029296875,7178.5029296875,7039.2412109375,7127.5029296875,7127.5029296875,193399700,-0.0071156212959311
2022-09-27,7127.5029296875,7133.4111328125,7075.65380859375,7112.44921875,7112.44921875,227195500,-0.0021120595931006
2022-09-28,7112.4091796875,7156.97998046875,7073.47314453125,7077.03076171875,7077.03076171875,193422200,-0.0049797834672589
2022-09-29,7077.11083984375,7135.5009765625,7023.2109375,7036.1982421875,7036.1982421875,214141900,-0.0057697247484245
2022-09-30,7036.1982421875,7056.169921875,6926.85986328125,7040.7978515625,7040.7978515625,208540900,0.0006537066206324
2022-10-03,7040.7978515625,7047.6240234375,6995.06201171875,7009.7177734375,7009.7177734375,179996500,-0.0044142835485757
2022-10-04,7009.8369140625,7101.47216796875,7009.8369140625,7072.255859375,7072.255859375,216377800,0.0089216267985112
2022-10-05,7072.294921875,7131.8798828125,7070.212890625,7075.384765625,7075.384765625,219700600,0.000442419832118
2022-10-06,7075.384765625,7135.908203125,7066.47119140625,7076.623046875,7076.623046875,177554400,0.0001750125669512
2022-10-07,7076.623046875,7081.01806640625,7008.14404296875,7026.783203125,7026.783203125,226928900,-0.0070428852038415
2022-10-10,7026.6630859375,7026.6630859375,6947.71923828125,6994.39501953125,6994.39501953125,220135300,-0.004609247597015
2022-10-11,6994.39501953125,7001.96923828125,6937.80908203125,6939.14501953125,6939.14501953125,237406700,-0.0078991821087769
2022-10-12,6939.14501953125,6990.587890625,6870.2822265625,6909.208984375,6909.208984375,225826800,-0.0043140812120211
2022-10-13,6909.208984375,6933.7080078125,6880.625,6880.625,6880.625,175237300,-0.0041370849310886
2022-10-14,6880.6650390625,6943.85498046875,6814.52978515625,6814.52978515625,6814.52978515625,188093100,-0.0096059899854664
2022-10-17,6814.52978515625,6836.97509765625,6747.3798828125,6831.115234375,6831.115234375,217793900,0.0024338361914386
2022-10-18,6831.15478515625,6891.98486328125,6809.98486328125,6834.494140625,6834.494140625,204836800,0.0004946346436958
2022-10-19,6834.494140625,6883.9169921875,6806.11376953125,6860.416015625,6860.416015625,165404100,0.0037928008228023
2022-10-20,6860.416015625,6986.205078125,6847.06689453125,6980.65185546875,6980.65185546875,225664700,0.017526027513478
2022-10-21,6980.69189453125,7058.9111328125,6974.962890625,7017.77099609375,7017.77099609375,181511700,0.0053174318664697
2022-10-24,7017.81103515625,7092.169921875,7017.4609375,7053.0439453125,7053.0439453125,203913800,0.0050262325798866
2022-10-25,7053.083984375,7108.81591796875,7032.5419921875,7048.3798828125,7048.3798828125,223456200,-0.0006612836296163
2022-10-26,7048.419921875,7081.8798828125,7017.93505859375,7043.93896484375,7043.93896484375,187797900,-0.0006300622331067
2022-10-27,7043.97900390625,7104.85302734375,7043.97900390625,7091.76123046875,7091.76123046875,188078500,0.0067891368542061
2022-10-28,7091.76123046875,7100.80810546875,7016.7021484375,7056.0400390625,7056.0400390625,186703600,-0.0050369986023752
2022-10-31,7056.0400390625,7113.11279296875,7051.42919921875,7098.89013671875,7098.89013671875,192397100,0.0060728251850938
2022-11-01,7098.93017578125,7128.13623046875,7018.5517578125,7052.30322265625,7052.30322265625,193069500,-0.0065625630436976
2022-11-02,7052.30322265625,7074.23291015625,6976.87109375,7015.68994140625,7015.68994140625,165214300,-0.0051916771151269
2022-11-03,7015.68994140625,7050.380859375,6962.85302734375,7034.5732421875,7034.5732421875,176601600,0.0026915814323267
2022-11-04,7034.5732421875,7045.52685546875,6973.31884765625,7045.52685546875,7045.52685546875,180561000,0.0015571112708812
2022-11-07,7045.52685546875,7102.39599609375,7011.56396484375,7102.39599609375,7102.39599609375,194075900,0.0080716661495454
2022-11-08,7102.43603515625,7111.43994140625,7039.251953125,7050.1259765625,7050.1259765625,193397800,-0.007359491016834
2022-11-09,7050.0859375,7073.5517578125,7037.30712890625,7070.083984375,7070.083984375,187445600,0.0028308725090655
2022-11-10,7070.083984375,7070.083984375,6956.2880859375,6966.8369140625,6966.8369140625,188518000,-0.0146033725399412
2022-11-11,6966.99609375,7106.06005859375,6966.99609375,7089.2060546875,7089.2060546875,226055800,0.0175645191834472
2022-11-14,7089.2060546875,7104.76416015625,7014.2978515625,7019.39208984375,7019.39208984375,174641100,-0.0098479243380982
2022-11-15,7019.39208984375,7048.39013671875,6999.23583984375,7035.5,7035.5,167825000,0.0022947728165172
2022-11-16,7035.5,7046.9990234375,6955.52880859375,7014.3837890625,7014.3837890625,165129900,-0.0030013802768104
2022-11-17,7014.3837890625,7051.27490234375,6965.76220703125,7044.98583984375,7044.98583984375,156588900,0.0043627568296116
2022-11-18,7045.02587890625,7094.09716796875,7027.74609375,7082.18115234375,7082.18115234375,167164400,0.0052796859135808
2022-11-21,7082.18115234375,7107.3232421875,7050.44091796875,7063.2470703125,7063.2470703125,162801100,-0.0026734817458013
2022-11-22,7063.2470703125,7108.8310546875,7030.587890625,7030.587890625,7030.587890625,177602200,-0.0046238195213034
2022-11-23,7030.626953125,7089.69384765625,7026.39111328125,7054.123046875,7054.123046875,157476700,0.0033475374486653
2022-11-24,7054.162109375,7104.88916015625,7054.162109375,7080.51513671875,7080.51513671875,159926700,0.0037413707796665
2022-11-25,7080.55419921875,7086.56201171875,7013.22119140625,7053.14990234375,7053.14990234375,158716200,-0.0038648648928221
2022-11-28,7053.10986328125,7083.37890625,7011.453125,7017.35791015625,7017.35791015625,187211500,-0.0050746110153715
2022-11-29,7017.31787109375,7036.5380859375,6990.90087890625,7012.06884765625,7012.06884765625,164098100,-0.0007537113779454
2022-11-30,7012.10888671875,7081.31298828125,6993.69580078125,7081.31298828125,7081.31298828125,273493300,0.0098749944031346
2022-12-01,7081.19482421875,7090.27685546875,7018.26904296875,7020.80322265625,7020.80322265625,167994300,-0.0085449923940852
2022-12-02,7020.80322265625,7021.81396484375,6967.9501953125,7019.63916015625,7019.63916015625,139459800,-0.0001658018980283
2022-12-05,7019.63916015625,7053.90283203125,6987.328125,6987.328125,6987.328125,165306000,-0.0046029481600206
2022-12-06,6987.3681640625,6987.3681640625,6862.56494140625,6892.56982421875,6892.56982421875,149697900,-0.0135614499685815
2022-12-07,6892.56982421875,6892.6630859375,6799.2998046875,6818.751953125,6818.751953125,158724300,-0.0107097748700887
2022-12-08,6818.791015625,6821.05078125,6683.62890625,6804.22705078125,6804.22705078125,162316700,-0.0021301408884794
2022-12-09,6804.22705078125,6804.22705078125,6695.3818359375,6715.1181640625,6715.1181640625,127123900,-0.013096107177746
2022-12-12,6715.1181640625,6734.4521484375,6641.81005859375,6734.4521484375,6734.4521484375,134471100,0.0028791726225265
2022-12-13,6734.4912109375,6826.1162109375,6714.8720703125,6810.31591796875,6810.31591796875,396136700,0.0112650246611154
2022-12-14,6810.35595703125,6854.09814453125,6774.1318359375,6801.7490234375,6801.7490234375,215430000,-0.0012579290938099
2022-12-15,6801.7890625,6801.837890625,6740.955078125,6751.85986328125,6751.85986328125,145093400,-0.0073347546321308
2022-12-16,6751.85986328125,6812.19287109375,6693.76513671875,6812.19287109375,6812.19287109375,156126900,0.0089357612619613
2022-12-19,6812.15380859375,6827.81494140625,6754.087890625,6779.6982421875,6779.6982421875,127896600,-0.0047700688340952
2022-12-20,6779.6982421875,6792.203125,6715.044921875,6768.31591796875,6768.31591796875,151817000,-0.0016788836039813
2022-12-21,6768.31591796875,6820.6630859375,6763.69677734375,6820.6630859375,6820.6630859375,139079800,0.0077341496175993
2022-12-22,6820.7021484375,6844.12109375,6800.6171875,6824.43212890625,6824.43212890625,129012900,0.0005525918699196
2022-12-23,6824.39306640625,6824.39306640625,6784.5869140625,6800.6728515625,6800.6728515625,120430300,-0.0034815024744861
2022-12-26,6800.712890625,6858.14697265625,6796.1669921875,6835.80810546875,6835.80810546875,117543200,0.0051664378912414
2022-12-27,6835.84716796875,6933.88916015625,6835.662109375,6923.02685546875,6923.02685546875,121669200,0.0127590986543673
2022-12-28,6923.06591796875,6953.0390625,6828.14013671875,6850.52001953125,6850.52001953125,120571100,-0.0104732853780892
2022-12-29,6850.52001953125,6879.5849609375,6786.98193359375,6860.0771484375,6860.0771484375,141016100,0.001395095391153
2022-12-30,6860.1162109375,6888.73583984375,6838.5888671875,6850.619140625,6850.619140625,129302000,-0.0013787028349461
2023-01-02,6850.740234375,6856.88916015625,6823.47900390625,6850.98388671875,6850.98388671875,109645000,5.32427925510337e-05
2023-01-03,6850.98388671875,6908.001953125,6838.57421875,6888.7578125,6888.7578125,156894900,0.0055136497772938
2023-01-04,6888.798828125,6900.60302734375,6813.23876953125,6813.23876953125,6813.23876953125,142541400,-0.0109626503100046
2023-01-05,6813.27978515625,6813.421875,6621.98681640625,6653.8408203125,6653.8408203125,180589300,-0.0233953270405811
2023-01-06,6653.759765625,6708.63720703125,6598.64599609375,6684.55810546875,6684.55810546875,109855600,0.0046164743019516
2023-01-09,6684.55810546875,6726.9658203125,6638.64599609375,6688.26513671875,6688.26513671875,135949700,0.0005545663889086
2023-01-10,6688.26513671875,6690.22900390625,6570.2431640625,6622.4990234375,6622.4990234375,144817300,-0.0098330601339639
2023-01-11,6622.5390625,6622.794921875,6557.919921875,6584.453125,6584.453125,124903900,-0.0057449458735823
2023-01-12,6584.494140625,6662.22900390625,6574.0888671875,6629.93408203125,6629.93408203125,148901900,0.0069073249012232
2023-01-13,6629.93408203125,6658.47607421875,6600.59423828125,6641.830078125,6641.830078125,165594900,0.001794285726911
2023-01-16,6641.830078125,6688.05712890625,6627.69677734375,6688.05712890625,6688.05712890625,154893500,0.0069599869670708
2023-01-17,6688.05712890625,6801.87109375,6688.05712890625,6767.33984375,6767.33984375,217634400,0.0118543716531793
2023-01-18,6767.17822265625,6790.1640625,6721.4638671875,6765.7861328125,6765.7861328125,194959200,-0.0002295896132562
2023-01-19,6765.74609375,6820.98486328125,6754.5517578125,6819.9072265625,6819.9072265625,154234600,0.0079992321199047
2023-01-20,6819.9072265625,6874.93115234375,6819.5322265625,6874.93115234375,6874.93115234375,173846000,0.0080681340600852
2023-01-24,6874.93115234375,6906.791015625,6841.0068359375,6860.85400390625,6860.85400390625,196805400,-0.0020476057324153
2023-01-25,6860.85400390625,6871.36376953125,6821.27978515625,6829.93017578125,6829.93017578125,187905300,-0.0045072855518268
2023-01-26,6829.97021484375,6874.869140625,6815.78515625,6864.81787109375,6864.81787109375,171067600,0.0051080603190074
2023-01-27,6864.81787109375,6932.708984375,6864.81787109375,6898.98095703125,6898.98095703125,149187500,0.0049765465856499
2023-01-30,6899.02197265625,6925.46923828125,6834.0810546875,6872.48095703125,6872.48095703125,134698100,-0.0038411469991074
2023-01-31,6872.52099609375,6880.9599609375,6827.2431640625,6839.341796875,6839.341796875,151785000,-0.0048220082912482
2023-02-01,6838.916015625,6893.18408203125,6838.916015625,6862.2578125,6862.2578125,145899200,0.0033506171069663
2023-02-02,6862.2578125,6896.73193359375,6855.3671875,6890.57177734375,6890.57177734375,189189500,0.0041260421303574
2023-02-03,6890.7138671875,6951.966796875,6890.7138671875,6911.73193359375,6911.73193359375,202858400,0.0030708853972865
2023-02-06,6911.73193359375,6924.8828125,6835.7578125,6873.791015625,6873.791015625,143480000,-0.0054893503297404
2023-02-07,6873.791015625,6946.23388671875,6873.791015625,6935.30078125,6935.30078125,173101600,0.0089484486050246
2023-02-08,6935.30078125,6961.9189453125,6912.10888671875,6940.1240234375,6940.1240234375,172668200,0.0006954625818882
2023-02-09,6940.1240234375,6961.15185546875,6896.0400390625,6897.365234375,6897.365234375,176681300,-0.0061610986947926
2023-02-10,6895.23779296875,6895.23779296875,6803.41796875,6880.3291015625,6880.3291015625,140803700,-0.0024699479052661
2023-02-13,6880.3291015625,6915.14404296875,6871.8828125,6900.14013671875,6900.14013671875,213914100,0.0028793731904119
2023-02-14,6900.14013671875,6941.85498046875,6900.14013671875,6941.85498046875,6941.85498046875,162808100,0.0060455067467422
2023-02-15,6941.85498046875,6946.0341796875,6872.869140625,6914.5380859375,6914.5380859375,148477900,-0.003935100143709
2023-02-16,6914.5380859375,6933.28076171875,6875.30078125,6895.6640625,6895.6640625,173648600,-0.0027296145025053
2023-02-17,6895.6640625,6919.091796875,6868.27978515625,6895.7138671875,6895.7138671875,180098400,7.2226093164040606e-06
2023-02-20,6895.85595703125,6910.5048828125,6863.6708984375,6894.716796875,6894.716796875,175859700,-0.0001445927617798
2023-02-21,6894.716796875,6923.6728515625,6870.9111328125,6873.40478515625,6873.40478515625,144215700,-0.0030910641215038
2023-02-22,6873.26318359375,6875.39013671875,6781.22900390625,6809.9677734375,6809.9677734375,149215500,-0.0092293432005849
2023-02-23,6810.10888671875,6839.4541015625,6806.9970703125,6839.4541015625,6839.4541015625,124488600,0.0043298777771036
2023-02-24,6839.4541015625,6880.31201171875,6839.4541015625,6856.576171875,6856.576171875,130300200,0.002503426451621
2023-02-27,6856.576171875,6871.11181640625,6819.8720703125,6854.77685546875,6854.77685546875,127631500,-0.0002624219962188
2023-02-28,6854.77685546875,6890.35400390625,6843.23876953125,6843.23876953125,6843.23876953125,167931100,-0.0016832183134152
2023-03-01,6843.09814453125,6889.51416015625,6833.18896484375,6844.93603515625,6844.93603515625,146293200,0.0002480208103445
2023-03-02,6845.078125,6875.09814453125,6841.86181640625,6857.4150390625,6857.4150390625,136086000,0.0018231001490967
2023-03-03,6857.4150390625,6884.1162109375,6804.47607421875,6813.63623046875,6813.63623046875,118736600,-0.0063841561790221
2023-03-06,6813.9189453125,6856.56884765625,6801.18994140625,6807.0009765625,6807.0009765625,137055800,-0.0009738198051399
2023-03-07,6806.85888671875,6812.958984375,6758.0009765625,6766.7578125,6766.7578125,140398600,-0.0059120256043833
2023-03-08,6766.7578125,6776.3701171875,6728.19091796875,6776.3701171875,6776.3701171875,144130900,0.0014205185044073
2023-03-09,6776.3701171875,6824.6640625,6776.3701171875,6799.794921875,6799.794921875,113187000,0.0034568366665932
2023-03-10,6799.794921875,6799.794921875,6741.41015625,6765.3017578125,6765.3017578125,131746200,-0.0050726771114133
2023-03-13,6765.01806640625,6812.8740234375,6727.44287109375,6786.955078125,6786.955078125,141798000,0.0032006436797138
2023-03-14,6786.671875,6786.671875,6635.3759765625,6641.81396484375,6641.81396484375,166605500,-0.0213853063134384
2023-03-15,6641.81396484375,6709.86083984375,6628.13720703125,6628.13720703125,6628.13720703125,139210500,-0.0020591901376481
2023-03-16,6628.13720703125,6630.76806640625,6542.7919921875,6565.72802734375,6565.72802734375,154420700,-0.0094157947758376
2023-03-17,6565.72802734375,6683.09423828125,6565.72802734375,6678.23681640625,6678.23681640625,455755600,0.0171357675179271
2023-03-20,6678.23681640625,6678.23681640625,6587.68896484375,6612.490234375,6612.490234375,128905000,-0.0098449012574295
2023-03-21,6612.490234375,6691.61083984375,6609.22314453125,6691.61083984375,6691.61083984375,145475100,0.0119653266264865
2023-03-24,6694.01708984375,6776.90478515625,6692.166015625,6762.25390625,6762.25390625,146575100,0.0105569597660433
2023-03-27,6762.25390625,6772.59521484375,6704.751953125,6708.93310546875,6708.93310546875,135182600,-0.007885063400528
2023-03-28,6708.93310546875,6764.65478515625,6708.93310546875,6760.328125,6760.328125,126113300,0.0076606844521009
2023-03-29,6760.328125,6851.505859375,6760.328125,6839.43603515625,6839.43603515625,143324900,0.0117017855780854
2023-03-30,6839.43603515625,6868.6328125,6803.0927734375,6808.951171875,6808.951171875,140466800,-0.0044572188590624
2023-03-31,6809.0927734375,6831.55322265625,6789.60986328125,6805.27685546875,6805.27685546875,139015200,-0.000539630306269
2023-04-03,6805.27685546875,6849.35791015625,6805.126953125,6827.1748046875,6827.1748046875,127453100,0.0032177896188239
2023-04-04,6827.033203125,6859.69287109375,6781.52392578125,6833.17822265625,6833.17822265625,131576400,0.0008793414758661
2023-04-05,6833.17822265625,6867.3369140625,6816.43017578125,6819.6748046875,6819.6748046875,123965500,-0.0019761548036282
2023-04-06,6819.6748046875,6832.72998046875,6786.287109375,6792.76513671875,6792.76513671875,172852900,-0.0039458872658053
2023-04-10,6792.76513671875,6799.494140625,6735.19287109375,6771.23486328125,6771.23486328125,129368500,-0.0031695889676969
2023-04-11,6771.23486328125,6811.31396484375,6738.76611328125,6811.31396484375,6811.31396484375,161404500,0.0059190239848034
2023-04-12,6811.455078125,6833.744140625,6775.2841796875,6798.9638671875,6798.9638671875,151427200,-0.0018131740395457
2023-04-13,6798.541015625,6816.884765625,6764.6591796875,6785.59814453125,6785.59814453125,161495800,-0.0019658469904149
2023-04-14,6785.8798828125,6838.07177734375,6785.7001953125,6818.57421875,6818.57421875,137035000,0.0048597151667943
2023-04-17,6818.71484375,6829.509765625,6765.14208984375,6787.58203125,6787.58203125,94860100,-0.0045452592441945
2023-04-18,6787.58203125,6839.7587890625,6784.1728515625,6821.80712890625,6821.80712890625,103660800,0.0050423107225339
2023-04-26,6821.80712890625,6910.14697265625,6821.59912109375,6910.14697265625,6910.14697265625,120164300,0.0129496249425866
2023-04-27,6910.84814453125,6971.91015625,6877.64990234375,6945.47705078125,6945.47705078125,161595900,0.0051127824436734
2023-04-28,6945.47705078125,6958.6728515625,6897.708984375,6915.7158203125,6915.7158203125,130620700,-0.0042849800310552
2023-05-02,6915.7158203125,6920.3359375,6814.34423828125,6863.3017578125,6863.3017578125,136480100,-0.0075789786425364
2023-05-03,6863.3017578125,6865.61181640625,6776.89599609375,6812.72216796875,6812.72216796875,121306900,-0.0073695710357154
2023-05-04,6812.72216796875,6846.1240234375,6780.0869140625,6844.02685546875,6844.02685546875,137517900,0.0045950336338658
2023-05-05,6844.02685546875,6851.5859375,6733.77587890625,6787.630859375,6787.630859375,148189400,-0.0082401774985272
2023-05-08,6787.4912109375,6798.32177734375,6756.6611328125,6769.630859375,6769.630859375,179625500,-0.0026518825747776
2023-05-09,6769.630859375,6793.76611328125,6742.17919921875,6779.97998046875,6779.97998046875,172097200,0.0015287570783002
2023-05-10,6780.40087890625,6820.123046875,6775.19287109375,6811.90478515625,6811.90478515625,181480200,0.0047086871612402
2023-05-11,6811.90478515625,6814.1240234375,6717.4248046875,6755.93798828125,6755.93798828125,162906200,-0.008216027475451
2023-05-12,6755.93798828125,6755.93798828125,6704.56591796875,6707.76318359375,6707.76318359375,173779500,-0.0071307351800835
2023-05-15,6708.4638671875,6729.2998046875,6656.64794921875,6711.740234375,6711.740234375,142578400,0.000592902681922
2023-05-16,6711.740234375,6729.07421875,6659.0732421875,6676.56396484375,6676.56396484375,156372400,-0.0052410058051844
2023-05-17,6676.423828125,6706.59521484375,6661.4677734375,6663.11376953125,6663.11376953125,180449300,-0.0020145385236064
2023-05-19,6663.11376953125,6715.03076171875,6662.7490234375,6700.56103515625,6700.56103515625,161565100,0.0056200849813246
2023-05-22,6700.56103515625,6757.6240234375,6675.876953125,6729.64697265625,6729.64697265625,167491100,0.0043408212159239
2023-05-23,6729.64697265625,6772.64697265625,6727.06787109375,6736.68408203125,6736.68408203125,162216500,0.0010456877461169
2023-05-24,6736.68408203125,6755.8828125,6713.89306640625,6745.80419921875,6745.80419921875,137679300,0.0013537991505088
2023-05-25,6745.80419921875,6749.712890625,6702.52978515625,6704.23095703125,6704.23095703125,156986800,-0.0061628296582214
2023-05-26,6704.23095703125,6727.2861328125,6669.23583984375,6687.0009765625,6687.0009765625,181504900,-0.0025700159465239
2023-05-29,6687.28076171875,6708.3671875,6617.23681640625,6681.10205078125,6681.10205078125,164801800,-0.0008821481859992
2023-05-30,6681.10205078125,6700.23779296875,6636.4228515625,6636.4228515625,6636.4228515625,173775000,-0.0066873996055075
2023-05-31,6636.4228515625,6657.64990234375,6562.955078125,6633.26123046875,6633.26123046875,615071900,-0.0004764044070828
2023-06-05,6633.26123046875,6663.71484375,6598.509765625,6633.43701171875,6633.43701171875,152714500,2.6499973978522107e-05
2023-06-06,6633.43701171875,6677.56787109375,6602.00390625,6618.9228515625,6618.9228515625,231838500,-0.0021880301464548
2023-06-07,6619.06298828125,6638.5810546875,6578.755859375,6619.7548828125,6619.7548828125,162881000,0.0001257049324578
2023-06-08,6619.7548828125,6666.330078125,6598.419921875,6666.330078125,6666.330078125,168616600,0.0070357885053158
2023-06-09,6666.0498046875,6703.82421875,6648.958984375,6694.02392578125,6694.02392578125,182769600,0.0041542868912425
2023-06-12,6694.583984375,6722.373046875,6670.52197265625,6722.373046875,6722.373046875,158712000,0.0042349895082638
2023-06-13,6722.373046875,6744.0380859375,6697.07080078125,6719.01416015625,6719.01416015625,176568000,-0.0004996578879702
2023-06-14,6718.8740234375,6744.64404296875,6672.85595703125,6699.716796875,6699.716796875,178279800,-0.002872052777576
2023-06-15,6699.716796875,6717.4560546875,6660.9091796875,6713.794921875,6713.794921875,151187300,0.0021013015067392
2023-06-16,6713.51513671875,6726.4560546875,6669.3359375,6698.546875,6698.546875,172061800,-0.0022711517185785
2023-06-19,6698.546875,6705.0380859375,6669.0498046875,6686.05908203125,6686.05908203125,161424500,-0.0018642540243103
2023-06-20,6686.05908203125,6692.44091796875,6626.14892578125,6660.455078125,6660.455078125,118276600,-0.0038294612105748
2023-06-21,6660.455078125,6702.625,6635.673828125,6702.625,6702.625,120273100,0.006331387477336
2023-06-22,6702.76513671875,6717.97607421875,6652.26123046875,6652.26123046875,6652.26123046875,168533600,-0.0075140365948043
2023-06-23,6652.26123046875,6665.6630859375,6635.48193359375,6639.73291015625,6639.73291015625,113447100,-0.0018833175484928
2023-06-26,6639.73291015625,6674.06005859375,6622.18408203125,6664.66796875,6664.66796875,126037100,0.0037554309685572
2023-06-27,6664.66796875,6679.6259765625,6652.90380859375,6661.87890625,6661.87890625,142328900,-0.0004184848387163
2023-07-03,6661.73583984375,6696.7158203125,6660.82421875,6696.7158203125,6696.7158203125,125551000,0.0052292925993921
2023-07-04,6696.85888671875,6713.9931640625,6672.77392578125,6681.75390625,6681.75390625,146273000,-0.0022342166614144
2023-07-05,6681.75390625,6719.05615234375,6676.93408203125,6718.97705078125,6718.97705078125,148911000,0.0055708643349512
2023-07-06,6718.26318359375,6766.27294921875,6712.07421875,6757.3310546875,6757.3310546875,179543000,0.0057083100026051
2023-07-07,6757.0478515625,6757.0478515625,6711.22314453125,6716.458984375,6716.458984375,158332900,-0.0060485523029314
2023-07-10,6716.458984375,6763.5458984375,6716.458984375,6731.0380859375,6731.0380859375,123617000,0.0021706529581162
2023-07-11,6731.18017578125,6796.923828125,6730.6298828125,6796.923828125,6796.923828125,160428000,0.0097883478515963
2023-07-12,6796.923828125,6820.17919921875,6785.85595703125,6808.208984375,6808.208984375,161722800,0.0016603328999074
2023-07-13,6808.35107421875,6835.73779296875,6783.7412109375,6810.212890625,6810.212890625,171443900,0.0002943367711829
2023-07-14,6810.212890625,6874.77587890625,6810.212890625,6869.57177734375,6869.57177734375,160702800,0.0087161572878968
2023-07-17,6869.712890625,6931.27197265625,6867.14404296875,6867.14404296875,6867.14404296875,176805700,-0.0003534040335683
2023-07-18,6867.14404296875,6902.14306640625,6798.43212890625,6830.203125,6830.203125,150363000,-0.0053793713569433
2023-07-20,6830.06103515625,6874.89208984375,6827.9990234375,6864.18896484375,6864.18896484375,142032500,0.0049758168566547
2023-07-21,6864.18896484375,6880.8017578125,6837.64599609375,6880.8017578125,6880.8017578125,131640100,0.0024202120678546
2023-07-24,6880.8017578125,6929.68408203125,6877.9482421875,6899.39599609375,6899.39599609375,150084400,0.0027023359974203
2023-07-25,6897.97802734375,6944.6201171875,6897.97802734375,6917.7109375,6917.7109375,150504400,0.0026545717069463
2023-07-26,6917.7109375,6955.97509765625,6917.4072265625,6948.27880859375,6948.27880859375,149683800,0.004418784099238
2023-07-27,6948.27880859375,6966.1669921875,6896.6630859375,6896.6630859375,6896.6630859375,158624100,-0.0074285623933816
2023-07-28,6896.80517578125,6904.10498046875,6857.3681640625,6900.22998046875,6900.22998046875,146686100,0.000517191355704
2023-07-31,6900.22998046875,6931.35888671875,6895.0732421875,6931.35888671875,6931.35888671875,171457600,0.004511285324998
2023-08-01,6931.0751953125,6934.38720703125,6880.466796875,6886.49609375,6886.49609375,196062700,-0.0064724383345251
2023-08-02,6886.49609375,6886.49609375,6833.97998046875,6854.509765625,6854.509765625,183858400,-0.004644789990374
2023-08-03,6854.509765625,6924.05322265625,6839.7431640625,6898.0771484375,6898.0771484375,163613400,0.0063560173232211
2023-08-04,6898.21923828125,6925.01416015625,6850.89990234375,6852.841796875,6852.841796875,118791000,-0.0065576755071152
2023-08-07,6852.841796875,6904.35595703125,6852.841796875,6886.3662109375,6886.3662109375,134540800,0.0048920455274172
2023-08-08,6886.5068359375,6915.05078125,6861.634765625,6868.81298828125,6868.81298828125,170357400,-0.0025489818749938
2023-08-09,6868.81298828125,6901.06005859375,6863.083984375,6875.11181640625,6875.11181640625,218491200,0.0009170184332789
2023-08-10,6875.11181640625,6910.7548828125,6875.11181640625,6893.27587890625,6893.27587890625,162734000,0.0026420024844766
2023-08-11,6893.27587890625,6906.64501953125,6865.11181640625,6879.97900390625,6879.97900390625,130736700,-0.0019289631277763
2023-08-14,6879.97900390625,6910.171875,6823.75390625,6910.171875,6910.171875,138804900,0.004388512098163
2023-08-15,6910.455078125,6928.6298828125,6898.3818359375,6915.10107421875,6915.10107421875,172760000,0.0007133251253248
2023-08-16,6915.10107421875,6915.10107421875,6855.88818359375,6900.5380859375,6900.5380859375,152291200,-0.0021059689692092
2023-08-18,6899.830078125,6899.830078125,6856.37890625,6859.912109375,6859.912109375,130737900,-0.0058873635731815
2023-08-21,6860.05322265625,6890.27587890625,6859.4228515625,6866.033203125,6866.033203125,207708300,0.0008922991508353
2023-08-22,6866.033203125,6927.4482421875,6860.68896484375,6916.4501953125,6916.4501953125,158573900,0.007342957817995
2023-08-23,6916.4501953125,6959.43212890625,6916.4501953125,6921.41015625,6921.41015625,170674700,0.0007171252300581
2023-08-24,6921.41015625,6937.64892578125,6898.38818359375,6899.39208984375,6899.39208984375,142846200,-0.0031811532490049
2023-08-25,6899.39208984375,6906.083984375,6869.6328125,6895.44287109375,6895.44287109375,129994800,-0.0005724009736761
2023-08-28,6895.8681640625,6940.12109375,6895.8681640625,6921.72705078125,6921.72705078125,185488900,0.0038118189330065
2023-08-29,6921.72705078125,6964.73388671875,6921.72705078125,6957.8349609375,6957.8349609375,244345800,0.005216604164155
2023-08-30,6958.259765625,7008.48681640625,6958.259765625,6966.65576171875,6966.65576171875,159326300,0.0012677507918441
2023-08-31,6966.65576171875,6982.34521484375,6924.22509765625,6953.259765625,6953.259765625,233127700,-0.0019228732625716
2023-09-01,6953.259765625,6992.634765625,6950.26416015625,6977.65380859375,6977.65380859375,145790000,0.0035082887438417
2023-09-04,6977.7958984375,7007.8017578125,6974.8232421875,6996.75,6996.75,154577900,0.0027367639510476
2023-09-05,6996.75,7014.47998046875,6972.626953125,6991.7080078125,6991.7080078125,183173900,-0.0007206191714009
2023-09-06,6991.7080078125,7020.966796875,6989.7900390625,6995.953125,6995.953125,165422100,0.0006071645415908
2023-09-07,6996.09521484375,7003.671875,6927.4208984375,6954.80810546875,6954.80810546875,191159400,-0.0058812600364943
2023-09-08,6954.80810546875,6966.76611328125,6900.5869140625,6924.77978515625,6924.77978515625,140402900,-0.0043176346287524
2023-09-11,6924.77978515625,6963.39306640625,6904.36279296875,6963.39306640625,6963.39306640625,174103700,0.0055761024101834
2023-09-12,6963.39306640625,6976.47998046875,6928.22900390625,6933.96923828125,6933.96923828125,174683500,-0.0042255015398958
2023-09-13,6934.10986328125,6944.82080078125,6903.23486328125,6935.47607421875,6935.47607421875,163898700,0.0002173121751365
2023-09-14,6935.3349609375,6968.97705078125,6927.68017578125,6959.3330078125,6959.3330078125,171813100,0.0034398408037816
2023-09-15,6959.19091796875,7011.87890625,6945.06982421875,6982.791015625,6982.791015625,346903000,0.0033707264455036
2023-09-18,6982.791015625,6999.39794921875,6928.77099609375,6936.0830078125,6936.0830078125,153763100,-0.0066890170002201
2023-09-19,6936.3671875,6994.037109375,6934.7109375,6980.32080078125,6980.32080078125,135442200,0.0063779215039558
2023-09-20,6980.32080078125,7046.47509765625,6980.32080078125,7011.68115234375,7011.68115234375,146616600,0.0044926805597516
2023-09-21,7011.68115234375,7021.2939453125,6974.0087890625,6991.4658203125,6991.4658203125,138027800,-0.0028830934539133
2023-09-22,6991.4658203125,7040.1298828125,6985.958984375,7016.84423828125,7016.84423828125,155659000,0.0036299137578585
2023-09-25,7016.98486328125,7029.76611328125,6994.43896484375,6998.380859375,6998.380859375,182991900,-0.0026312938237278
2023-09-26,6998.09716796875,7019.5517578125,6913.81689453125,6923.7998046875,6923.7998046875,222491300,-0.0106569013870675
2023-09-27,6923.7998046875,6970.84619140625,6913.35205078125,6937.828125,6937.828125,154929800,0.0020261013761551
2023-09-29,6937.828125,6978.5927734375,6937.828125,6939.89208984375,6939.89208984375,165659400,0.000297494375266
2023-10-02,6939.89208984375,6984.5791015625,6939.61083984375,6961.458984375,6961.458984375,157872500,0.0031076700115859
2023-10-03,6961.458984375,6992.626953125,6940.88720703125,6940.88720703125,6940.88720703125,167668900,-0.0029550956760534
2023-10-04,6940.88720703125,6943.27392578125,6839.85791015625,6886.576171875,6886.576171875,196090300,-0.007824797253762
2023-10-05,6886.98583984375,6934.80419921875,6874.826171875,6874.826171875,6874.826171875,167955300,-0.0017062179676436
2023-10-06,6875.09912109375,6913.01220703125,6875.09912109375,6888.51806640625,6888.51806640625,142303700,0.0019915986512157
2023-10-09,6888.51806640625,6929.97119140625,6880.5380859375,6891.455078125,6891.455078125,139709000,0.0004263633615295
2023-10-10,6891.455078125,6954.0087890625,6891.455078125,6922.18798828125,6922.18798828125,123670000,0.0044595676541232
2023-10-11,6922.18798828125,6965.8251953125,6914.72119140625,6931.7529296875,6931.7529296875,178123100,0.0013817800704694
2023-10-12,6931.88916015625,6986.8828125,6931.88916015625,6935.15087890625,6935.15087890625,218808900,0.0004902005673337
2023-10-13,6934.8779296875,6973.751953125,6902.05908203125,6926.77978515625,6926.77978515625,216335000,-0.0012070528667892
2023-10-16,6926.916015625,6970.59814453125,6878.26318359375,6896.2919921875,6896.2919921875,341572100,-0.0044014381739236
2023-10-17,6896.2919921875,6948.0390625,6892.23291015625,6939.615234375,6939.615234375,176866700,0.0062821067084426
2023-10-18,6939.615234375,6968.2548828125,6908.2861328125,6927.90576171875,6927.90576171875,187464900,-0.0016873374475068
2023-10-19,6927.6328125,6927.98095703125,6840.365234375,6846.4267578125,6846.4267578125,205941400,-0.0117609861780273
2023-10-20,6846.4267578125,6869.47412109375,6803.19287109375,6849.16796875,6849.16796875,194064800,0.0004003856368393
2023-10-23,6849.16796875,6853.44921875,6730.8759765625,6741.9638671875,6741.9638671875,168543100,-0.0156521349821802
2023-10-24,6741.828125,6826.048828125,6738.533203125,6806.76220703125,6806.76220703125,141478700,0.00961119654751
2023-10-25,6806.89892578125,6878.56005859375,6806.89892578125,6834.38818359375,6834.38818359375,153802700,0.0040586075614574
2023-10-26,6833.97900390625,6838.80908203125,6704.52001953125,6714.51904296875,6714.51904296875,168306200,-0.017539117972952
2023-10-27,6714.51904296875,6781.39306640625,6713.93701171875,6758.79296875,6758.79296875,163096100,0.006593759805866
2023-10-30,6758.6572265625,6775.212890625,6692.77978515625,6735.89208984375,6735.89208984375,157763400,-0.0033883089794486
2023-10-31,6735.89208984375,6754.51611328125,6666.41015625,6752.2109375,6752.2109375,195489700,0.0024226705889269
2023-11-01,6751.93896484375,6773.98095703125,6639.82421875,6642.41796875,6642.41796875,206571400,-0.0162602989992861
2023-11-02,6642.68994140625,6784.9951171875,6642.68994140625,6751.38623046875,6751.38623046875,221191100,0.0164049089098885
2023-11-03,6751.38623046875,6826.6181640625,6748.69580078125,6788.85009765625,6788.85009765625,231714900,0.0055490629492396
2023-11-06,6788.85009765625,6878.8359375,6787.22802734375,6878.8359375,6878.8359375,228787500,0.0132549457639101
2023-11-07,6878.8359375,6887.02294921875,6806.8818359375,6843.7900390625,6843.7900390625,193087900,-0.0050947425924853
2023-11-08,6843.65380859375,6843.91796875,6760.10205078125,6804.10595703125,6804.10595703125,151412300,-0.005798553404582
2023-11-09,6804.10595703125,6865.0771484375,6793.76416015625,6838.23291015625,6838.23291015625,120495400,0.0050156410468202
2023-11-10,6838.23291015625,6843.95703125,6801.9189453125,6809.26318359375,6809.26318359375,133618500,-0.004236434608636
2023-11-13,6809.26318359375,6857.10302734375,6809.26318359375,6838.31201171875,6838.31201171875,187630200,0.0042660751011931
2023-11-14,6838.0400390625,6886.81005859375,6829.94921875,6862.05517578125,6862.05517578125,152609900,0.0034720796626144
2023-11-15,6862.3271484375,6985.5908203125,6862.3271484375,6958.205078125,6958.205078125,181839600,0.0140118229715056
2023-11-16,6958.3408203125,6964.1689453125,6906.59423828125,6958.0078125,6958.0078125,122880300,-2.835007344348384e-05
2023-11-17,6958.14501953125,6977.66796875,6919.6298828125,6977.66796875,6977.66796875,122926700,0.0028255438596491
2023-11-20,6977.66796875,7011.05908203125,6962.7509765625,6994.88818359375,6994.88818359375,150491900,0.002467904021927
2023-11-21,6994.88818359375,7010.97802734375,6946.9609375,6961.7900390625,6961.7900390625,160615900,-0.0047317617755321
2023-11-22,6961.7900390625,6965.4111328125,6893.5068359375,6906.953125,6906.953125,181914600,-0.0078768411220118
2023-11-23,6907.0888671875,7018.42919921875,6906.60986328125,7004.34423828125,7004.34423828125,219080000,0.014100445090432
2023-11-24,7004.47998046875,7049.541015625,7000.09716796875,7009.630859375,7009.630859375,181146200,0.0007547631746676
2023-11-27,7009.630859375,7061.8271484375,7008.81298828125,7013.40576171875,7013.40576171875,163462500,0.0005385308327188
2023-11-28,7013.40576171875,7067.14306640625,7010.8251953125,7041.0732421875,7041.0732421875,167633600,0.0039449422162007
2023-11-29,7041.0732421875,7070.19091796875,7020.01220703125,7036.0869140625,7036.0869140625,167555900,-0.0007081772839861
2023-11-30,7036.0869140625,7109.60888671875,7036.0869140625,7080.7412109375,7080.7412109375,259745500,0.0063464674925708
2023-12-01,7080.06103515625,7083.85595703125,7022.76513671875,7059.90576171875,7059.90576171875,265990100,-0.0029425520009919
2023-12-04,7060.0419921875,7149.244140625,7060.0419921875,7093.60009765625,7093.60009765625,308380600,0.0047726325357204
2023-12-05,7093.05615234375,7117.578125,7047.6318359375,7100.85498046875,7100.85498046875,319577000,0.0010227363697732
2023-12-06,7100.85498046875,7140.1572265625,7085.81201171875,7087.39501953125,7087.39501953125,272847500,-0.0018955408855021
2023-12-07,7087.39501953125,7134.623046875,7041.0087890625,7134.623046875,7134.623046875,235230700,0.0066636651708562
2023-12-08,7134.623046875,7201.62890625,7123.037109375,7159.59814453125,7159.59814453125,270037600,0.0035005490117925
2023-12-11,7139.27587890625,7153.115234375,7045.1728515625,7088.78515625,7088.78515625,490104800,-0.0098906372748502
2023-12-12,7104.97216796875,7134.22021484375,7082.8798828125,7125.30712890625,7125.30712890625,255110500,0.0051520778033524
2023-12-13,7110.0771484375,7124.47509765625,7045.94287109375,7075.3408203125,7075.3408203125,182766500,-0.0070125129611668
2023-12-14,7134.0419921875,7191.1591796875,7115.44677734375,7176.01611328125,7176.01611328125,228648300,0.0142290379397305
2023-12-15,7183.14892578125,7215.93701171875,7169.43017578125,7190.98779296875,7190.98779296875,207901200,0.0020863497867278
2023-12-18,7181.43408203125,7192.89208984375,7092.02783203125,7119.52490234375,7119.52490234375,239480200,-0.0099378406252997
2023-12-19,7116.5458984375,7187.84619140625,7112.81787109375,7187.84619140625,7187.84619140625,155446500,0.0095963270021022
2023-12-20,7207.18017578125,7237.9658203125,7196.2412109375,7219.6669921875,7219.6669921875,142313600,0.0044270286166243
2023-12-21,7222.0927734375,7229.2880859375,7173.0078125,7209.619140625,7209.619140625,144347800,-0.001391733382353
2023-12-22,7225.6201171875,7248.5478515625,7218.1748046875,7237.51904296875,7237.51904296875,111284900,0.0038698163938424
2023-12-27,7256.158203125,7293.52490234375,7239.6630859375,7245.916015625,7245.916015625,124953000,0.0011602004231556
2023-12-28,7266.56884765625,7308.205078125,7262.25390625,7303.88818359375,7303.88818359375,123036000,0.0080006679409116
2023-12-29,7307.11083984375,7309.7822265625,7259.68212890625,7272.796875,7272.796875,123172800,-0.0042568160700472
2024-01-02,7268.39794921875,7323.587890625,7245.56591796875,7323.587890625,7323.587890625,121359000,0.006983697812267
2024-01-03,7316.10888671875,7321.87890625,7275.8740234375,7279.0908203125,7279.0908203125,159498400,-0.0060758566671209
2024-01-04,7290.06494140625,7371.23486328125,7280.4072265625,7359.76318359375,7359.76318359375,155674900,0.0110827526778662
2024-01-05,7376.2880859375,7403.578125,7350.619140625,7350.619140625,7350.619140625,163057200,-0.0012424371193265
2024-01-08,7362.046875,7393.1318359375,7275.1708984375,7283.5751953125,7283.5751953125,140602400,-0.0091208569006064
2024-01-09,7299.783203125,7311.63818359375,7180.1572265625,7200.203125,7200.203125,152570700,-0.0114465860620421
2024-01-10,7187.580078125,7259.60107421875,7152.8779296875,7227.296875,7227.296875,152699300,0.0037629146747162
2024-01-11,7253.4560546875,7277.5009765625,7219.9638671875,7219.9638671875,7219.9638671875,190523900,-0.0010146266217271
2024-01-12,7242.3671875,7271.8720703125,7205.7587890625,7241.13818359375,7241.13818359375,152196500,0.0029327454812455
2024-01-15,7254.044921875,7281.26123046875,7206.30712890625,7224.0009765625,7224.0009765625,132959600,-0.0023666454909088
2024-01-16,7231.63916015625,7268.17822265625,7210.02880859375,7242.787109375,7242.787109375,130295500,0.0026005163722222
2024-01-17,7248.01416015625,7252.45703125,7162.48486328125,7200.634765625,7200.634765625,202143100,-0.0058199064964146
2024-01-18,7198.85009765625,7267.080078125,7185.37890625,7252.966796875,7252.966796875,158921700,0.0072676969396958
2024-01-19,7271.341796875,7277.97900390625,7170.80517578125,7227.40185546875,7227.40185546875,137359600,-0.003524756437223
2024-01-22,7233.1728515625,7247.92822265625,7194.951171875,7247.92822265625,7247.92822265625,141722200,0.0028400755344699
2024-01-23,7232.51611328125,7256.22900390625,7201.8291015625,7256.22900390625,7256.22900390625,132610200,0.001145262617813
2024-01-24,7255.77001953125,7271.9580078125,7170.2978515625,7227.8232421875,7227.8232421875,128902300,-0.0039146727182202
2024-01-25,7215.52685546875,7253.72021484375,7176.11181640625,7178.0419921875,7178.0419921875,130391900,-0.006887447068356
2024-01-26,7152.26904296875,7166.68994140625,7099.083984375,7137.087890625,7137.087890625,140214300,-0.0057054697655815
2024-01-29,7147.71484375,7177.69677734375,7115.0361328125,7157.1748046875,7157.1748046875,160408500,0.0028144411796982
2024-01-30,7147.23583984375,7213.18896484375,7133.61376953125,7192.2158203125,7192.2158203125,182161800,0.0048959284328293
2024-01-31,7213.30712890625,7247.51806640625,7192.64404296875,7207.94091796875,7207.94091796875,170270400,0.0021864051426041
2024-02-01,7221.85205078125,7248.52978515625,7191.69482421875,7201.69580078125,7201.69580078125,157409100,-0.0008664218059739
2024-02-02,7221.90087890625,7238.78515625,7180.35693359375,7238.78515625,7238.78515625,114364900,0.0051500863817
2024-02-05,7237.3349609375,7254.0888671875,7186.1708984375,7198.615234375,7198.615234375,137325900,-0.0055492628953516
2024-02-06,7230.14892578125,7268.1318359375,7212.14013671875,7247.408203125,7247.408203125,138020300,0.0067781048384143
2024-02-07,7264.97607421875,7285.1279296875,7225.44921875,7235.15185546875,7235.15185546875,138054800,-0.0016911352738439
2024-02-12,7268.3349609375,7306.158203125,7250.31005859375,7297.6689453125,7297.6689453125,178661300,0.008640743289513
2024-02-13,7301.587890625,7301.587890625,7197.8271484375,7209.7412109375,7209.7412109375,128287400,-0.0120487425551797
2024-02-15,7337.630859375,7365.68212890625,7298.48193359375,7303.28076171875,7303.28076171875,184420400,0.0129740510851272
2024-02-16,7337.81591796875,7370.56982421875,7314.8828125,7335.544921875,7335.544921875,146427800,0.0044177625383605
2024-02-19,7323.31201171875,7339.755859375,7277.537109375,7296.7021484375,7296.7021484375,151238000,-0.0052951449212271
2024-02-20,7320.72314453125,7354.10791015625,7309.498046875,7352.60107421875,7352.60107421875,129972000,0.0076608479617357
2024-02-21,7345.791015625,7370.8818359375,7286.669921875,7349.02099609375,7349.02099609375,152570100,-0.000486913146635
2024-02-22,7334.9521484375,7365.76123046875,7321.52294921875,7339.63623046875,7339.63623046875,154523800,-0.0012770089553408
2024-02-23,7326.52685546875,7340.18994140625,7262.10009765625,7295.09521484375,7295.09521484375,146259500,-0.0060685590166034
2024-02-26,7277.64013671875,7295.14208984375,7252.2841796875,7283.8232421875,7283.8232421875,147080400,-0.0015451440076222
2024-02-27,7263.98779296875,7292.93115234375,7255.1240234375,7285.31689453125,7285.31689453125,183851000,0.0002050643314761
2024-02-28,7292.0751953125,7328.73876953125,7289.2578125,7328.63623046875,7328.63623046875,220356500,0.0059461155313667
2024-02-29,7326.80322265625,7337.9228515625,7289.341796875,7316.11083984375,7316.11083984375,230050900,-0.0017091025166354
2024-03-01,7318.666015625,7331.31591796875,7269.89404296875,7311.9072265625,7311.9072265625,134622000,-0.0005745693816388
2024-03-04,7318.83203125,7328.384765625,7259.78076171875,7276.7490234375,7276.7490234375,168064100,-0.0048083491810834
2024-03-05,7296.5341796875,7305.44677734375,7238.3388671875,7247.4599609375,7247.4599609375,152811800,-0.0040250202948683
2024-03-06,7252.0849609375,7331.0810546875,7248.52783203125,7329.80078125,7329.80078125,180285900,0.011361334972018
2024-03-07,7338.73193359375,7386.8740234375,7334.30810546875,7373.9638671875,7373.9638671875,193312700,0.0060251413722554
2024-03-08,7398.42919921875,7416.43310546875,7376.15576171875,7381.9072265625,7381.9072265625,125243200,0.0010772170189694
2024-03-13,7422.3017578125,7441.6162109375,7392.01123046875,7421.20703125,7421.20703125,135225800,0.00532380094755
2024-03-14,7405.56689453125,7454.4482421875,7380.64794921875,7433.31494140625,7433.31494140625,129206200,0.0016315284165049
2024-03-15,7408.658203125,7416.3388671875,7308.03515625,7328.05419921875,7328.05419921875,231480500,-0.014160672999493
2024-03-18,7338.076171875,7358.55078125,7300.94091796875,7302.44921875,7302.44921875,155334600,-0.0034941035877545
2024-03-19,7320.5380859375,7361.52978515625,7314.18017578125,7336.74609375,7336.74609375,137594400,0.0046966262924414
2024-03-20,7303.92919921875,7343.4599609375,7295.35009765625,7331.1279296875,7331.1279296875,169731600,-0.0007657569160375
2024-03-21,7360.55810546875,7396.47119140625,7336.59521484375,7338.35302734375,7338.35302734375,139792200,0.0009855369767852
2024-03-22,7327.51416015625,7350.15185546875,7318.43603515625,7350.15185546875,7350.15185546875,123735900,0.0016078305419535
2024-03-25,7339.52392578125,7377.759765625,7316.92919921875,7377.759765625,7377.759765625,124315600,0.0037561006492279
2024-03-26,7337.6611328125,7371.84423828125,7330.4638671875,7365.6640625,7365.6640625,138442500,-0.001639481835849
2024-03-27,7364.23095703125,7375.39990234375,7292.7978515625,7310.091796875,7310.091796875,125276700,-0.007544773309433
2024-03-28,7289.158203125,7313.01416015625,7244.9541015625,7288.81298828125,7288.81298828125,124084200,-0.0029108811742756
2024-04-01,7286.11376953125,7295.0029296875,7137.4638671875,7205.06103515625,7205.06103515625,124345600,-0.0114904790752148
2024-04-02,7199.1240234375,7236.98388671875,7153.93896484375,7236.98388671875,7236.98388671875,127711500,0.0044306150089132
2024-04-03,7214.02001953125,7226.35302734375,7158.740234375,7166.84423828125,7166.84423828125,111040300,-0.0096918342689997
2024-04-04,7170.71923828125,7254.39892578125,7165.8310546875,7254.39892578125,7254.39892578125,108900300,0.0122166304427731
2024-04-05,7245.32177734375,7298.85888671875,7239.27392578125,7286.8818359375,7286.8818359375,94886600,0.004477684572985
2024-04-16,7130.6279296875,7188.0888671875,7066.5732421875,7164.80712890625,7164.80712890625,175642500,-0.0167526672971697
2024-04-17,7199.830078125,7234.3740234375,7130.8408203125,7130.8408203125,7130.8408203125,143541300,-0.0047407149952038
2024-04-18,7151.73779296875,7180.55908203125,7135.52001953125,7166.81396484375,7166.81396484375,129376600,0.0050447269035622
2024-04-19,7131.455078125,7141.5810546875,7036.2060546875,7087.31689453125,7087.31689453125,150694500,-0.0110923864777943
2024-04-22,7099.51708984375,7117.02392578125,7026.47705078125,7073.81982421875,7073.81982421875,121595900,-0.0019043977450641
2024-04-23,7102.80810546875,7165.9541015625,7099.841796875,7110.81298828125,7110.81298828125,172892100,0.0052295881124715
2024-04-24,7127.0478515625,7191.1767578125,7126.85009765625,7174.533203125,7174.533203125,154056000,0.0089610308903864
2024-04-25,7167.98388671875,7177.06494140625,7132.10205078125,7155.2939453125,7155.2939453125,140400000,-0.0026816041222194
2024-04-26,7137.93408203125,7149.25390625,7036.0751953125,7036.0751953125,7036.0751953125,137603900,-0.0166616145907047
2024-04-29,7021.4921875,7155.7841796875,7021.4921875,7155.7841796875,7155.7841796875,129998600,0.0170136021932727
2024-04-30,7187.4140625,7266.8681640625,7179.68505859375,7234.19677734375,7234.19677734375,156560600,0.0109579321688926
2024-05-02,7227.60791015625,7232.9521484375,7072.47412109375,7117.4248046875,7117.4248046875,145628700,-0.0161416638571346
2024-05-03,7142.86376953125,7165.10205078125,7094.6162109375,7134.72412109375,7134.72412109375,159524500,0.002430558366399
2024-05-06,7171.58984375,7178.76708984375,7102.68505859375,7135.89013671875,7135.89013671875,164988900,0.0001634282706954
2024-05-07,7136.85205078125,7159.76708984375,7108.17578125,7123.61181640625,7123.61181640625,148490800,-0.001720643126121
2024-05-08,7129.4560546875,7164.30810546875,7071.34521484375,7088.794921875,7088.794921875,147871800,-0.0048875339404462
2024-05-13,7061.373046875,7111.59912109375,7052.22998046875,7099.26123046875,7099.26123046875,134590500,0.0014764580876014
2024-05-14,7095.52197265625,7136.64013671875,7071.501953125,7083.76318359375,7083.76318359375,137468100,-0.0021830506544097
2024-05-15,7085.37890625,7192.14501953125,7082.1181640625,7179.8310546875,7179.8310546875,139854300,0.0135616999896674
2024-05-16,7203.169921875,7270.7568359375,7201.9150390625,7246.69580078125,7246.69580078125,154713600,0.009312857863152
2024-05-17,7249.72705078125,7356.71484375,7245.19580078125,7317.23779296875,7317.23779296875,181505100,0.0097343664101223
2024-05-20,7329.39990234375,7374.546875,7243.01220703125,7266.69091796875,7266.69091796875,158071100,-0.0069079174997662
2024-05-21,7258.4111328125,7295.05615234375,7179.52880859375,7186.037109375,7186.037109375,135589400,-0.0110991109301639
2024-05-22,7198.19287109375,7239.86181640625,7191.10595703125,7222.3818359375,7222.3818359375,135720300,0.0050576870129273
2024-05-27,7219.98193359375,7256.18408203125,7171.48583984375,7176.419921875,7176.419921875,190885600,-0.0063638166890872
2024-05-28,7228.5078125,7308.13720703125,7228.4111328125,7253.6259765625,7253.6259765625,166427200,0.0107582966894346
2024-05-29,7275.52978515625,7282.0,7127.208984375,7140.22900390625,7140.22900390625,144619600,-0.015633143068398
2024-05-30,7125.77197265625,7134.70703125,6984.97900390625,7034.14208984375,7034.14208984375,177693800,-0.0148576346787284
2024-05-31,7076.373046875,7102.21923828125,6959.22705078125,6970.73583984375,6970.73583984375,269684600,-0.0090140701154657
2024-06-03,7030.20703125,7088.40087890625,6993.09423828125,7036.19091796875,7036.19091796875,141774800,0.0093899811481692
2024-06-04,7071.09423828125,7149.19287109375,7065.0341796875,7099.31201171875,7099.31201171875,160663800,0.0089709182831869
2024-06-05,7114.53515625,7118.34912109375,6934.94287109375,6947.669921875,6947.669921875,137116300,-0.0213601106126108
2024-06-06,6992.56298828125,7032.57421875,6939.5458984375,6974.89697265625,6974.89697265625,129986000,0.0039188751174727
2024-06-07,6987.7939453125,6994.115234375,6887.81201171875,6897.9501953125,6897.9501953125,109886700,-0.0110319589874093
2024-06-10,6910.72021484375,6929.09716796875,6846.380859375,6921.5478515625,6921.5478515625,228419200,0.0034209664584177
2024-06-11,6900.31005859375,6932.4619140625,6855.69091796875,6855.69091796875,6855.69091796875,150124200,-0.0095147696737923
2024-06-12,6859.34912109375,6866.26611328125,6821.5078125,6850.09716796875,6850.09716796875,165086100,-0.0008159279738441
2024-06-13,6893.8408203125,6896.65283203125,6831.56396484375,6831.56396484375,6831.56396484375,154352200,-0.0027055387201895
2024-06-14,6829.9931640625,6840.19677734375,6713.27197265625,6734.83203125,6734.83203125,143790500,-0.0141595590836223
2024-06-19,6739.89501953125,6791.52685546875,6698.84814453125,6726.9189453125,6726.9189453125,215680300,-0.001174949263884
2024-06-20,6751.23583984375,6825.55517578125,6728.40185546875,6819.32080078125,6819.32080078125,138884000,0.0137361333204613
2024-06-21,6838.47802734375,6945.833984375,6823.06201171875,6879.97802734375,6879.97802734375,202168500,0.0088949073279482
2024-06-24,6877.4677734375,6914.81201171875,6870.30517578125,6889.1650390625,6889.1650390625,113953400,0.0013353257353783
2024-06-25,6874.8671875,6890.44287109375,6843.64697265625,6882.7041015625,6882.7041015625,103645300,-0.0009378404296261
2024-06-26,6885.81591796875,6936.26220703125,6885.40283203125,6905.64208984375,6905.64208984375,111785600,0.0033327000467799
2024-06-27,6929.14501953125,6968.13623046875,6915.830078125,6967.951171875,6967.951171875,85223100,0.0090229237514189
2024-06-28,6989.3740234375,7084.623046875,6987.80078125,7063.5771484375,7063.5771484375,104714500,0.0137236863754841
2024-07-01,7076.6259765625,7139.6259765625,7075.375,7139.6259765625,7139.6259765625,108297900,0.0107663336191949
2024-07-02,7149.0439453125,7176.869140625,7099.0498046875,7125.14208984375,7125.14208984375,121880100,-0.0020286618327481
2024-07-03,7153.76611328125,7196.7548828125,7126.81494140625,7196.7548828125,7196.7548828125,126775400,0.0100507178756235
2024-07-04,7212.703125,7262.837890625,7204.43896484375,7220.88916015625,7220.88916015625,158574300,0.0033534944202959
2024-07-05,7248.72314453125,7275.93798828125,7213.39013671875,7253.3720703125,7253.3720703125,130902100,0.0044984640306466
2024-07-08,7261.98291015625,7265.083984375,7215.4677734375,7250.97705078125,7250.97705078125,160069900,-0.0003301939440074
2024-07-09,7254.1572265625,7302.94189453125,7239.63818359375,7269.80078125,7269.80078125,136101900,0.0025960267612104
2024-07-10,7283.18896484375,7313.2001953125,7272.1220703125,7287.0419921875,7287.0419921875,214279500,0.0023716208265249
2024-07-11,7302.5048828125,7328.26904296875,7274.06201171875,7300.4072265625,7300.4072265625,146390900,0.0018341096962704
2024-07-12,7336.48388671875,7354.1630859375,7300.7451171875,7327.580078125,7327.580078125,130722300,0.0037221007978338
2024-07-15,7336.30810546875,7346.10400390625,7252.81103515625,7278.86279296875,7278.86279296875,107422000,-0.0066484821232708
2024-07-16,7289.80908203125,7294.7919921875,7213.2841796875,7224.29296875,7224.29296875,107863200,-0.007497026083726
2024-07-17,7261.22021484375,7265.0869140625,7207.5830078125,7224.2177734375,7224.2177734375,218209000,-1.0408674291806363e-05
2024-07-18,7231.72998046875,7330.80810546875,7220.09619140625,7321.07080078125,7321.07080078125,146217900,0.013406714800302
2024-07-19,7304.27880859375,7315.13916015625,7249.81689453125,7294.4951171875,7294.4951171875,125286800,-0.0036300268522077
2024-07-22,7316.248046875,7341.908203125,7301.4189453125,7321.97607421875,7321.97607421875,140918600,0.0037673556003208
2024-07-23,7336.27685546875,7347.01708984375,7293.30908203125,7313.85693359375,7313.85693359375,251719000,-0.0011088728702062
2024-07-24,7298.5078125,7311.15185546875,7249.27685546875,7262.7587890625,7262.7587890625,149278800,-0.0069864840118143
2024-07-25,7264.2138671875,7268.046875,7207.81787109375,7240.27685546875,7240.27685546875,125922000,-0.003095508779337
2024-07-26,7262.1298828125,7298.9560546875,7256.5341796875,7288.1669921875,7288.1669921875,128745600,0.0066144068348128
2024-07-29,7304.59814453125,7333.89892578125,7274.2529296875,7288.89697265625,7288.89697265625,131946800,0.0001001596793175
2024-07-30,7283.9169921875,7292.55517578125,7226.7822265625,7241.86376953125,7241.86376953125,124088300,-0.0064527188820807
2024-07-31,7251.80419921875,7275.18603515625,7226.49609375,7255.76220703125,7255.76220703125,140459400,0.0019191796397046
2024-08-01,7274.51708984375,7325.98486328125,7258.8740234375,7325.98486328125,7325.98486328125,119012300,0.0096781915181771
2024-08-02,7304.0859375,7337.98095703125,7264.0078125,7308.123046875,7308.123046875,130681400,-0.0024381454152022
2024-08-05,7254.61279296875,7257.47607421875,6998.81103515625,7059.65283203125,7059.65283203125,196047200,-0.0339991832718248
2024-08-06,7098.6728515625,7167.259765625,7066.5009765625,7129.21484375,7129.21484375,122457600,0.0098534606975475
2024-08-07,7149.5087890625,7246.2578125,7147.29296875,7212.130859375,7212.130859375,128572200,0.0116304554487778
2024-08-08,7212.7412109375,7234.44677734375,7181.76611328125,7195.12109375,7195.12109375,125248900,-0.0023584937595647
2024-08-09,7219.98388671875,7267.421875,7219.9228515625,7256.99609375,7256.99609375,112712600,0.0085995772960301
2024-08-12,7265.15087890625,7297.625,7230.78515625,7297.625,7297.625,156405500,0.0055985845555286
2024-08-13,7316.42822265625,7366.65087890625,7286.5498046875,7356.63818359375,7356.63818359375,146066800,0.0080866286762817
2024-08-14,7377.0068359375,7445.6640625,7372.89111328125,7436.0390625,7436.0390625,168060500,0.010793092840059
2024-08-15,7442.91015625,7460.38720703125,7386.73681640625,7409.5009765625,7409.5009765625,150416800,-0.0035688470319275
2024-08-16,7443.93505859375,7459.7490234375,7417.20703125,7432.08984375,7432.08984375,151268200,0.0030486354288841
2024-08-19,7428.7412109375,7466.8310546875,7420.3759765625,7466.8310546875,7466.8310546875,138674400,0.0046744874817028
2024-08-20,7490.31982421875,7538.1572265625,7482.5048828125,7533.98486328125,7533.98486328125,183613200,0.008993615645233
2024-08-21,7563.08203125,7594.546875,7543.63916015625,7554.5927734375,7554.5927734375,199930800,0.0027353267268543
2024-08-22,7531.34716796875,7540.27294921875,7460.40380859375,7488.67578125,7488.67578125,140745300,-0.008725419643964
2024-08-23,7510.6640625,7567.51416015625,7507.73779296875,7544.2978515625,7544.2978515625,128771000,0.0074274907790461
2024-08-26,7549.412109375,7619.90283203125,7549.412109375,7606.19482421875,7606.19482421875,142108800,0.0082044709625868
2024-08-27,7598.4638671875,7610.201171875,7547.26318359375,7597.880859375,7597.880859375,141150100,-0.0010930517868511
2024-08-28,7604.3271484375,7672.287109375,7581.048828125,7658.875,7658.875,152042100,0.0080277832403412
2024-08-29,7679.52783203125,7715.7587890625,7627.60400390625,7627.60400390625,7627.60400390625,153940300,-0.004082975122815
2024-08-30,7642.77880859375,7673.18212890625,7616.34521484375,7670.73291015625,7670.73291015625,194479000,0.0056543190008175
2024-09-02,7686.5390625,7726.18798828125,7669.921875,7694.52978515625,7694.52978515625,156165700,0.0031022948235484
2024-09-03,7706.65087890625,7726.662109375,7598.46923828125,7616.52099609375,7616.52099609375,165704700,-0.0101382139312774
2024-09-04,7577.09619140625,7672.89599609375,7546.048828125,7672.89599609375,7672.89599609375,147636500,0.0074016732874382
2024-09-05,7679.64892578125,7722.22509765625,7650.80419921875,7681.04296875,7681.04296875,137717400,0.0010617858837651
2024-09-06,7684.81201171875,7754.47509765625,7683.7041015625,7721.84619140625,7721.84619140625,122729500,0.0053121982030639
2024-09-09,7729.2548828125,7748.3251953125,7654.72509765625,7702.73876953125,7702.73876953125,138539000,-0.002474462894154
2024-09-10,7725.283203125,7764.77978515625,7723.30078125,7761.38818359375,7761.38818359375,196539800,0.0076140988052837
2024-09-11,7770.26806640625,7802.47607421875,7736.78076171875,7760.955078125,7760.955078125,171932600,-5.580257790294141e-05
2024-09-12,7782.01611328125,7833.27197265625,7782.01611328125,7798.15380859375,7798.15380859375,252749100,0.0047930609176696
2024-09-13,7805.68994140625,7828.9658203125,7775.63623046875,7812.130859375,7812.130859375,162457200,0.0017923538217272
2024-09-17,7832.52490234375,7854.01806640625,7802.27001953125,7831.77880859375,7831.77880859375,216113800,0.0025150563364118
2024-09-18,7845.81396484375,7879.0439453125,7818.9599609375,7829.134765625,7829.134765625,241800200,-0.0003376043978474
2024-09-19,7858.11279296875,7910.55615234375,7853.35302734375,7905.39013671875,7905.39013671875,259454000,0.0097399487142002
2024-09-20,7904.39501953125,7904.51318359375,7738.32080078125,7743.00390625,7743.00390625,317741900,-0.0205412038698131
2024-09-23,7743.201171875,7775.73095703125,7675.291015625,7775.73095703125,7775.73095703125,260227800,0.0042266607607976
2024-09-24,7774.55615234375,7810.5400390625,7717.8388671875,7778.4912109375,7778.4912109375,182808900,0.0003549832062739
2024-09-25,7747.85498046875,7760.8837890625,7633.44677734375,7740.90185546875,7740.90185546875,276661800,-0.0048324738627839
2024-09-26,7723.09716796875,7763.0810546875,7673.0478515625,7744.51611328125,7744.51611328125,202756700,0.0004669039706202
2024-09-27,7713.7998046875,7736.916015625,7663.47607421875,7696.916015625,7696.916015625,190512300,-0.0061462971940389
2024-09-30,7674.2861328125,7679.2421875,7527.92919921875,7527.92919921875,7527.92919921875,222223500,-0.0219551332070144
2024-10-01,7551.4619140625,7642.1328125,7547.11083984375,7642.1328125,7642.1328125,206962900,0.0151706545397773
2024-10-02,7601.73779296875,7619.10400390625,7501.4599609375,7563.26220703125,7563.26220703125,315317300,-0.010320496568673
2024-10-03,7567.44921875,7581.333984375,7504.4072265625,7543.828125,7543.828125,189365800,-0.0025695369933337
2024-10-04,7531.7919921875,7549.23291015625,7467.7958984375,7496.0908203125,7496.0908203125,223945300,-0.0063279947390768
2024-10-07,7493.6572265625,7540.23583984375,7450.1982421875,7504.134765625,7504.134765625,235809600,0.0010730853594653
2024-10-08,7486.72119140625,7592.8837890625,7449.47900390625,7557.14208984375,7557.14208984375,194830700,0.0070637489696434
2024-10-09,7556.55517578125,7595.576171875,7501.216796875,7501.28515625,7501.28515625,169190500,-0.0073912774074762
2024-10-10,7501.869140625,7528.953125,7467.81884765625,7480.080078125,7480.080078125,157952700,-0.0028268593558707
2024-10-11,7520.52978515625,7549.541015625,7506.27587890625,7520.60205078125,7520.60205078125,159472100,0.0054173180277512
2024-10-14,7518.81298828125,7570.26708984375,7518.81298828125,7559.65478515625,7559.65478515625,205872100,0.0051927670299936
2024-10-15,7579.0458984375,7635.0439453125,7573.4521484375,7626.951171875,7626.951171875,218732600,0.0089020449519585
2024-10-16,7645.2119140625,7658.39794921875,7616.60400390625,7648.93994140625,7648.93994140625,197424300,0.002883035309356
2024-10-17,7661.0732421875,7758.669921875,7657.72119140625,7735.0390625,7735.0390625,224594300,0.011256346860258
2024-10-18,7762.15185546875,7790.7109375,7718.6767578125,7760.06005859375,7760.06005859375,234291900,0.003234760146856
2024-10-21,7780.2451171875,7795.0869140625,7739.88720703125,7772.59619140625,7772.59619140625,246855900,0.0016154685296045
2024-10-22,7752.3837890625,7801.40380859375,7731.9609375,7788.98291015625,7788.98291015625,286785700,0.0021082683760309
2024-10-23,7774.009765625,7805.9169921875,7761.251953125,7787.56494140625,7787.56494140625,269650200,-0.0001820479986097
2024-10-24,7778.65576171875,7794.86279296875,7716.548828125,7716.548828125,7716.548828125,242869700,-0.0091191680346265
2024-10-25,7717.42578125,7752.2509765625,7678.17822265625,7694.66015625,7694.66015625,205788500,-0.00283658826796
2024-10-28,7705.873046875,7714.73876953125,7599.62109375,7634.630859375,7634.630859375,197205700,-0.0078014227602035
2024-10-29,7625.4677734375,7666.43017578125,7587.2099609375,7606.60009765625,7606.60009765625,182774700,-0.0036715280980912
2024-10-30,7558.7958984375,7581.9091796875,7521.73486328125,7569.85009765625,7569.85009765625,168203300,-0.0048313306244827
2024-10-31,7569.71923828125,7617.36279296875,7558.68310546875,7574.01904296875,7574.01904296875,203290200,0.0005507302335869
2024-11-01,7573.7939453125,7583.68798828125,7485.45703125,7505.2568359375,7505.2568359375,155270800,-0.0090786947644506
2024-11-04,7505.11083984375,7529.703125,7415.80908203125,7479.5029296875,7479.5029296875,212287900,-0.0034314490247265
2024-11-05,7474.4521484375,7496.99609375,7451.5478515625,7491.93115234375,7491.93115234375,182653900,0.0016616375142952
2024-11-06,7495.130859375,7506.60107421875,7363.03076171875,7383.8681640625,7383.8681640625,235788800,-0.0144239163553236
2024-11-07,7373.56689453125,7381.7578125,7243.85986328125,7243.85986328125,7243.85986328125,204087800,-0.0189613760254651
2024-11-08,7263.9619140625,7350.36181640625,7263.9619140625,7287.19091796875,7287.19091796875,148863600,0.0059817632457446
2024-11-11,7259.2900390625,7282.19580078125,7182.31201171875,7266.4599609375,7266.4599609375,221004900,-0.002844848895084
2024-11-12,7271.173828125,7344.07421875,7268.60888671875,7321.98583984375,7321.98583984375,287694700,0.0076413933613812
2024-11-13,7344.0078125,7370.39306640625,7304.873046875,7308.6708984375,7308.6708984375,226286700,-0.0018184877296257
2024-11-14,7303.90087890625,7318.77587890625,7214.56103515625,7214.56103515625,7214.56103515625,209423400,-0.0128764674985392
2024-11-15,7192.208984375,7241.6591796875,7122.67578125,7161.2578125,7161.2578125,213100000,-0.0073882835555074
2024-11-18,7152.076171875,7174.7529296875,7118.869140625,7134.27685546875,7134.27685546875,191734000,-0.0037676282208629
2024-11-19,7140.19482421875,7229.8310546875,7136.69091796875,7195.71484375,7195.71484375,205098000,0.0086116630354982
2024-11-20,7213.9951171875,7229.7060546875,7171.26513671875,7180.3349609375,7180.3349609375,164074200,-0.0021373669116222
2024-11-21,7168.326171875,7209.35791015625,7140.912109375,7140.912109375,7140.912109375,155717100,-0.0054903917124993
2024-11-22,7154.68212890625,7215.68701171875,7154.4521484375,7195.56494140625,7195.56494140625,205841500,0.0076534805630079
2024-11-25,7218.9521484375,7329.4921875,7218.828125,7314.10791015625,7314.10791015625,264819900,0.0164744491524013
2024-11-26,7329.5322265625,7341.59521484375,7245.88818359375,7245.88818359375,7245.88818359375,164096700,-0.00932714247595
2024-11-28,7215.9072265625,7249.69287109375,7195.66796875,7200.1572265625,7200.1572265625,178995100,-0.0063112976453038
2024-11-29,7168.00390625,7189.12890625,7107.2841796875,7114.26611328125,7114.26611328125,218431100,-0.0119290607938926
2024-12-02,7117.75390625,7153.02978515625,7041.341796875,7046.98583984375,7046.98583984375,163941100,-0.009457092603255
2024-12-03,7104.93017578125,7196.01708984375,7102.216796875,7196.01708984375,7196.01708984375,176316700,0.0211482261192261
2024-12-04,7198.09814453125,7328.32421875,7187.47802734375,7326.76416015625,7326.76416015625,166379200,0.0181693662869468
2024-12-05,7326.02392578125,7338.60400390625,7283.5,7313.31298828125,7313.31298828125,131417800,-0.0018358952985205
2024-12-06,7302.6650390625,7382.80908203125,7287.59619140625,7382.78515625,7382.78515625,130161700,0.0094994112900776
2024-12-09,7382.61376953125,7440.97900390625,7380.66015625,7437.73095703125,7437.73095703125,230130900,0.0074424217444191
2024-12-10,7448.76806640625,7457.80517578125,7396.7900390625,7453.287109375,7453.287109375,203350400,0.0020915185603809
2024-12-11,7444.85888671875,7530.55908203125,7444.173828125,7464.751953125,7464.751953125,235486300,0.0015382265008387
2024-12-12,7441.97314453125,7470.89404296875,7380.02685546875,7394.23779296875,7394.23779296875,147665300,-0.0094462830913932
2024-12-13,7379.7509765625,7399.89697265625,7324.7890625,7324.7890625,7324.7890625,120050700,-0.0093922771235176
2024-12-16,7304.2177734375,7320.794921875,7204.65380859375,7258.630859375,7258.630859375,186546900,-0.0090320967007369
2024-12-17,7238.173828125,7263.31494140625,7132.05712890625,7157.73193359375,7157.73193359375,157427600,-0.0139005451215269
2024-12-18,7168.966796875,7216.8828125,7105.06787109375,7107.875,7107.875,122373300,-0.0069654653256506
2024-12-19,7034.6171875,7040.548828125,6951.0517578125,6977.23779296875,6977.23779296875,170862900,-0.0183792212203014
2024-12-20,6980.1748046875,7032.40087890625,6931.5810546875,6983.865234375,6983.865234375,145749700,0.0009498660648958
2024-12-23,7037.52978515625,7096.44482421875,7035.72705078125,7096.44482421875,7096.44482421875,138664700,0.0161199545045094
2024-12-24,7115.63720703125,7120.576171875,7063.7548828125,7065.74609375,7065.74609375,110632900,-0.0043259309737717
2024-12-27,7073.375,7100.27001953125,7024.71484375,7036.57080078125,7036.57080078125,144277600,-0.0041291170927522
2024-12-30,7026.77685546875,7079.90478515625,6993.07177734375,7079.90478515625,7079.90478515625,159672400,0.006158395275464
2025-01-02,7092.42919921875,7163.205078125,7088.31982421875,7163.205078125,7163.205078125,161752600,0.0117657363335446
2025-01-03,7177.25,7197.0078125,7135.27587890625,7164.42919921875,7164.42919921875,182944400,0.000170890136524
2025-01-06,7176.1162109375,7182.01904296875,7073.9541015625,7080.47412109375,7080.47412109375,192190300,-0.0117183205794196
2025-01-07,7074.259765625,7103.18505859375,7029.51220703125,7083.2841796875,7083.2841796875,144709900,0.0003968743541309
2025-01-08,7099.658203125,7129.2939453125,7046.169921875,7080.35205078125,7080.35205078125,147124800,-0.0004139504828365
2025-01-09,7093.25390625,7106.4580078125,7062.09521484375,7064.587890625,7064.587890625,148465600,-0.0022264655829522
2025-01-10,7076.90478515625,7121.62890625,7074.14404296875,7088.8662109375,7088.8662109375,166170500,0.0034366223038597
2025-01-13,7076.6982421875,7089.56982421875,6986.5927734375,7016.87890625,7016.87890625,149887800,-0.0101549814237472
2025-01-14,7014.798828125,7042.3310546875,6956.6650390625,6956.6650390625,6956.6650390625,151037100,-0.0085812892016515
2025-01-15,6992.84814453125,7084.56494140625,6977.77294921875,7079.56201171875,7079.56201171875,173538400,0.017666075909386
2025-01-16,7165.17578125,7190.61181640625,7071.9111328125,7107.51904296875,7107.51904296875,144790100,0.0039489775220165
2025-01-17,7115.05322265625,7178.81494140625,7084.2978515625,7154.658203125,7154.658203125,197761000,0.0066322945983356
2025-01-20,7188.40185546875,7201.60693359375,7165.44384765625,7170.73681640625,7170.73681640625,183080100,0.0022472929977601
2025-01-21,7207.59423828125,7221.73095703125,7176.33203125,7181.81982421875,7181.81982421875,176177100,0.001545588423653
2025-01-22,7227.02197265625,7267.48681640625,7223.255859375,7257.1279296875,7257.1279296875,146457400,0.0104859363381399
2025-01-23,7275.0009765625,7324.6259765625,7232.64306640625,7232.64306640625,7232.64306640625,142025900,-0.0033739054235336
2025-01-24,7255.02294921875,7261.4482421875,7166.05615234375,7166.05615234375,7166.05615234375,122224300,-0.0092064427141136
2025-01-30,7142.787109375,7150.29296875,7042.68798828125,7073.47802734375,7073.47802734375,156862200,-0.0129189784494949
2025-01-31,7113.5751953125,7174.7451171875,7095.67822265625,7109.19580078125,7109.19580078125,125561900,0.0050495347973693
2025-02-03,7087.751953125,7089.69677734375,6933.14306640625,7030.05810546875,7030.05810546875,135419500,-0.0111317366309988
2025-02-04,7051.48486328125,7125.94287109375,7037.625,7073.458984375,7073.458984375,250749100,0.006173615958094
2025-02-05,7071.5771484375,7079.4619140625,7002.52099609375,7024.22802734375,7024.22802734375,247130700,-0.0069599551138982
2025-02-06,7030.18896484375,7033.619140625,6830.11181640625,6875.5361328125,6875.5361328125,170868800,-0.0211684321682646
2025-02-07,6758.10400390625,6769.78076171875,6656.72412109375,6742.576171875,6742.576171875,152142600,-0.0193381226378794
2025-02-10,6681.23388671875,6713.9521484375,6585.98486328125,6648.14208984375,6648.14208984375,153503000,-0.0140056381454255
2025-02-11,6629.81494140625,6658.23095703125,6500.4638671875,6531.990234375,6531.990234375,146025200,-0.0174713256574634
2025-02-12,6540.94677734375,6645.77783203125,6537.47607421875,6645.77783203125,6645.77783203125,141288200,0.0174200501797194
2025-02-13,6637.419921875,6647.10498046875,6565.77685546875,6613.56787109375,6613.56787109375,126053300,-0.0048466803663304
2025-02-14,6640.130859375,6679.39697265625,6609.6708984375,6638.458984375,6638.458984375,121300000,0.0037636437345782
2025-02-17,6663.30517578125,6830.8818359375,6658.22021484375,6830.8818359375,6830.8818359375,136644900,0.0289860722217922
2025-02-18,6847.76611328125,6908.7001953125,6830.77587890625,6873.55419921875,6873.55419921875,158584300,0.0062469772287303
2025-02-19,6877.1572265625,6886.9228515625,6773.9072265625,6794.8681640625,6794.8681640625,159932500,-0.011447648898323
2025-02-20,6796.669921875,6836.72314453125,6755.43017578125,6788.0419921875,6788.0419921875,168907900,-0.0010046069636939
2025-02-21,6788.89599609375,6814.8662109375,6758.35302734375,6803.0009765625,6803.0009765625,131140300,0.0022037259628353
2025-02-24,6801.67578125,6818.7939453125,6732.4091796875,6749.60107421875,6749.60107421875,156247700,-0.0078494626897338
2025-02-25,6749.43701171875,6772.64990234375,6576.96923828125,6587.0869140625,6587.0869140625,194167900,-0.0240775948636432
2025-02-26,6627.02099609375,6682.869140625,6547.2412109375,6606.17822265625,6606.17822265625,135195100,0.0028982931063188
2025-02-27,6609.88818359375,6626.259765625,6443.22021484375,6485.4482421875,6485.4482421875,156489700,-0.018275313865239
2025-02-28,6446.64404296875,6447.8828125,6246.27880859375,6270.59716796875,6270.59716796875,196893700,-0.0331281765262044
2025-03-03,6362.14892578125,6570.951171875,6347.09521484375,6519.658203125,6519.658203125,170810200,0.0397188702263471
2025-03-04,6524.701171875,6528.96923828125,6361.40380859375,6380.40087890625,6380.40087890625,149084200,-0.0213596050406448
2025-03-05,6404.68896484375,6570.81982421875,6404.68896484375,6531.39892578125,6531.39892578125,143533500,0.0236659184494509
2025-03-06,6577.84521484375,6667.89306640625,6573.798828125,6617.84716796875,6617.84716796875,138941500,0.0132357926946193
2025-03-07,6631.31103515625,6682.93798828125,6577.83203125,6636.0,6636.0,198389400,0.0027430116729065
2025-03-10,6618.9169921875,6629.44189453125,6568.1259765625,6598.2119140625,6598.2119140625,153564400,-0.0056944071635774
2025-03-11,6535.8701171875,6567.5849609375,6499.041015625,6545.85009765625,6545.85009765625,150016300,-0.0079357585188577
2025-03-12,6566.798828125,6665.044921875,6566.203125,6665.044921875,6665.044921875,139690400,0.018209219954705
2025-03-13,6700.10693359375,6707.38623046875,6618.5390625,6647.4169921875,6647.4169921875,139851000,-0.0026448328397074
2025-03-14,6623.69091796875,6632.078125,6514.69189453125,6515.630859375,6515.630859375,122970500,-0.0198251641152321
2025-03-17,6490.6708984375,6557.41015625,6445.97509765625,6471.94677734375,6471.94677734375,126321100,-0.0067045053616558
2025-03-18,6458.666015625,6465.22412109375,6011.841796875,6223.38818359375,6223.38818359375,233069600,-0.0384055373601225
2025-03-19,6221.19580078125,6332.73486328125,6147.42578125,6311.66015625,6311.66015625,126795800,0.0141839091588331
2025-03-20,6372.61083984375,6446.88916015625,6353.69384765625,6381.673828125,6381.673828125,146168800,0.0110927505825342
2025-03-21,6418.39013671875,6426.1650390625,6218.60107421875,6258.17919921875,6258.17919921875,190225100,-0.0193514479480274
2025-03-24,6242.23486328125,6269.90380859375,5967.19384765625,6161.2177734375,6161.2177734375,124187900,-0.0154935521490586
2025-03-25,6197.98681640625,6265.2958984375,6178.490234375,6235.619140625,6235.619140625,111267000,0.012075756761636
2025-03-26,6314.3291015625,6489.14892578125,6312.966796875,6472.35595703125,6472.35595703125,159762700,0.0379652462838713
2025-03-27,6462.59619140625,6510.6201171875,6417.240234375,6510.6201171875,6510.6201171875,121855500,0.0059119369222395
2025-04-08,5914.2880859375,6036.55419921875,5882.60498046875,5996.14208984375,5996.14208984375,184790800,-0.079021355582638
2025-04-09,5978.44091796875,6092.412109375,5949.60107421875,5967.98779296875,5967.98779296875,150044400,-0.0046954018856036
2025-04-10,6270.61083984375,6310.8251953125,6188.669921875,6254.02392578125,6254.02392578125,181443500,0.0479284044698442
2025-04-11,6195.56787109375,6298.77783203125,6148.77587890625,6262.22607421875,6262.22607421875,117642700,0.0013114993698197
2025-04-14,6225.3369140625,6404.06982421875,6225.3369140625,6368.51708984375,6368.51708984375,149701700,0.0169733596911478
2025-04-15,6444.341796875,6497.5322265625,6395.9267578125,6441.68310546875,6441.68310546875,147079600,0.0114887052343286
2025-04-16,6461.27392578125,6469.59716796875,6373.7900390625,6400.05419921875,6400.05419921875,142022700,-0.0064624269105474
2025-04-17,6407.02099609375,6438.26904296875,6384.28515625,6438.26904296875,6438.26904296875,131124200,0.0059710187696011
2025-04-21,6450.31396484375,6472.5380859375,6406.80322265625,6445.966796875,6445.966796875,108855100,0.0011956247641835
2025-04-22,6455.0791015625,6538.32177734375,6428.10498046875,6538.26611328125,6538.26611328125,150312500,0.0143189252000175
2025-04-23,6589.3271484375,6642.9150390625,6588.2568359375,6634.376953125,6634.376953125,184488000,0.0146997442714238
2025-04-24,6671.06787109375,6697.90087890625,6585.4560546875,6613.47802734375,6613.47802734375,159090300,-0.0031500962228873
2025-04-25,6660.619140625,6683.36083984375,6640.77783203125,6678.9150390625,6678.9150390625,169030400,0.0098944929503352
2025-04-28,6716.21484375,6738.35205078125,6688.77978515625,6722.9658203125,6722.9658203125,164549400,0.0065954995672745
2025-04-29,6748.98779296875,6763.88720703125,6724.31787109375,6749.0751953125,6749.0751953125,193012300,0.0038836096594623
2025-04-30,6755.4638671875,6791.2529296875,6725.966796875,6766.794921875,6766.794921875,210149800,0.002625504391299
2025-05-02,6811.10986328125,6818.27978515625,6765.8310546875,6815.72998046875,6815.72998046875,183083600,0.0072316449897953
2025-05-05,6844.37109375,6879.10888671875,6824.39697265625,6831.9521484375,6831.9521484375,194998400,0.0023801071954487
2025-05-06,6860.44580078125,6913.68798828125,6858.15087890625,6898.19677734375,6898.19677734375,162346800,0.0096962957975927
2025-05-07,6925.251953125,6970.5,6909.9609375,6926.22509765625,6926.22509765625,187668100,0.0040631372541524
2025-05-08,6945.98388671875,6965.93408203125,6824.64990234375,6827.75,6827.75,260892400,-0.0142177154608464
2025-05-09,6849.44921875,6882.31787109375,6811.77294921875,6832.80322265625,6832.80322265625,164380000,0.0007401007149134
2025-05-14,6915.95703125,6987.78076171875,6914.75390625,6979.8798828125,6979.8798828125,272470100,0.0215250835365157
2025-05-15,7003.14697265625,7076.73681640625,7002.37109375,7040.1611328125,7040.1611328125,343582300,0.0086364308572757
2025-05-16,7092.23486328125,7106.52587890625,7009.84619140625,7106.52587890625,7106.52587890625,239677400,0.0094265947670486
2025-05-19,7113.44287109375,7160.6591796875,7085.97314453125,7141.0908203125,7141.0908203125,227261200,0.0048638310751596
2025-05-20,7164.14697265625,7202.81689453125,7088.623046875,7094.60205078125,7094.60205078125,219667500,-0.0065100375700326
2025-05-21,7114.69921875,7170.72412109375,7109.22119140625,7142.4609375,7142.4609375,228188900,0.0067458169431053
2025-05-22,7165.10009765625,7190.6689453125,7136.7841796875,7166.98095703125,7166.98095703125,201247200,0.0034329931582142
2025-05-23,7206.35791015625,7223.2529296875,7177.2451171875,7214.1630859375,7214.1630859375,152151100,0.0065832641650822
2025-05-26,7231.47705078125,7240.083984375,7129.38818359375,7188.35302734375,7188.35302734375,331040000,-0.0035776926978627
2025-05-27,7204.171875,7212.56884765625,7162.9609375,7198.966796875,7198.966796875,245398700,0.0014765231327504
2025-05-28,7223.51318359375,7237.3408203125,7166.67822265625,7175.81884765625,7175.81884765625,277488600,-0.0032154543661457
2025-06-02,7134.48681640625,7152.912109375,7035.837890625,7065.06884765625,7065.06884765625,240143000,-0.0154337786880131
2025-06-03,7071.63818359375,7090.35107421875,6994.15576171875,7044.82177734375,7044.82177734375,199730400,-0.0028657994350921
2025-06-04,7083.23876953125,7094.44677734375,7052.9140625,7069.037109375,7069.037109375,232777400,0.0034373235827096
2025-06-05,7100.23583984375,7136.64306640625,7083.89208984375,7113.4248046875,7113.4248046875,193147800,0.0062791713532854
2025-06-10,7136.86279296875,7230.7451171875,7133.37890625,7230.7451171875,7230.7451171875,265169800,0.0164928027948914
2025-06-11,7232.68115234375,7239.955078125,7172.203125,7222.4560546875,7222.4560546875,262581600,-0.0011463635304053
2025-06-12,7219.56103515625,7237.27490234375,7191.90478515625,7204.3701171875,7204.3701171875,281607200,-0.0025041256551865
2025-06-13,7191.1240234375,7192.6630859375,7149.60986328125,7166.06494140625,7166.06494140625,230230400,-0.0053169361315661
2025-06-16,7158.90380859375,7211.5439453125,7117.5908203125,7117.5908203125,7117.5908203125,224577700,-0.0067643988004716
2025-06-17,7163.02685546875,7181.466796875,7143.60400390625,7155.85205078125,7155.85205078125,173034400,0.0053755872506127
2025-06-18,7155.1240234375,7166.66796875,7089.455078125,7107.7890625,7107.7890625,180387400,-0.0067165989375091
2025-06-19,7107.7861328125,7115.90380859375,6935.009765625,6968.63916015625,6968.63916015625,222226000,-0.0195771007158739
2025-06-20,6948.2841796875,6956.80517578125,6873.7158203125,6907.13818359375,6907.13818359375,331625100,-0.0088253926123965
2025-06-23,6833.47509765625,6834.76904296875,6745.14697265625,6787.14013671875,6787.14013671875,226947900,-0.0173730485311596
2025-06-24,6864.27880859375,6924.96923828125,6852.11279296875,6869.1708984375,6869.1708984375,186087300,0.0120862042136067
2025-06-25,6908.9248046875,6918.783203125,6814.73583984375,6832.14306640625,6832.14306640625,170914900,-0.0053904368633007
2025-06-26,6842.01220703125,6897.39990234375,6817.4111328125,6897.39990234375,6897.39990234375,154075100,0.0095514445911368
2025-06-30,6936.06494140625,6949.27978515625,6876.2587890625,6927.67919921875,6927.67919921875,167652600,0.0043899581441857
2025-07-01,6954.38623046875,6971.23876953125,6885.13818359375,6915.35986328125,6915.35986328125,149285200,-0.0017782774841665
2025-07-02,6896.421875,6905.369140625,6838.40380859375,6881.2451171875,6881.2451171875,182041600,-0.0049331845006201
2025-07-03,6898.630859375,6922.73388671875,6877.43798828125,6878.05078125,6878.05078125,154435700,-0.0004642090033272
2025-07-04,6893.2177734375,6916.673828125,6843.69091796875,6865.19189453125,6865.19189453125,132824800,-0.0018695539081805
2025-07-07,6874.0078125,6900.93212890625,6844.86083984375,6900.93212890625,6900.93212890625,120827500,0.0052060066090025
2025-07-08,6892.3408203125,6916.8330078125,6885.2822265625,6904.39208984375,6904.39208984375,151801800,0.0005013758826879
2025-07-09,6918.69921875,6943.921875,6907.212890625,6943.921875,6943.921875,157353100,0.005725310011637
2025-07-10,6968.7978515625,7013.6298828125,6955.455078125,7005.37109375,7005.37109375,167684600,0.0088493534138442
2025-07-11,7036.2958984375,7055.794921875,7026.48779296875,7047.43798828125,7047.43798828125,165301900,0.0060049487697777
2025-07-14,7130.53515625,7136.2958984375,7071.34423828125,7097.15087890625,7097.15087890625,205642100,0.0070540373264247
2025-07-15,7122.0830078125,7161.8359375,7079.0,7140.47412109375,7140.47412109375,199389400,0.0061043146646724
2025-07-16,7182.64501953125,7216.81396484375,7142.86181640625,7192.01806640625,7192.01806640625,227976400,0.0072185606219388
2025-07-17,7229.259765625,7291.56396484375,7226.1171875,7287.02099609375,7287.02099609375,202116700,0.0132094954170451
2025-07-18,7346.037109375,7401.5791015625,7311.9150390625,7311.9150390625,7311.9150390625,273828000,0.0034162167203983
2025-07-21,7366.31005859375,7408.01220703125,7306.8720703125,7398.19189453125,7398.19189453125,287814600,0.011799488233634
2025-07-22,7440.2861328125,7457.380859375,7344.73583984375,7344.73583984375,7344.73583984375,279326600,-0.0072255566562168
2025-07-23,7378.23095703125,7469.22998046875,7354.99609375,7469.22998046875,7469.22998046875,247067700,0.0169501181988933
2025-07-24,7485.08203125,7568.22314453125,7478.36376953125,7530.90185546875,7530.90185546875,242813700,0.0082567915516411
2025-07-25,7542.375,7552.77490234375,7515.125,7543.5029296875,7543.5029296875,215990900,0.0016732490292115
2025-07-28,7630.751953125,7669.44580078125,7614.76806640625,7614.76806640625,7614.76806640625,229532300,0.0094472206590237
2025-07-29,7625.79296875,7680.19482421875,7565.7880859375,7617.9072265625,7617.9072265625,230535000,0.0004122463256759
2025-07-30,7642.25,7667.55615234375,7528.12890625,7549.88818359375,7549.88818359375,282476700,-0.0089288358266661
2025-07-31,7551.244140625,7566.751953125,7476.380859375,7484.3369140625,7484.3369140625,325693000,-0.0086824159427547
2025-08-01,7545.15185546875,7579.60595703125,7523.6201171875,7537.76806640625,7537.76806640625,257331800,0.0071390629466929
2025-08-04,7552.49609375,7560.05615234375,7448.0400390625,7464.64501953125,7464.64501953125,266636100,-0.0097008884103093
2025-08-05,7502.69482421875,7546.93994140625,7463.05810546875,7515.18505859375,7515.18505859375,246898000,0.0067705884111384
2025-08-06,7534.44677734375,7549.26513671875,7502.01123046875,7503.75,7503.75,260371600,-0.0015215937471392
2025-08-07,7546.3359375,7580.5498046875,7490.18310546875,7490.18310546875,7490.18310546875,278225900,-0.0018080152632017
2025-08-08,7639.19287109375,7648.90283203125,7516.97705078125,7533.384765625,7533.384765625,234779100,0.0057677709006482
2025-08-11,7589.4638671875,7630.10693359375,7559.34716796875,7605.9248046875,7605.9248046875,238319300,0.0096291429841075
2025-08-12,7666.08984375,7800.8310546875,7646.9111328125,7791.69677734375,7791.69677734375,272446300,0.0244246396627219
2025-08-13,7846.1240234375,7903.05322265625,7835.3017578125,7892.9111328125,7892.9111328125,323979600,0.0129900275076226
2025-08-14,7909.01611328125,7973.98095703125,7905.5478515625,7931.2509765625,7931.2509765625,361821900,0.0048575035376507
2025-08-15,7967.77294921875,8017.06787109375,7898.373046875,7898.375,7898.375,346947400,-0.0041451186779551
2025-08-19,7905.34521484375,7931.7587890625,7854.09521484375,7862.94921875,7862.94921875,358268400,-0.0044851986959343
2025-08-20,7874.89599609375,7952.341796875,7863.86181640625,7943.8251953125,7943.8251953125,374993100,0.0102857050595777
2025-08-21,7903.2900390625,7932.30517578125,7848.8828125,7890.71484375,7890.71484375,341447000,-0.0066857402141526
2025-08-22,7910.09912109375,7913.38720703125,7858.85107421875,7858.85107421875,7858.85107421875,320227000,-0.0040381347143076
2025-08-25,7921.02099609375,7951.97802734375,7915.05419921875,7926.9072265625,7926.9072265625,376267300,0.0086598093921146
2025-08-26,7971.787109375,7978.06689453125,7881.208984375,7905.7568359375,7905.7568359375,504946100,-0.0026681768841858
2025-08-27,7923.0029296875,7945.44482421875,7894.7587890625,7936.17578125,7936.17578125,357580800,0.0038476955393091
2025-08-28,7951.865234375,8022.7578125,7941.93896484375,7952.087890625,7952.087890625,399326600,0.0020050096940384
2025-08-29,7899.88720703125,7913.85986328125,7765.59619140625,7830.4931640625,7830.4931640625,481348100,-0.015290918339302
2025-09-01,7620.09912109375,7783.41796875,7547.56396484375,7736.06591796875,7736.06591796875,358661000,-0.0120589143129729
2025-09-02,7771.333984375,7842.298828125,7771.333984375,7801.5849609375,7801.5849609375,347812700,0.0084692974004483
2025-09-03,7843.6318359375,7911.6181640625,7840.7509765625,7885.86279296875,7885.86279296875,351685500,0.0108026551595898
2025-09-04,7873.8427734375,7899.7958984375,7855.7421875,7867.34814453125,7867.34814453125,362349800,-0.0023478278691341
2025-09-08,7929.06298828125,7934.9912109375,7766.84912109375,7766.84912109375,7766.84912109375,336787200,-0.0127741929797983
2025-09-09,7748.51220703125,7791.333984375,7619.716796875,7628.60498046875,7628.60498046875,335416000,-0.0177992566186907
2025-09-10,7682.421875,7726.376953125,7661.27978515625,7699.0068359375,7699.0068359375,263174400,0.0092286670562962
2025-09-11,7781.1708984375,7819.09814453125,7742.59912109375,7747.90478515625,7747.90478515625,289797900,0.0063512022083813
2025-09-12,7819.001953125,7854.81201171875,7790.7939453125,7854.06005859375,7854.06005859375,289619100,0.0137011587495081
2025-09-15,7891.26416015625,7937.1181640625,7889.18896484375,7937.1181640625,7937.1181640625,345056100,0.010575180842661
2025-09-16,7979.31982421875,7985.576171875,7899.66796875,7957.69580078125,7957.69580078125,401395800,0.0025925828863075
2025-09-17,7964.423828125,8025.17919921875,7940.51318359375,8025.17919921875,8025.17919921875,323654400,0.0084802686766281
2025-09-18,8065.7431640625,8068.0087890625,7993.51708984375,8008.43310546875,8008.43310546875,378167700,-0.0020866940580753
2025-09-19,7996.19580078125,8051.1181640625,7983.35693359375,8051.1181640625,8051.1181640625,423577900,0.0053300137532024
2025-09-22,8082.2587890625,8087.92919921875,8005.34912109375,8040.0390625,8040.0390625,345468800,-0.0013760947655635
2025-09-23,8066.294921875,8125.201171875,8039.94677734375,8125.201171875,8125.201171875,518663700,0.0105922506984088
2025-09-24,8161.2841796875,8169.01708984375,8077.83984375,8126.55810546875,8126.55810546875,454412900,0.0001670030766065
2025-09-25,8130.02197265625,8146.08984375,8022.97900390625,8040.6650390625,8040.6650390625,483927800,-0.0105694274613564
2025-09-26,8051.76220703125,8099.3330078125,8034.998046875,8099.3330078125,8099.3330078125,351966900,0.0072964075067154
2025-09-29,8139.5791015625,8157.330078125,8100.01708984375,8123.2451171875,8123.2451171875,439450000,0.0029523553793793
2025-09-30,8137.634765625,8150.341796875,8042.8232421875,8061.06201171875,8061.06201171875,461651600,-0.0076549586491216
2025-10-01,8069.93701171875,8093.69384765625,8034.25,8043.82177734375,8043.82177734375,536747800,-0.0021387050924477
2025-10-02,8070.4248046875,8109.43603515625,8059.048828125,8071.0810546875,8071.0810546875,402266500,0.0033888465083262
2025-10-03,8099.64501953125,8118.30078125,8076.59716796875,8118.30078125,8118.30078125,428024700,0.0058504835030837
2025-10-06,8155.365234375,8176.30810546875,8104.5517578125,8139.89404296875,8139.89404296875,429540400,0.0026598252886393
2025-10-07,8182.65576171875,8217.0458984375,8153.712890625,8169.28076171875,8169.28076171875,426851900,0.0036102090020919
2025-10-08,8201.140625,8224.64453125,8044.93310546875,8166.02880859375,8166.02880859375,355267800,-0.0003980709220129
2025-10-09,8187.7001953125,8272.6318359375,8159.94482421875,8250.9384765625,8250.9384765625,347199100,0.0103979143300831
2025-10-10,8259.0751953125,8270.33203125,8194.046875,8257.859375,8257.859375,366345900,0.0008388013626763
2025-10-13,8169.64892578125,8288.279296875,8133.626953125,8227.2021484375,8227.2021484375,366939200,-0.0037124907521811
2025-10-14,8269.48046875,8284.91015625,7974.02978515625,8066.52197265625,8066.52197265625,440487100,-0.0195303546554725
2025-10-15,8107.298828125,8132.52197265625,7936.37109375,8051.1748046875,8051.1748046875,329138800,-0.0019025756107493
2025-10-16,8064.67919921875,8148.044921875,8030.77685546875,8124.7568359375,8124.7568359375,246641300,0.009139291225817
2025-10-17,8132.7470703125,8140.59716796875,7854.30712890625,7915.65576171875,7915.65576171875,353739000,-0.0257362870595526
2025-10-20,7988.4482421875,8117.26904296875,7937.384765625,8088.97802734375,8088.97802734375,307599100,0.0218961348045492
2025-10-21,8165.69189453125,8238.083984375,8161.19384765625,8238.083984375,8238.083984375,281761500,0.0184332256222252
2025-10-22,8235.69921875,8261.84375,8141.98583984375,8152.55322265625,8152.55322265625,275367500,-0.0103823609811425
2025-10-23,8179.8837890625,8292.8876953125,8179.61279296875,8274.3515625,8274.3515625,281648700,0.014939901220794
2025-10-24,8294.8916015625,8351.05859375,8271.7216796875,8271.7216796875,8271.7216796875,238196400,-0.0003178355177001
2025-10-27,8322.216796875,8354.6728515625,7959.1689453125,8117.15087890625,8117.15087890625,359000200,-0.0186866539720289
2025-10-28,8144.4248046875,8151.3349609375,8039.85107421875,8092.62890625,8092.62890625,282866700,-0.0030210073734091
2025-10-29,8107.3759765625,8169.13916015625,8042.6298828125,8166.22412109375,8166.22412109375,248336300,0.009094104733619
2025-10-30,8176.36083984375,8231.8828125,8145.60400390625,8184.06396484375,8184.06396484375,326703000,0.0021845890445155
2025-10-31,8202.5234375,8215.5458984375,8144.0771484375,8163.875,8163.875,245393300,-0.0024668630316766
2025-11-03,8208.0302734375,8282.16015625,8201.3642578125,8275.083984375,8275.083984375,338112200,0.0136220831865994
2025-11-04,8275.953125,8317.076171875,8225.9111328125,8241.9111328125,8241.9111328125,254611100,-0.0040087631285842
2025-11-05,8213.6005859375,8318.5263671875,8181.90380859375,8318.5263671875,8318.5263671875,333837700,0.009295809326308
2025-11-06,8354.6796875,8362.916015625,8289.890625,8337.0576171875,8337.0576171875,229181000,0.0022277082721162
2025-11-07,8346.5771484375,8398.7646484375,8332.6005859375,8394.58984375,8394.58984375,227520700,0.0069007831304768
2025-11-10,8443.3203125,8478.1484375,8391.240234375,8391.240234375,8391.240234375,415934000,-0.0003990200161468
2025-11-11,8437.958984375,8443.6865234375,8338.396484375,8366.5146484375,8366.5146484375,677885600,-0.002946594930772
2025-11-12,8392.2802734375,8428.9482421875,8377.4970703125,8388.56640625,8388.56640625,491096300,0.0026357161541117
2025-11-13,8412.826171875,8418.1630859375,8354.8359375,8371.9990234375,8371.9990234375,534184900,-0.0019749957275364
2025-11-14,8378.12890625,8417.134765625,8360.9365234375,8370.435546875,8370.435546875,422843300,-0.0001867506862008
2025-11-17,8397.8359375,8452.3291015625,8391.9951171875,8416.8818359375,8416.8818359375,382110500,0.0055488497345685
2025-11-18,8427.3984375,8442.865234375,8341.9033203125,8361.92578125,8361.92578125,374837900,-0.0065292653216129
2025-11-19,8384.3623046875,8426.6328125,8375.5751953125,8406.5771484375,8406.5771484375,394548300,0.0053398425620594
2025-11-20,8449.5419921875,8491.427734375,8419.9169921875,8419.9169921875,8419.9169921875,319147400,0.0015868341555016
2025-11-21,8403.9013671875,8432.6025390625,8361.271484375,8414.3515625,8414.3515625,288992600,-0.0006609839138157
2025-11-24,8458.29296875,8570.25390625,8429.4638671875,8570.25390625,8570.25390625,471629100,0.0185281471295786
2025-11-25,8570.845703125,8574.384765625,8487.220703125,8521.884765625,8521.884765625,414092000,-0.0056438398621686
2025-11-26,8533.8857421875,8602.1298828125,8503.146484375,8602.1298828125,8602.1298828125,498634000,0.0094163579295494
2025-11-27,8611.328125,8622.267578125,8521.49609375,8545.865234375,8545.865234375,463624300,-0.0065407810860795
2025-11-28,8555.65625,8572.359375,8495.205078125,8508.7060546875,8508.7060546875,386357400,-0.0043482056723794
2025-12-01,8541.5390625,8553.6162109375,8493.2451171875,8548.7880859375,8548.7880859375,433587600,0.0047107081843447
2025-12-02,8577.6064453125,8625.6357421875,8564.6953125,8617.04296875,8617.04296875,405114200,0.0079841589388298
2025-12-03,8655.017578125,8669.1865234375,8591.806640625,8611.787109375,8611.787109375,432093300,-0.0006099377006776
2025-12-04,8646.646484375,8650.296875,8606.9033203125,8640.1962890625,8640.1962890625,447262700,0.0032988715729598
2025-12-05,8658.8896484375,8689.0986328125,8617.0380859375,8632.7607421875,8632.7607421875,421538600,-0.0008605761520039
2025-12-08,8676.7265625,8720.0908203125,8642.0615234375,8710.6953125,8710.6953125,525913600,0.0090277690578914
2025-12-09,8743.208984375,8749.2626953125,8626.845703125,8657.1787109375,8657.1787109375,498676700,-0.006143780679104
2025-12-10,8713.7109375,8720.880859375,8668.6064453125,8700.923828125,8700.923828125,623753400,0.0050530454144641
2025-12-11,8764.0908203125,8776.9697265625,8560.10546875,8620.4814453125,8620.4814453125,667238000,-0.0092452691692894
2025-12-12,8651.765625,8680.041015625,8585.421875,8660.4990234375,8660.4990234375,457344900,0.004642151181331
2025-12-15,8705.2392578125,8720.6826171875,8622.9853515625,8649.662109375,8649.662109375,553538600,-0.0012513036527309
2025-12-16,8696.6962890625,8700.861328125,8611.3466796875,8686.46875,8686.46875,431043000,0.0042552691838801
2025-12-17,8708.3271484375,8729.4658203125,8660.748046875,8677.3447265625,8677.3447265625,341969700,-0.0010503719866027
2025-12-18,8705.1376953125,8730.708984375,8618.1953125,8618.1953125,8618.1953125,328562900,-0.0068165338506647
2025-12-19,8657.2421875,8671.767578125,8562.8876953125,8609.55078125,8609.55078125,307160800,-0.0010030558529419
2025-12-22,8629.24609375,8648.794921875,8609.388671875,8645.84375,8645.84375,374939200,0.0042154311731383
2025-12-23,8656.6533203125,8667.7333984375,8566.9951171875,8584.7822265625,8584.7822265625,329812800,-0.0070625291415311
2025-12-24,8597.3876953125,8611.3330078125,8525.1005859375,8537.9111328125,8537.9111328125,280698800,-0.0054597883222913
2025-12-29,8545.7216796875,8652.1826171875,8545.7216796875,8644.255859375,8644.255859375,334277800,0.0124555907069354
2025-12-30,8627.400390625,8663.66796875,8584.865234375,8646.9384765625,8646.9384765625,308173000,0.0003103352366173
2026-01-02,8676.7412109375,8748.1318359375,8664.974609375,8748.1318359375,8748.1318359375,471863900,0.0117027962728408
2026-01-05,8778.732421875,8859.19140625,8732.3193359375,8859.19140625,8859.19140625,665735100,0.0126952328103087
2026-01-06,8890.720703125,8940.109375,8839.01171875,8933.609375,8933.609375,630432800,0.0084000858924324
2026-01-07,8959.0908203125,8970.869140625,8916.029296875,8944.8134765625,8944.8134765625,655409500,0.001254151719892
2026-01-08,8946.7001953125,9002.919921875,8918.4052734375,8925.470703125,8925.470703125,489316100,-0.0021624568794176
2026-01-09,8969.1513671875,8981.021484375,8908.1728515625,8936.75390625,8936.75390625,499545200,0.0012641577682899
2026-01-12,8991.759765625,9000.966796875,8715.4111328125,8884.72265625,8884.72265625,697907000,-0.0058221643502582
2026-01-13,8931.2421875,8956.7265625,8841.017578125,8948.302734375,8948.302734375,538438100,0.0071561128675496
2026-01-14,9007.052734375,9049.2978515625,8979.6015625,9032.583984375,9032.583984375,580700100,0.0094186855878526
2026-01-15,9072.2958984375,9100.8251953125,9040.998046875,9075.40625,9075.40625,446899000,0.0047408654820233
2026-01-19,9098.7021484375,9133.873046875,9025.998046875,9133.873046875,9133.873046875,541550600,0.0064423338486914
2026-01-20,9156.189453125,9174.4736328125,9120.154296875,9134.7001953125,9134.7001953125,606446200,9.055834619720038e-05
2026-01-21,9094.4306640625,9105.2314453125,8977.6806640625,9010.330078125,9010.330078125,553244200,-0.0136151285240122
2026-01-22,9052.16796875,9109.7099609375,8992.1337890625,8992.1826171875,8992.1826171875,661020800,-0.0020140728230986
2026-01-23,9031.494140625,9039.666015625,8837.828125,8951.009765625,8951.009765625,587299800,-0.0045787383681246
2026-01-26,8967.7275390625,9058.0458984375,8923.52734375,8975.333984375,8975.333984375,491763600,0.0027174832099294
2026-01-27,8974.5654296875,8980.23046875,8873.4765625,8980.23046875,8980.23046875,536008400,0.0005455489883188
2026-01-28,8393.513671875,8596.171875,8187.73486328125,8320.5556640625,8320.5556640625,557055000,-0.0734585606664639
2026-01-29,8027.828125,8296.94140625,7481.98779296875,8232.203125,8232.203125,906233100,-0.0106185863816891
2026-01-30,8308.724609375,8408.2998046875,8167.15576171875,8329.6064453125,8329.6064453125,478640200,0.0118319869946721
2026-02-02,8306.1630859375,8313.0576171875,7820.22509765625,7922.73095703125,7922.73095703125,444961400,-0.0488469042268161
2026-02-03,7888.77099609375,8122.59716796875,7712.34814453125,8122.59716796875,8122.59716796875,545340400,0.0252269339980708
2026-02-04,8121.033203125,8194.68359375,8050.39599609375,8146.716796875,8146.716796875,404556000,0.0029694478757811
2026-02-05,8154.60400390625,8214.4609375,8102.7861328125,8103.87890625,8103.87890625,323626200,-0.0052583011896807
2026-02-06,7945.0400390625,8025.14013671875,7861.68505859375,7935.259765625,7935.259765625,312234100,-0.0208072137522877
2026-02-09,7970.02197265625,8031.8740234375,7863.005859375,8031.8740234375,8031.8740234375,310222600,0.0121753112898743
2026-02-10,8031.58203125,8140.86181640625,8011.1298828125,8131.73779296875,8131.73779296875,374472200,0.0124334332485596
2026-02-11,8152.78515625,8290.9658203125,8118.1630859375,8290.9658203125,8290.9658203125,545693700,0.0195810577514474
2026-02-12,8317.240234375,8334.0224609375,8220.150390625,8265.3515625,8265.3515625,379401500,-0.0030894178516266
2026-02-13,8240.005859375,8251.9892578125,8170.5869140625,8212.271484375,8212.271484375,434442400,-0.0064219988373906
2026-02-18,8235.80859375,8310.2265625,8227.4521484375,8310.2265625,8310.2265625,459026600,0.0119278908778617
2026-02-19,8357.4453125,8376.19921875,8251.8115234375,8274.0810546875,8274.0810546875,435377400,-0.0043495213446534
2026-02-20,8300.2216796875,8328.4208984375,8236.7529296875,8271.7666015625,8271.7666015625,400251500,-0.0002797232840363
2026-02-23,8334.54296875,8397.0654296875,8327.5693359375,8396.08203125,8396.08203125,443116900,0.0150288850829056
2026-02-24,8428.0498046875,8437.0888671875,8259.4775390625,8280.8330078125,8280.8330078125,509728100,-0.0137265242298189
2026-02-25,8318.14453125,8373.4833984375,8259.7470703125,8322.228515625,8322.228515625,441816300,0.0049989545464139
2026-02-26,8351.3623046875,8358.95703125,8139.82421875,8235.26171875,8235.26171875,450264700,-0.0104499409877678
2026-02-27,8211.3046875,8246.9541015625,8093.7490234375,8235.4853515625,8235.4853515625,441200100,2.7155519780386328e-05
2026-03-02,8092.90478515625,8133.69189453125,8016.8330078125,8016.8330078125,8016.8330078125,527702300,-0.026550025216002
2026-03-03,8059.8681640625,8098.39208984375,7932.52001953125,7939.76708984375,7939.76708984375,396162400,-0.0096130127562402
2026-03-04,7896.376953125,7897.81201171875,7486.32080078125,7577.06396484375,7577.06396484375,485472100,-0.0456818343530449
2026-03-05,7695.34716796875,7765.61279296875,7678.533203125,7710.537109375,7710.537109375,303915000,0.0176154174163689
2026-03-06,7699.47314453125,7700.31787109375,7500.0849609375,7585.68701171875,7585.68701171875,291110400,-0.0161921401693857
2026-03-09,7374.31103515625,7403.73291015625,7156.68310546875,7337.369140625,7337.369140625,406185700,-0.0327350536227155
2026-03-10,7443.0458984375,7499.82421875,7372.8232421875,7440.9130859375,7440.9130859375,309617900,0.0141118626210592
2026-03-11,7484.77392578125,7527.31884765625,7380.80810546875,7389.39892578125,7389.39892578125,253162500,-0.0069230966094209
2026-03-12,7398.85302734375,7436.4970703125,7323.7421875,7362.1171875,7362.1171875,234355700,-0.0036920104808613
2026-03-13,7338.82421875,7350.27978515625,7132.2109375,7137.2119140625,7137.2119140625,256288700,-0.0305489939523595
2026-03-16,7115.451171875,7120.18505859375,6917.32177734375,7022.2880859375,7022.2880859375,264167600,-0.0161020619127988
2026-03-17,7074.61083984375,7148.2509765625,7059.89013671875,7106.8388671875,7106.8388671875,226881800,0.0120403464248806
2026-03-25,7084.6220703125,7302.12109375,7057.22314453125,7302.12109375,7302.12109375,346637800,0.0274780715043538
2026-03-26,7313.6650390625,7323.7021484375,7152.591796875,7164.0908203125,7164.0908203125,257658000,-0.0189027642332092
2026-03-27,7136.3662109375,7154.55810546875,7070.2119140625,7097.05712890625,7097.05712890625,171896900,-0.0093569013972
2026-03-30,7020.5322265625,7104.64208984375,6945.501953125,7091.669921875,7091.669921875,221811800,-0.0007590761823387
2026-03-31,7122.9921875,7155.5478515625,7031.10498046875,7048.22216796875,7048.22216796875,231095700,-0.0061265899830208
2026-04-01,7149.2529296875,7207.166015625,7136.2490234375,7184.43798828125,7184.43798828125,295360000,0.0193262665486828
2026-04-02,7153.11376953125,7161.796875,7019.23388671875,7026.7822265625,7026.7822265625,225269500,-0.021944063262277
2026-04-06,7001.56005859375,7009.22998046875,6934.88916015625,6989.42578125,6989.42578125,252607400,-0.0053162947289423
2026-04-07,7001.27783203125,7022.041015625,6942.626953125,6971.02685546875,6971.02685546875,225664500,-0.0026323944708888
2026-04-08,7162.40576171875,7281.86279296875,7118.5810546875,7279.208984375,7279.208984375,380025400,0.044209000380551
2026-04-09,7238.4619140625,7308.578125,7191.5859375,7307.5888671875,7307.5888671875,258635500,0.003898759174715
2026-04-10,7346.494140625,7488.01708984375,7346.494140625,7458.49609375,7458.49609375,355891700,0.020650754894012
2026-04-13,7410.0849609375,7527.873046875,7351.36083984375,7500.18701171875,7500.18701171875,373963700,0.0055897217675942
2026-04-14,7598.7958984375,7686.35498046875,7592.744140625,7675.951171875,7675.951171875,487814900,0.0234346370139337
2026-04-15,7750.89599609375,7773.578125,7623.5859375,7623.5859375,7623.5859375,463335700,-0.0068219863835075
2026-04-16,7663.3408203125,7705.02978515625,7575.52685546875,7621.3818359375,7621.3818359375,364955200,-0.0002891161168208
2026-04-17,7645.80517578125,7673.85693359375,7607.9609375,7634.00390625,7634.00390625,359890300,0.0016561393437843
2026-04-20,7663.39501953125,7692.14501953125,7570.4248046875,7594.11083984375,7594.11083984375,375256000,-0.0052257068369573
2026-04-21,7560.28515625,7568.98876953125,7511.828125,7559.3798828125,7559.3798828125,405582600,-0.0045734066520373
2026-04-22,7528.3427734375,7578.05078125,7513.93896484375,7541.61181640625,7541.61181640625,459264700,-0.0023504661336902
2026-04-23,7564.41796875,7582.501953125,7378.60595703125,7378.60595703125,7378.60595703125,503505300,-0.0216141938014353
2026-04-24,7378.07177734375,7383.39990234375,7115.97119140625,7129.490234375,7129.490234375,415830600,-0.0337618954185867
2026-04-27,7158.5068359375,7230.0322265625,7106.52001953125,7106.52001953125,7106.52001953125,292563300,-0.003221859360014
2026-04-28,7128.4658203125,7151.505859375,7032.98388671875,7072.39208984375,7072.39208984375,272860900,-0.0048023406102711
2026-04-29,7096.60888671875,7126.06298828125,7063.9921875,7101.22607421875,7101.22607421875,398389400,0.0040769776348241
2026-04-30,7103.255859375,7109.00390625,6876.576171875,6956.80419921875,6956.80419921875,451512600,-0.0203375971262664
2026-05-04,6988.916015625,7069.69482421875,6946.05615234375,6971.953125,6971.953125,553310400,0.0021775696638051
2026-05-05,6968.56591796875,7069.20703125,6921.60888671875,7057.10595703125,7057.10595703125,364949700,0.0122136265841934
2026-05-06,7086.33984375,7127.72119140625,7049.919921875,7092.466796875,7092.466796875,338543400,0.0050106715215914
2026-05-07,7160.7890625,7207.0751953125,7107.1748046875,7174.32080078125,7174.32080078125,327636900,0.0115409780899242
2026-05-08,7182.9609375,7186.830078125,6969.39599609375,6969.39599609375,6969.39599609375,393674100,-0.0285636522784407
2026-05-11,6959.94287109375,7001.67919921875,6846.6318359375,6905.6201171875,6905.6201171875,353618500,-0.0091508473534859
2026-05-12,6946.84521484375,6977.2861328125,6762.8779296875,6858.89892578125,6858.89892578125,291969900,-0.0067656764509772
2026-05-13,6763.94482421875,6787.34521484375,6705.43310546875,6723.31982421875,6723.31982421875,263137300,-0.0197668901422187
2026-05-18,6628.97607421875,6631.2822265625,6398.7861328125,6599.240234375,6599.240234375,280639000,-0.0184551074599769
2026-05-19,6599.212890625,6635.126953125,6323.26416015625,6370.67919921875,6370.67919921875,409331400,-0.034634446851274
2026-05-20,6352.2021484375,6459.55615234375,6215.56201171875,6318.5,6318.5,369455900,-0.0081905237396271
2026-05-21,6366.48486328125,6378.81103515625,6080.9541015625,6094.94091796875,6094.94091796875,318636000,-0.0353816700215636
2026-05-22,6065.6259765625,6171.966796875,5966.85986328125,6162.044921875,6162.044921875,313365000,0.0110097874301648
2026-05-25,6187.65478515625,6239.59423828125,6124.578125,6206.34912109375,6206.34912109375,240896500,0.0071898533328558
2026-05-26,6201.80419921875,6286.8720703125,6124.7939453125,6130.18994140625,6130.18994140625,210088300,-0.0122711723432791
2026-05-29,6112.77001953125,6230.5,6111.97119140625,6127.380859375,6127.380859375,391356100,-0.0004582373561178
2026-06-02,6210.00390625,6264.26123046875,6143.625,6195.4267578125,6195.4267578125,253584400,0.0111052177103352
2026-06-03,6207.10205078125,6213.80078125,5841.99609375,5941.06591796875,5941.06591796875,344582700,-0.0410562257915483
2026-06-04,5919.56494140625,5924.5078125,5644.23388671875,5839.78515625,5839.78515625,325839700,-0.0170475741419442
2026-06-05,5846.4912109375,5860.6708984375,5594.11083984375,5594.76513671875,5594.76513671875,242414700,-0.0419570263246787
2026-06-08,5486.31103515625,5523.94189453125,5317.908203125,5342.13720703125,5342.13720703125,259538800,-0.0451543404439784
2026-06-09,5344.68798828125,5746.64794921875,5318.14501953125,5746.64794921875,5746.64794921875,353501300,0.0757207698924482
2026-06-10,5744.05908203125,5942.94287109375,5677.96484375,5902.3759765625,5902.3759765625,401184200,0.0270989329292254
2026-06-11,5899.26513671875,6010.48779296875,5784.505859375,5886.0322265625,5886.0322265625,241605500,-0.0027690120156524
2026-06-12,5960.4150390625,6074.07177734375,5952.85205078125,6007.65576171875,6007.65576171875,324098600,0.0206630766660411
2026-06-15,6118.72509765625,6345.798828125,6118.076171875,6254.9658203125,6254.9658203125,471692100,0.041165817151114
2026-06-17,6321.9609375,6377.18994140625,6179.666015625,6220.740234375,6220.740234375,274699900,-0.0054717462765911
2026-06-18,6191.89111328125,6197.1708984375,6073.72412109375,6172.33984375,6172.33984375,215751200,-0.0077804873377521
2026-06-19,6161.4560546875,6215.06298828125,6117.30908203125,6177.13916015625,6177.13916015625,266832600,0.0007775521970181
2026-06-22,6217.048828125,6226.716796875,6052.93701171875,6116.68994140625,6116.68994140625,180410600,-0.009785957088341
2026-06-23,6096.4990234375,6121.77490234375,5993.037109375,6101.3330078125,6101.3330078125,198230600,-0.0025106607889003
2026-06-24,6128.27099609375,6171.3798828125,5876.93408203125,5883.880859375,5883.880859375,228307800,-0.0356401049015128
2026-06-25,5873.06982421875,6056.2001953125,5864.00390625,5999.0380859375,5999.0380859375,187930400,0.0195716448573251
2026-06-26,6010.3388671875,6045.2578125,5830.14404296875,5896.1337890625,5896.1337890625,171995200,-0.0171534661725553
2026-06-29,5932.02880859375,5942.77197265625,5800.2890625,5820.7900390625,5820.7900390625,117823200,-0.01277850074226
2026-06-30,5801.4541015625,5811.6689453125,5638.57421875,5643.19384765625,5643.19384765625,177538200,-0.0305106678327902
2026-07-01,5640.61083984375,5737.73583984375,5607.451171875,5695.1162109375,5695.1162109375,157577500,0.0092008824582225
2026-07-02,5709.841796875,5806.71484375,5704.4990234375,5744.55615234375,5744.55615234375,172862900,0.0086811119519036
2026-07-03,5806.1669921875,5899.3017578125,5805.921875,5875.77978515625,5875.77978515625,158006000,0.0228431282300132
2026-07-06,5893.28076171875,5935.68310546875,5857.35009765625,5916.06982421875,5916.06982421875,176040400,0.0068569688680781
2026-07-07,5933.57421875,5987.01123046875,5890.44091796875,5986.4970703125,5986.4970703125,197234200,0.0119043973763528
2026-07-08,5984.18212890625,5984.47314453125,5872.01611328125,5873.3720703125,5873.3720703125,186818300,-0.0188966934538389
2026-07-09,5865.76806640625,5912.44189453125,5839.6689453125,5912.44189453125,5912.44189453125,220556700,0.0066520260850204
2026-07-10,5936.037109375,5949.9912109375,5887.8349609375,5924.35986328125,5924.35986328125,142216700,0.002015743911331
2026-07-13,5934.71923828125,6037.841796875,5898.14697265625,6037.841796875,6037.841796875,224210800,0.0191551384812227
2026-07-14,6057.76123046875,6095.01611328125,6002.90087890625,6039.52099609375,6039.52099609375,252906400,0.0002781124903967
2026-07-15,6068.0322265625,6081.22802734375,6007.1728515625,6041.97216796875,6041.97216796875,187169500,0.0004058553445853
2026-07-16,6056.74609375,6108.208984375,6024.35400390625,6108.208984375,6108.208984375,235078700,0.0109627807882666
2026-07-17,6112.841796875,6192.658203125,6079.31787109375,6175.53515625,6175.53515625,205704000,0.0110222443349961
2026-07-20,6197.47607421875,6249.90283203125,6191.0419921875,6231.77978515625,6231.77978515625,282256800,0.0091076526136082
2026-07-21,6273.57080078125,6340.02001953125,6247.35302734375,6340.02001953125,6340.02001953125,441307800,0.0173690724169717
2026-07-22,6366.01220703125,6394.68603515625,6284.8818359375,6334.47607421875,6334.47607421875,422793200,-0.0008744365625693
2026-07-23,6346.6162109375,6454.30908203125,6306.64599609375,6315.31103515625,6315.31103515625,570639300,-0.0030255128976651
2026-07-24,6266.97509765625,6268.5341796875,6159.14501953125,6196.43017578125,6196.43017578125,330175800,-0.0188242287217859
2026-07-27,6185.798828125,6219.41796875,6144.27392578125,6185.783203125,6185.783203125,241884600,-0.0017182429809123
2026-07-28,6175.1982421875,6199.43994140625,6130.587890625,6130.587890625,6130.587890625,198014300,-0.0089229303206287
2026-07-29,6141.162109375,6174.4130859375,6029.32421875,6091.38623046875,6091.38623046875,288519700,-0.0063944373452663
2026-07-30,6110.283203125,6186.36279296875,6106.5458984375,6186.36279296875,6186.36279296875,231176100,0.0155919455615756
2026-07-31,6219.623046875,6236.615234375,6201.89404296875,6236.1259765625,6236.1259765625,274629600,0.0080440131397254
2026-08-03,6272.6171875,6273.326171875,6212.55078125,6234.4970703125,6234.4970703125,347512800,-0.000261204833918
2026-08-04,6254.77978515625,6319.61279296875,6238.39892578125,6319.61279296875,6319.61279296875,291916500,0.0136523799267713
2026-08-05,6338.5908203125,6367.82080078125,6316.10302734375,6351.13916015625,6351.13916015625,350837500,0.0049886548781241
2026-08-06,6379.91796875,6388.2041015625,6324.06103515625,6343.7109375,6343.7109375,506076700,-0.0011695890247297
2026-08-07,6352.3759765625,6409.65380859375,6347.42919921875,6409.65380859375,6409.65380859375,335303800,0.0103949993534442
2026-08-10,6440.59716796875,6462.73779296875,6362.7578125,6365.3740234375,6365.3740234375,395862600,-0.0069082959046683
2026-08-11,6383.81005859375,6388.5810546875,6230.09716796875,6267.8798828125,6267.8798828125,324921400,-0.0153163255240027
2026-08-12,6277.76318359375,6373.84912109375,6272.30322265625,6373.84912109375,6373.84912109375,294722600,0.016906711721109
2026-08-13,6388.23388671875,6390.3291015625,6281.57177734375,6301.76513671875,6301.76513671875,236598700,-0.0113093333408919
2026-08-14,6296.5927734375,6401.88818359375,6267.4072265625,6401.88818359375,6401.88818359375,226720200,0.015888095589537
2026-08-18,6448.828125,6490.64892578125,6448.26416015625,6449.830078125,6449.830078125,288255000,0.0074887116357502
2026-08-19,6408.1767578125,6490.9130859375,6373.81005859375,6394.125,6394.125,295308900,-0.0086366737495809
2026-08-20,6447.25,6514.67822265625,6444.39501953125,6501.5849609375,6501.5849609375,349455200,0.0168060463218189
2026-08-21,6524.0751953125,6551.95703125,6507.43408203125,6525.68994140625,6525.68994140625,378269100,0.003707554483034
2026-08-24,6544.001953125,6551.0029296875,6474.57177734375,6501.6669921875,6501.6669921875,296534200,-0.0036812887885343
2026-08-26,6507.14208984375,6532.1708984375,6405.68505859375,6405.68505859375,6405.68505859375,329574600,-0.0147626652840084
2026-08-27,6390.35302734375,6521.75,6376.65380859375,6521.75,6521.75,282061000,0.0181190521145804
2026-08-28,6535.71923828125,6566.90478515625,6495.73681640625,6518.12109375,6518.12109375,266064500,-0.000556431364281
2026-08-31,6511.10595703125,6528.09912109375,6476.1748046875,6525.47802734375,6525.47802734375,389387600,0.0011286893090716
2026-09-01,6538.123046875,6608.18310546875,6535.796875,6599.94287109375,6599.94287109375,418545000,
2026-09-02,6625.39306640625,6629.54296875,6561.0029296875,6595.77587890625,6595.77587890625,331276500,-0.000631367917705794
2026-09-03,6632.828125,6681.837890625,6614.7138671875,6667.89111328125,6667.89111328125,373613100,0.010933548334416399
2026-09-04,6695.69482421875,6704.125,6633.9150390625,6636.47509765625,6636.47509765625,278246600,-0.004711536989922438
2026-09-07,6652.0908203125,6667.7529296875,6610.93310546875,6619.6728515625,6619.6728515625,302047400,-0.002531802778810044
2026-09-08,6639.51123046875,6696.283203125,6636.93603515625,6686.44189453125,6686.44189453125,326049000,0.010086456606838157
2026-09-09,6700.8388671875,6707.30517578125,6642.15283203125,6678.201171875,6678.201171875,287063700,-0.0012324525938063324
2026-09-10,6688.1748046875,6712.501953125,6585.56298828125,6589.337890625,6589.337890625,403016100,-0.013306469655967268
2026-09-11,6552.7919921875,6552.7919921875,6462.9599609375,6541.376953125,6541.376953125,266825300,-0.007278567026929417
2026-09-14,6533.8681640625,6550.0,6371.39501953125,6534.69287109375,6534.69287109375,306250700,-0.0010218157551762364
2026-09-15,6544.77392578125,6549.60400390625,6461.01416015625,6461.15283203125,6461.15283203125,236697900,-0.011253786599184301
2026-09-16,6453.9140625,6535.4599609375,6436.85302734375,6436.85302734375,6436.85302734375,222552300,-0.0037609085126470987
2026-09-17,6455.03076171875,6500.4072265625,6418.1279296875,6462.43115234375,6462.43115234375,246532800,0.003973700330168084
2026-09-18,6512.56884765625,6521.02099609375,6419.4951171875,6441.1591796875,6441.1591796875,283004400,-0.003291636251867125
2026-09-21,6446.89599609375,6451.33203125,6381.56982421875,6384.72607421875,6384.72607421875,232135300,-0.008761327564565491
2026-09-22,6392.3349609375,6423.837890625,6258.43603515625,6277.0439453125,6277.0439453125,292579800,-0.01686558321445708
2026-09-23,6297.955078125,6380.166015625,6253.73583984375,6374.912109375,6374.912109375,273797800,0.015591441594986044
2026-09-24,6364.97607421875,6368.5732421875,6287.4560546875,6298.60693359375,6298.60693359375,230443500,-0.011969604360354213
2026-09-25,6315.5341796875,6328.4130859375,6231.8330078125,6241.89208984375,6241.89208984375,238522200,-0.009004347206921337
2026-09-28,6209.74609375,6227.89892578125,6140.341796875,6147.85888671875,6147.85888671875,287430500,-0.015064855619340567
2026-09-29,6118.80615234375,6150.5517578125,6013.0791015625,6121.7001953125,6121.7001953125,340052700,-0.004254927103606865
2026-09-30,6118.0478515625,6187.0458984375,6071.13818359375,6071.13818359375,6071.13818359375,267762500,-0.008259472059325312
2026-10-01,6062.89404296875,6095.23388671875,5973.1630859375,6009.501953125,6009.501953125,293469300,-0.01015233529609183
