Date,Brent_Oil,USD_IDR,SP500,US_10Y_Yield,US_10Y_Yield_Delta,USD_IDR_Return_1D,Brent_Oil_Return_1D,SP500_Return_1D
2020-01-01,,13690.3720703125,,,,,,
2020-01-02,66.25,13689.2314453125,3257.85009765625,1.8819999694824219,,-8.33158510332721e-05,,
2020-01-03,68.5999984741211,13884.7861328125,3234.85009765625,1.7879999876022339,-0.09399998188018799,0.014285293391468112,0.03547167508107307,-0.007059870562045378
2020-01-06,68.91000366210938,13934.31640625,3246.280029296875,1.8109999895095825,0.023000001907348633,0.0035672334426850583,0.004519026164486517,0.0035333728907271933
2020-01-07,68.2699966430664,13926.5,3237.179931640625,1.8270000219345093,0.016000032424926758,-0.0005609465166510619,-0.00928757778306255,-0.0028032386528962228
2020-01-08,65.44000244140625,13867.236328125,3253.050048828125,1.8739999532699585,0.04699993133544922,-0.00425546058772841,-0.04145297115592539,0.004902451368978156
2020-01-09,65.37000274658203,13886.939453125,3274.699951171875,1.8580000400543213,-0.015999913215637207,0.0014208400674644572,-0.0010696774482380489,0.006655262605488987
2020-01-10,64.9800033569336,13827.560546875,3265.35009765625,1.8250000476837158,-0.03299999237060547,-0.004275881410042315,-0.005966029880101642,-0.002855178689662563
2020-01-13,64.19999694824219,13522.4345703125,3288.1298828125,1.8480000495910645,0.023000001907348633,-0.022066508082038916,-0.01200379144960717,0.006976215252569862
2020-01-14,64.48999786376953,13665.3046875,3283.14990234375,1.8179999589920044,-0.03000009059906006,0.0105654138272675,0.004517148431660178,-0.001514532772802224
2020-01-15,64.0,13668.0400390625,3289.2900390625,1.7879999876022339,-0.029999971389770508,0.0002001676234122396,-0.007598044347971844,0.0018701968845122874
2020-01-16,64.62000274658203,13665.0966796875,3316.81005859375,1.809000015258789,0.021000027656555176,-0.000215346118872084,0.009687542915344238,0.00836655302646827
2020-01-17,64.8499984741211,13623.0,3329.6201171875,1.8359999656677246,0.026999950408935547,-0.0030805987454208816,0.003559203308007186,0.003862162248501333
2020-01-20,,13456.98828125,,,,-0.012186135120751618,,
2020-01-21,64.58999633789062,13615.0,3320.7900390625,1.7690000534057617,,0.011741982340146784,,
2020-01-22,63.209999084472656,13651.0,3321.75,1.7690000534057617,0.0,0.002644142489900858,-0.021365495148796265,0.0002890760711180551
2020-01-23,62.040000915527344,13626.38671875,3325.5400390625,1.7400000095367432,-0.029000043869018555,-0.0018030386967987644,-0.018509700773476467,0.0011409766124783616
2020-01-24,60.689998626708984,13609.1884765625,3295.469970703125,1.680999994277954,-0.05900001525878906,-0.0012621278510931422,-0.021760191310385424,-0.009042160974207403
2020-01-27,59.31999969482422,13711.9736328125,3243.6298828125,1.6050000190734863,-0.07599997520446777,0.007552629345020545,-0.02257371828777477,-0.015730711659182384
2020-01-28,59.5099983215332,13213.240234375,3276.239990234375,1.6410000324249268,0.03600001335144043,-0.036372108916840395,0.0032029438247882513,0.010053584595046017
2020-01-29,59.810001373291016,13634.0,3273.39990234375,1.593999981880188,-0.04700005054473877,0.031843798959347636,0.005041220974951077,-0.0008668741908683941
2020-01-30,58.290000915527344,13614.0146484375,3283.659912109375,1.5579999685287476,-0.03600001335144043,-0.0014658465279815402,-0.025413817469705835,0.003134358792605374
2020-01-31,58.15999984741211,13643.1806640625,3225.52001953125,1.5199999809265137,-0.03799998760223389,0.0021423523022541247,-0.0022302464586272386,-0.01770582037552626
2020-02-03,54.45000076293945,13633.126953125,3248.919921875,1.5199999809265137,0.0,-0.0007369037459118433,-0.0637895305056081,0.007254613892351713
2020-02-04,53.959999084472656,13735.5,3297.590087890625,1.6030000448226929,0.0830000638961792,0.007509139115845498,-0.008999112426097633,0.014980414164082134
2020-02-05,55.279998779296875,13702.4072265625,3334.68994140625,1.6490000486373901,0.046000003814697266,-0.0024092878626551517,0.02446255962231958,0.01125059589785371
2020-02-06,54.93000030517578,13668.267578125,3345.780029296875,1.6440000534057617,-0.004999995231628418,-0.0024915073587449266,-0.006331376299743563,0.003325672876785646
2020-02-07,54.470001220703125,13698.0,3327.7099609375,1.5779999494552612,-0.06600010395050049,0.0021752882510570615,-0.008374277843018918,-0.005400853672730133
2020-02-10,53.27000045776367,13675.853515625,3352.090087890625,1.5470000505447388,-0.03099989891052246,-0.001616767730690638,-0.022030489003979525,0.007326397804890528
2020-02-11,54.0099983215332,13691.58984375,3357.75,1.590000033378601,0.042999982833862305,0.0011506651564394677,0.013891455930364671,0.0016884725532351208
2020-02-12,55.790000915527344,13657.5537109375,3379.449951171875,1.6299999952316284,0.039999961853027344,-0.002485915310122766,0.03295690889300529,0.006462646466197652
2020-02-13,56.34000015258789,13500.7373046875,3373.93994140625,1.6169999837875366,-0.013000011444091797,-0.011482027423726393,0.009858383725307895,-0.0016304457368023773
2020-02-14,57.31999969482422,13695.400390625,3380.159912109375,1.5880000591278076,-0.028999924659729004,0.014418700367565318,0.017394383024177396,0.0018435333204338544
2020-02-17,,13681.2900390625,,,,-0.0010302985790878738,,
2020-02-18,57.75,13649.2412109375,3370.2900390625,1.555999994277954,,-0.0023425296908036186,,
2020-02-19,59.119998931884766,13768.0,3386.14990234375,1.5700000524520874,0.0140000581741333,0.008700761253111589,0.023722925227441793,0.004705785881164548
2020-02-20,59.310001373291016,13762.0,3373.22998046875,1.524999976158142,-0.04500007629394531,-0.00043579314352115706,0.003213843789563686,-0.00381551976362815
2020-02-21,58.5,13703.482421875,3337.75,1.4709999561309814,-0.054000020027160645,-0.004252112928716745,-0.013657078983912885,-0.01051810302712286
2020-02-24,56.29999923706055,13771.486328125,3225.889892578125,1.3769999742507935,-0.09399998188018799,0.004962527345709233,-0.03760685064853764,-0.03351362667122315
2020-02-25,54.95000076293945,13879.9296875,3128.2099609375,1.3300000429153442,-0.04699993133544922,0.00787448477173669,-0.02397865883508632,-0.030279995565056117
2020-02-26,53.43000030517578,14056.5,3116.389892578125,1.309999942779541,-0.020000100135803223,0.012721268513270267,-0.02766151841054787,-0.0037785406053220116
2020-02-27,52.18000030517578,13931.0,2978.760009765625,1.2990000247955322,-0.010999917984008789,-0.008928253832746424,-0.023395096254171466,-0.04416324258407911
2020-02-28,50.52000045776367,14316.0,2954.219970703125,1.1269999742507935,-0.17200005054473877,0.02763620702031444,-0.03181295204491308,-0.008238340444361891
2020-03-02,51.900001525878906,13971.9619140625,3090.22998046875,1.0880000591278076,-0.03899991512298584,-0.024031718771828747,0.027315935384223833,0.046039229006110016
2020-03-03,51.86000061035156,14220.0,3003.3701171875,1.0099999904632568,-0.07800006866455078,0.017752559551987845,-0.000770730527000052,-0.028107896121075893
2020-03-04,51.130001068115234,14199.5,3130.1201171875,0.9919999837875366,-0.018000006675720215,-0.0014416315049226025,-0.014076350436652674,0.04220259077449118
2020-03-05,49.9900016784668,14256.0,3023.93994140625,0.9259999990463257,-0.06599998474121094,0.003979013345540405,-0.022296095557082674,-0.033922077046888544
2020-03-06,45.27000045776367,14309.599609375,2972.3701171875,0.7059999704360962,-0.2200000286102295,0.003759793025743585,-0.09441890502548766,-0.01705385200037013
2020-03-09,34.36000061035156,14251.5390625,2746.56005859375,0.49900001287460327,-0.20699995756149292,-0.004057454328558641,-0.24099844791455216,-0.07596969747745097
2020-03-10,37.220001220703125,14094.818359375,2882.22998046875,0.7480000257492065,0.24900001287460327,-0.010996756381026818,0.08323633758871174,0.04939630628156144
2020-03-11,35.790000915527344,14272.900390625,2741.3798828125,0.8199999928474426,0.07199996709823608,0.012634574402411669,-0.03842021113047045,-0.048868445131273974
2020-03-12,33.220001220703125,14526.0,2480.639892578125,0.8489999771118164,0.02899998426437378,0.01773287856343808,-0.07180775716910459,-0.09511268097833658
2020-03-13,33.849998474121094,14850.0,2711.02001953125,0.9509999752044678,0.10199999809265137,0.02230483271375472,0.018964395853945604,0.09287124972971839
2020-03-16,30.049999237060547,14635.0224609375,2386.1298828125,0.7279999852180481,-0.22299998998641968,-0.014476601957070678,-0.11225995297948721,-0.11984055240393443
2020-03-17,28.729999542236328,15192.0,2529.18994140625,0.996999979019165,0.26899999380111694,0.038057853382127416,-0.0439267796451811,0.05995484974402432
2020-03-18,24.8799991607666,14955.7880859375,2398.10009765625,1.2660000324249268,0.2690000534057617,-0.015548440894056048,-0.1340062806408957,-0.051830762729157875
2020-03-19,28.469999313354492,15474.5,2409.389892578125,1.11899995803833,-0.14700007438659668,0.034683021120781365,0.14429261550173123,0.0047078080405855705
2020-03-20,26.979999542236328,15908.0,2304.919921875,0.9380000233650208,-0.18099993467330933,0.0280138292028822,-0.052335785284660874,-0.04335951230846191
2020-03-23,27.030000686645508,15766.2470703125,2237.39990234375,0.7639999985694885,-0.17400002479553223,-0.008910795177740738,0.0018532670592119604,-0.02929386782180443
2020-03-24,27.149999618530273,16504.80078125,2447.330078125,0.8159999847412109,0.05199998617172241,0.04684397673357421,0.0044394720250249264,0.09382773976227554
2020-03-25,27.389999389648438,16216.5,2475.56005859375,0.8579999804496765,0.041999995708465576,-0.01746769228366085,0.008839770699457405,0.011535011448221999
2020-03-26,26.34000015258789,16447.720703125,2630.070068359375,0.8109999895095825,-0.046999990940093994,0.014258360504732837,-0.038335131816665036,0.062414163303876835
2020-03-27,24.93000030517578,16218.63671875,2541.469970703125,0.7490000128746033,-0.06199997663497925,-0.013928007929480124,-0.05353074560531379,-0.033687352562252526
2020-03-30,22.760000228881836,16005.3349609375,2626.64990234375,0.6700000166893005,-0.07899999618530273,-0.013151645327002526,-0.08704372441758157,0.03351600948370015
2020-03-31,22.739999771118164,16346.9619140625,2584.590087890625,0.6980000138282776,0.02799999713897705,0.021344567543183146,-0.0008787547259464512,-0.016012721914555605
2020-04-01,24.739999771118164,16277.943359375,2470.5,0.6349999904632568,-0.06300002336502075,-0.004222102862313948,0.08795074846659312,-0.04414243033166543
2020-04-02,29.940000534057617,16412.80859375,2526.89990234375,0.6269999742507935,-0.008000016212463379,0.008285151962844628,0.21018596649341958,0.02282934723487151
2020-04-03,34.11000061035156,16441.263671875,2488.64990234375,0.5870000123977661,-0.039999961853027344,0.0017337116900173477,0.13927855717806192,-0.015137125124949469
2020-04-06,33.04999923706055,16418.0,2663.679931640625,0.6759999990463257,0.08899998664855957,-0.001414956437612247,-0.03107597051667399,0.07033131865275055
2020-04-07,31.8700008392334,16364.6484375,2659.409912109375,0.7360000014305115,0.06000000238418579,-0.0032495774454867066,-0.03570343192334968,-0.0016030527844311804
2020-04-08,32.84000015258789,16225.0,2749.97998046875,0.7639999985694885,0.02799999713897705,-0.008533543389785958,0.03043612449988964,0.03405645287963033
2020-04-09,31.479999542236328,16159.376953125,2789.820068359375,0.7289999723434448,-0.0350000262260437,-0.004044563751926078,-0.041412929477236626,0.014487410153376512
2020-04-10,,15811.9677734375,,,,-0.021498921690809136,,
2020-04-13,31.739999771118164,15800.0,2761.6298828125,0.7490000128746033,,-0.0007568807126968613,,
2020-04-14,29.600000381469727,15751.0,2846.06005859375,0.7519999742507935,0.0029999613761901855,-0.0031012658227848044,-0.0674227915904313,0.030572589146256046
2020-04-15,27.690000534057617,15578.3466796875,2783.360107421875,0.6380000114440918,-0.11399996280670166,-0.010961419612246837,-0.06452702104043928,-0.022030438529415775
2020-04-16,27.81999969482422,15887.5,2799.550048828125,0.609000027179718,-0.02899998426437378,0.019845066146563672,0.004694805282026149,0.005816689462164515
2020-04-17,28.079999923706055,15568.3388671875,2874.56005859375,0.6539999842643738,0.04499995708465576,-0.020088820318646783,0.009345802722284358,0.026793594848223412
2020-04-20,25.56999969482422,15423.0,2823.159912109375,0.6259999871253967,-0.02799999713897705,-0.009335541089346533,-0.08938747278139458,-0.01788104803401469
2020-04-21,19.329999923706055,15377.080078125,2736.56005859375,0.5709999799728394,-0.05500000715255737,-0.002977366392725167,-0.2440359736250306,-0.030674795694063395
2020-04-22,20.3700008392334,15394.6787109375,2799.31005859375,0.6190000176429749,0.0480000376701355,0.00114447168923415,0.053802427296024025,0.022930247703843776
2020-04-23,21.329999923706055,15408.6220703125,2797.800048828125,0.6129999756813049,-0.006000041961669922,0.0009057259093749881,0.04712808271581714,-0.0005394221197431159
2020-04-24,21.440000534057617,15665.0,2836.739990234375,0.5960000157356262,-0.01699995994567871,0.016638601979956258,0.005157084423113689,0.013918057304545428
2020-04-27,19.989999771118164,15348.744140625,2878.47998046875,0.656000018119812,0.06000000238418579,-0.020188691948611504,-0.0676306309151492,0.014714069804799612
2020-04-28,20.459999084472656,15312.3857421875,2863.389892578125,0.6100000143051147,-0.046000003814697266,-0.0023688191101750578,0.023511721797693674,-0.005242380698498916
2020-04-29,22.540000915527344,15364.5947265625,2939.510009765625,0.6269999742507935,0.01699995994567871,0.003409591767999709,0.1016618731245802,0.026583916282167053
2020-04-30,25.270000457763672,15234.63671875,2912.429931640625,0.621999979019165,-0.004999995231628418,-0.008458277626277155,0.12111798719385525,-0.009212446303987654
2020-05-01,26.440000534057617,15249.0,2830.7099609375,0.6420000195503235,0.020000040531158447,0.0009428043159258603,0.04629996260781577,-0.028059034078492195
2020-05-04,27.200000762939453,14671.0,2842.739990234375,0.6370000243186951,-0.004999995231628418,-0.03790412486064665,0.02874433485365757,0.004249827591976452
2020-05-05,30.969999313354492,15044.0,2868.43994140625,0.6570000052452087,0.019999980926513672,0.025424306454911116,0.1386028839951996,0.009040556385797371
2020-05-06,29.719999313354492,15335.0,2848.419921875,0.7110000252723694,0.054000020027160645,0.01934325977133744,-0.040361641191932196,-0.006979410390386298
2020-05-07,29.459999084472656,14998.33203125,2881.18994140625,0.6309999823570251,-0.08000004291534424,-0.021954220329312046,-0.008748325534617574,0.011504630788313985
2020-05-08,30.969999313354492,15227.0,2929.800048828125,0.6819999814033508,0.050999999046325684,0.015246226598634838,0.05125594962009705,0.016871538638701944
2020-05-11,29.6299991607666,14721.3984375,2930.18994140625,0.7260000109672546,0.04400002956390381,-0.033204279405004256,-0.043267684284709396,0.00013307822091168653
2020-05-12,29.979999542236328,14848.7001953125,2870.1201171875,0.6779999732971191,-0.0480000376701355,0.008647395718074158,0.01181236555460874,-0.020500317528877154
2020-05-13,29.190000534057617,14994.0,2820.0,0.6489999890327454,-0.02899998426437378,0.009785355133870244,-0.026350867919985976,-0.01746272460422804
2020-05-14,31.1299991607666,14846.873046875,2852.5,0.6190000176429749,-0.029999971389770508,-0.00981238849706545,0.06646106855823719,0.01152482269503552
2020-05-15,32.5,14810.1201171875,2863.699951171875,0.6399999856948853,0.0209999680519104,-0.002475466017084038,0.04400902268446005,0.0039263632504382695
2020-05-18,34.810001373291016,14853.0,2953.909912109375,0.7440000176429749,0.1040000319480896,0.002895309590550621,0.07107696533203134,0.03150119163168075
2020-05-19,34.650001525878906,14878.0,2922.93994140625,0.7110000252723694,-0.03299999237060547,0.001683161650845033,-0.004596375785692275,-0.010484399194493177
2020-05-20,35.75,14748.447265625,2971.610107421875,0.6800000071525574,-0.03100001811981201,-0.008707671351996238,0.03174598631112735,0.01665110025908012
2020-05-21,36.060001373291016,14771.0,2948.510009765625,0.6769999861717224,-0.003000020980834961,0.0015291599155367042,0.00867136708506333,-0.007773596407737116
2020-05-22,35.130001068115234,14826.0,2955.449951171875,0.6570000052452087,-0.019999980926513672,0.0037235122875904914,-0.025790356898450217,0.002353711326488428
2020-05-25,,14703.0,,,,-0.008296236341562069,,
2020-05-26,36.16999816894531,14501.7578125,2991.77001953125,0.6980000138282776,,-0.013687151431680644,,
2020-05-27,34.7400016784668,14850.0,3036.1298828125,0.6800000071525574,-0.018000006675720215,0.02401379143153437,-0.03953543165247586,0.014827297215913804
2020-05-28,35.290000915527344,14888.5,3029.72998046875,0.7049999833106995,0.02499997615814209,0.002592592592592702,0.0158318713439054,-0.0021079145460738413
2020-05-29,35.33000183105469,14825.0,3044.31005859375,0.6480000019073486,-0.05699998140335083,-0.004265036773348552,0.0011334914845453348,0.004812335824971425
2020-06-01,38.31999969482422,14603.0,3055.72998046875,0.6620000004768372,0.013999998569488525,-0.01497470489038788,0.08463056067948904,0.003751234813537785
2020-06-02,39.56999969482422,14573.5,3080.820068359375,0.6800000071525574,0.018000006675720215,-0.002020132849414491,0.03262004201343549,0.008210832780053412
2020-06-03,39.790000915527344,14343.8232421875,3122.8701171875,0.7609999775886536,0.08099997043609619,-0.015759890061584403,0.005559798392717807,0.013648979133831007
2020-06-04,39.9900016784668,14130.0,3112.35009765625,0.8199999928474426,0.05900001525878906,-0.014906990875250825,0.005026407598332172,-0.0033687022311144066
2020-06-05,42.29999923706055,14085.447265625,3193.929931640625,0.9039999842643738,0.08399999141693115,-0.0031530597576079344,0.05776437763536291,0.026211650818398713
2020-06-08,40.79999923706055,13863.0,3232.389892578125,0.8840000033378601,-0.019999980926513672,-0.015792701604007586,-0.03546099354738985,0.012041579421169235
2020-06-09,41.18000030517578,14070.7998046875,3207.179931640625,0.8289999961853027,-0.05500000715255737,0.014989526414737053,0.009313751843653462,-0.007799170822611612
2020-06-10,41.72999954223633,13852.103515625,3190.139892578125,0.7480000257492065,-0.08099997043609619,-0.015542562761048151,0.013355979431389553,-0.0053130910724373814
2020-06-11,38.54999923706055,13947.443359375,3002.10009765625,0.652999997138977,-0.09500002861022949,0.006882697898009438,-0.07620417781114985,-0.05894405927443824
2020-06-12,38.72999954223633,14475.0,3041.31005859375,0.6990000009536743,0.046000003814697266,0.03782461251369007,0.004669268709160734,0.013060843963234703
2020-06-15,39.720001220703125,14118.0,3066.590087890625,0.7020000219345093,0.003000020980834961,-0.024663212435233173,0.025561623810172573,0.008312217041285264
2020-06-16,40.959999084472656,13988.119140625,3124.739990234375,0.7559999823570251,0.05399996042251587,-0.00919966421412377,0.031218474966290044,0.01896239819380252
2020-06-17,40.709999084472656,14275.0,3113.489990234375,0.7329999804496765,-0.023000001907348633,0.02050889447615778,-0.006103515761424205,-0.0036002995561740248
2020-06-18,41.5099983215332,14102.7353515625,3115.340087890625,0.6940000057220459,-0.038999974727630615,-0.012067576072679498,0.019651173054574533,0.0005942198825281686
2020-06-19,42.189998626708984,13997.6923828125,3097.739990234375,0.6970000267028809,0.003000020980834961,-0.007448410973574848,0.016381602810690454,-0.005649494809462974
2020-06-22,43.08000183105469,14093.0,3117.860107421875,0.7039999961853027,0.006999969482421875,0.00680880923662297,0.021095122856493065,0.006495095537691675
2020-06-23,42.630001068115234,14080.134765625,3131.2900390625,0.7089999914169312,0.004999995231628418,-0.00091288117327748,-0.010445699717103185,0.004307419569164139
2020-06-24,40.310001373291016,14113.177734375,3050.330078125,0.6840000152587891,-0.02499997615814209,0.0023467792957969635,-0.054421760185210166,-0.025855145939064572
2020-06-25,41.04999923706055,14289.2998046875,3083.760009765625,0.6740000247955322,-0.009999990463256836,0.012479263963602216,0.018357673990550882,0.010959447267809841
2020-06-26,41.02000045776367,14376.2001953125,3009.050048828125,0.6359999775886536,-0.03800004720687866,0.006081500970152032,-0.000730786354553481,-0.024226905044785974
2020-06-29,41.709999084472656,14213.0,3053.239990234375,0.6359999775886536,0.0,-0.011352109256638876,0.01682102922986184,0.014685678433118632
2020-06-30,41.150001525878906,14470.2001953125,3100.2900390625,0.652999997138977,0.017000019550323486,0.018096122937627523,-0.013425978683423656,0.015409875731554612
2020-07-01,42.029998779296875,14194.05078125,3115.860107421875,0.6819999814033508,0.02899998426437378,-0.019084007846135842,0.021385108646096773,0.005022132820864389
2020-07-02,43.13999938964844,14187.8583984375,3130.010009765625,0.6690000295639038,-0.012999951839447021,-0.0004362660742823765,0.026409722640732713,0.004541250844364075
2020-07-03,,14298.779296875,,,,0.007818015610426166,,
2020-07-06,43.099998474121094,14503.0,3179.719970703125,0.6840000152587891,,0.014282387250332151,,
2020-07-07,43.08000183105469,14206.5087890625,3145.320068359375,0.6499999761581421,-0.03400003910064697,-0.020443440042577365,-0.000463959252305135,-0.010818532028197159
2020-07-08,43.290000915527344,14483.5,3169.93994140625,0.652999997138977,0.003000020980834961,0.019497486331811142,0.004874630351600295,0.007827461915415501
2020-07-09,42.349998474121094,14349.5654296875,3152.050048828125,0.6050000190734863,-0.04799997806549072,-0.009247389809956208,-0.021714077651337926,-0.005643606159361103
2020-07-10,43.2400016784668,14545.7001953125,3185.0400390625,0.6330000162124634,0.02799999713897705,0.013668341845337162,0.02101542470868223,0.01046620127324438
2020-07-13,42.720001220703125,14428.0,3155.219970703125,0.6399999856948853,0.006999969482421875,-0.008091751770769373,-0.012025912062409327,-0.009362541127788226
2020-07-14,42.900001525878906,14584.0,3197.52001953125,0.6150000095367432,-0.02499997615814209,0.010812309398392062,0.00421349016929673,0.013406370782667931
2020-07-15,43.790000915527344,14715.400390625,3226.56005859375,0.6299999952316284,0.014999985694885254,0.009009900618828892,0.020745905780715557,0.009082050740923053
2020-07-16,43.369998931884766,14561.171875,3215.570068359375,0.6119999885559082,-0.018000006675720215,-0.010480755639055372,-0.00959127597308751,-0.0034061012455366413
2020-07-17,43.13999938964844,14552.2099609375,3224.72998046875,0.628000020980835,0.016000032424926758,-0.0006154665393303116,-0.005303194556162127,0.002848612194617406
2020-07-20,43.279998779296875,14688.0,3251.840087890625,0.6200000047683716,-0.008000016212463379,0.00933123143680592,0.003245233927426261,0.0084069387471426
2020-07-21,44.31999969482422,14949.2998046875,3257.300048828125,0.6069999933242798,-0.013000011444091797,0.017790019382318834,0.024029596692706656,0.0016790373419135474
2020-07-22,44.290000915527344,14626.8623046875,3276.02001953125,0.5950000286102295,-0.011999964714050293,-0.02156873594165909,-0.0006768677685793367,0.005747082068739751
2020-07-23,43.310001373291016,14630.0,3235.659912109375,0.5820000171661377,-0.013000011444091797,0.00021451595339727625,-0.022126880153049533,-0.012319859824193036
2020-07-24,43.34000015258789,14578.904296875,3215.6298828125,0.5889999866485596,0.006999969482421875,-0.003492529263499633,0.0006926524669974565,-0.006190400054688405
2020-07-27,43.40999984741211,14603.0,3239.409912109375,0.609000027179718,0.020000040531158447,0.0016527787434728047,0.0016151290857815415,0.007395138795039502
2020-07-28,43.220001220703125,14614.5,3218.43994140625,0.5809999704360962,-0.028000056743621826,0.0007875094158733553,-0.004376840068574972,-0.006473392152297919
2020-07-29,43.75,14633.5,3258.43994140625,0.5789999961853027,-0.001999974250793457,0.0013000786889731941,0.012262812686895552,0.01242838167815008
2020-07-30,42.939998626708984,14458.3447265625,3246.219970703125,0.5410000085830688,-0.03799998760223389,-0.011969472336590736,-0.018514317103794697,-0.003750251937389204
2020-07-31,43.29999923706055,14486.6689453125,3271.1201171875,0.5360000133514404,-0.004999995231628418,0.001959022231498242,0.008383805818932721,0.007670504990141325
2020-08-03,44.150001525878906,14593.0,3294.610107421875,0.5630000233650208,0.027000010013580322,0.007339924387649299,0.01963053819388616,0.00718102343932614
2020-08-04,44.43000030517578,14540.9208984375,3306.510009765625,0.5149999856948853,-0.0480000376701355,-0.0035687728063112933,0.006341987986857811,0.0036119303819721615
2020-08-05,45.16999816894531,14720.0,3327.77001953125,0.5429999828338623,0.02799999713897705,0.012315526837213042,0.01665536481401575,0.006429743053199433
2020-08-06,45.09000015258789,14307.642578125,3349.159912109375,0.5360000133514404,-0.006999969482421875,-0.028013411812160327,-0.001771043161396868,0.00642769555966427
2020-08-07,44.400001525878906,14568.45703125,3351.280029296875,0.5619999766349792,0.02599996328353882,0.01822903051294844,-0.015302697369127927,0.0006330295486443038
2020-08-10,44.9900016784668,14618.0,3360.469970703125,0.5740000009536743,0.012000024318695068,0.003400701161676123,0.013288291268278574,0.002742218294476073
2020-08-11,44.5,14823.7998046875,3333.68994140625,0.6579999923706055,0.08399999141693115,0.014078519953995006,-0.010891346081041031,-0.007969132154236114
2020-08-12,45.43000030517578,14858.5,3380.35009765625,0.6700000166893005,0.012000024318695068,0.002340843492875999,0.0208988832623771,0.013996549490237653
2020-08-13,44.959999084472656,14670.8095703125,3373.429931640625,0.7160000205039978,0.046000003814697266,-0.01263185581905979,-0.01034561341725504,-0.002047174350497949
2020-08-14,44.79999923706055,14673.4970703125,3372.85009765625,0.7089999914169312,-0.00700002908706665,0.00018318689143370648,-0.0035587155398179027,-0.00017188262276812694
2020-08-17,45.369998931884766,14788.0,3381.989990234375,0.6830000281333923,-0.02599996328353882,0.007803383824511956,0.012723207690429783,0.0027098425110787527
2020-08-18,45.459999084472656,14969.400390625,3389.780029296875,0.6690000295639038,-0.013999998569488525,0.012266729146943378,0.0019836930726626623,0.002303389154016955
2020-08-19,45.369998931884766,14598.072265625,3374.85009765625,0.675000011920929,0.0059999823570251465,-0.024805811542896183,-0.001979765824910218,-0.0044043954214108005
2020-08-20,44.900001525878906,14694.197265625,3385.510009765625,0.6439999938011169,-0.03100001811981201,0.006584773540705857,-0.010359211308589189,0.0031586327691348615
2020-08-21,44.349998474121094,14543.412109375,3397.159912109375,0.6399999856948853,-0.0040000081062316895,-0.010261544303800885,-0.012249510758720272,0.0034411070444764214
2020-08-24,45.130001068115234,14764.0,3431.280029296875,0.6460000276565552,0.006000041961669922,0.015167547269241188,0.01758743226224202,0.010043718303008653
2020-08-25,45.86000061035156,14629.400390625,3443.6201171875,0.6819999814033508,0.035999953746795654,-0.009116744064955329,0.01617548249410694,0.0035963511532906
2020-08-26,45.63999938964844,14607.7001953125,3478.72998046875,0.6869999766349792,0.004999995231628418,-0.0014833277327214178,-0.0047972354508313275,0.010195626139483993
2020-08-27,45.09000015258789,14447.3828125,3484.550048828125,0.7459999918937683,0.05900001525878906,-0.010974854403429268,-0.012050816047672663,0.0016730440109038458
2020-08-28,45.04999923706055,14446.00390625,3508.010009765625,0.7289999723434448,-0.017000019550323486,-9.544332478039763e-05,-0.0008871349610107826,0.00673256535528588
2020-08-31,45.279998779296875,14618.0,3500.31005859375,0.6930000185966492,-0.035999953746795654,0.01190613645588079,0.005105428327002448,-0.0021949627140287475
2020-09-01,45.58000183105469,14599.7001953125,3526.64990234375,0.671999990940094,-0.021000027656555176,-0.001251867881208124,0.006625509272208285,0.007525003016613407
2020-09-02,44.43000030517578,14818.599609375,3580.840087890625,0.6510000228881836,-0.0209999680519104,0.0149934184355911,-0.02523039665819815,0.015365910154807594
2020-09-03,44.06999969482422,14565.1474609375,3455.06005859375,0.621999979019165,-0.029000043869018555,-0.01710365048780682,-0.008102647037560917,-0.03512584371534122
2020-09-04,42.65999984741211,14545.9873046875,3426.9599609375,0.7210000157356262,0.09900003671646118,-0.0013154797300464205,-0.03199455087760539,-0.008133027264274895
2020-09-07,,14741.0,,,,0.013406631755388476,,
2020-09-08,39.779998779296875,14795.0,3331.840087890625,0.6840000152587891,,0.0036632521538566554,,
2020-09-09,40.790000915527344,14915.2001953125,3398.9599609375,0.703000009059906,0.018999993801116943,0.008124379541230242,0.025389697516936982,0.02014498633677464
2020-09-10,40.060001373291016,14874.2001953125,3339.18994140625,0.6850000023841858,-0.018000006675720215,-0.002748873596271628,-0.017896531646275138,-0.01758479659017942
2020-09-11,39.83000183105469,14857.470703125,3340.969970703125,0.6690000295639038,-0.015999972820281982,-0.0011247322187294406,-0.0057413762943521185,0.0005330721905940639
2020-09-14,39.61000061035156,14883.0,3383.5400390625,0.6710000038146973,0.001999974250793457,0.0017182801423683003,-0.005523505161669218,0.012741829089357504
2020-09-15,40.529998779296875,14983.5,3401.199951171875,0.6790000200271606,0.008000016212463379,0.006752670832493424,0.023226411380182777,0.005219359577689042
2020-09-16,42.220001220703125,14869.599609375,3385.489990234375,0.6869999766349792,0.007999956607818604,-0.007601721268395201,0.041697569511635946,-0.004618946596211537
2020-09-17,43.29999923706055,14812.5869140625,3357.010009765625,0.6840000152587891,-0.0029999613761901855,-0.003834178243545594,0.0255802459765877,-0.008412365876402483
2020-09-18,43.150001525878906,14788.0,3319.469970703125,0.6940000057220459,0.009999990463256836,-0.001659866315394165,-0.0034641504347477925,-0.011182581807410497
2020-09-21,41.439998626708984,14728.0,3281.06005859375,0.6710000038146973,-0.023000001907348633,-0.004057343792263968,-0.03962926625030039,-0.011571097930805796
2020-09-22,41.720001220703125,14839.2001953125,3315.570068359375,0.6639999747276306,-0.00700002908706665,0.007550257693678786,0.006756819577056428,0.010517945160813724
2020-09-23,41.77000045776367,14742.5859375,3236.919921875,0.6759999990463257,0.012000024318695068,-0.006510745629203063,0.0011984476413613443,-0.023721455093028143
2020-09-24,41.939998626708984,14803.9853515625,3246.590087890625,0.6660000085830688,-0.009999990463256836,0.004164765552176375,0.004069862750353703,0.0029874591429570607
2020-09-25,41.91999816894531,14839.578125,3298.4599609375,0.6589999794960022,-0.00700002908706665,0.0024042697011816827,-0.0004768826518495306,0.0159767237756141
2020-09-28,42.43000030517578,14863.0,3351.60009765625,0.6629999876022339,0.0040000081062316895,0.0015783383329841527,0.012166082025458769,0.016110590199083896
2020-09-29,41.029998779296875,14893.599609375,3335.469970703125,0.6449999809265137,-0.018000006675720215,0.0020587774591267483,-0.03299555776124108,-0.0048126645432444715
2020-09-30,40.95000076293945,14910.0,3363.0,0.6769999861717224,0.03200000524520874,0.0011011703721830468,-0.001949744546368093,0.008253718228220741
2020-10-01,40.93000030517578,14879.0,3380.800048828125,0.6769999861717224,0.0,-0.0020791415157612736,-0.0004884116579009223,0.005292907769290922
2020-10-02,39.27000045776367,14817.55859375,3348.419921875,0.6959999799728394,0.018999993801116943,-0.004129404277841253,-0.04055704458917864,-0.009577652178616392
2020-10-05,41.290000915527344,14853.0,3408.60009765625,0.7620000243186951,0.06600004434585571,0.0023918519387498005,0.05143876837832617,0.01797270867614209
2020-10-06,42.650001525878906,14780.1826171875,3360.969970703125,0.7419999837875366,-0.020000040531158447,-0.0049025370505958454,0.03293777137796394,-0.013973515692226712
2020-10-07,41.9900016784668,14773.0,3419.43994140625,0.7850000262260437,0.04300004243850708,-0.0004859626821624996,-0.015474790710420905,0.01739675486921799
2020-10-08,43.34000015258789,14715.5,3446.830078125,0.7649999856948853,-0.020000040531158447,-0.0038922358356461295,0.03215047440241947,0.008010123642494982
2020-10-09,42.849998474121094,14676.99609375,3477.139892578125,0.7749999761581421,0.009999990463256836,-0.002616554398423454,-0.011305991618404287,0.00879353312061526
2020-10-12,41.720001220703125,14693.0,3534.219970703125,0.7770000100135803,0.0020000338554382324,0.0010904074749202852,-0.02637099868510895,0.01641581296364758
2020-10-13,42.45000076293945,14484.9921875,3511.929931640625,0.7269999980926514,-0.050000011920928955,-0.014156932723065396,0.017497591583819805,-0.006306918994084421
2020-10-14,43.31999969482422,14793.0,3488.669921875,0.722000002861023,-0.004999995231628418,0.02126392672588384,0.02049467411657413,-0.006623141753502759
2020-10-15,43.15999984741211,14681.462890625,3483.340087890625,0.7310000061988831,0.009000003337860107,-0.007539857322720223,-0.0036934406403337228,-0.0015277553060997207
2020-10-16,42.93000030517578,14652.5,3483.81005859375,0.7440000176429749,0.013000011444091797,-0.0019727523640368227,-0.005328997753694775,0.00013491955745537076
2020-10-19,42.619998931884766,14693.0,3426.919921875,0.7609999775886536,0.01699995994567871,0.0027640334413923107,-0.007221089473266162,-0.016329861778318078
2020-10-20,43.15999984741211,14708.0,3443.1201171875,0.796999990940094,0.03600001335144043,0.0010208943034097917,0.01267012972924686,0.004727334073110212
2020-10-21,41.72999954223633,14688.0,3435.56005859375,0.8159999847412109,0.018999993801116943,-0.0013598041881969225,-0.03313253730841992,-0.0021956999281005363
2020-10-22,42.459999084472656,14639.775390625,3453.489990234375,0.8479999899864197,0.03200000524520874,-0.0032832658888207744,0.017493399239016716,0.005218925396392127
2020-10-23,41.77000045776367,14639.8525390625,3465.389892578125,0.8410000205039978,-0.006999969482421875,5.2697828649694856e-06,-0.016250556796674864,0.003445761353703114
2020-10-26,40.459999084472656,14642.7822265625,3400.969970703125,0.8009999990463257,-0.04000002145767212,0.00020011728206847934,-0.031362254223953,-0.018589516294535646
2020-10-27,41.20000076293945,14724.2001953125,3390.679931640625,0.777999997138977,-0.023000001907348633,0.005560279972087967,0.018289710707155793,-0.0030256189119989285
2020-10-28,39.119998931884766,14653.2744140625,3271.030029296875,0.781000018119812,0.003000020980834961,-0.0048169530642879765,-0.050485480401391336,-0.035287878760604796
2020-10-29,37.650001525878906,14777.2001953125,3310.110107421875,0.8349999785423279,0.05399996042251587,0.008457207430106584,-0.03757662183389621,0.011947330894238384
2020-10-30,37.459999084472656,14818.0,3269.9599609375,0.8600000143051147,0.025000035762786865,0.0027609969512656374,-0.005046545383953105,-0.012129550130175693
2020-11-02,38.970001220703125,14586.169921875,3310.239990234375,0.8489999771118164,-0.01100003719329834,-0.01564516656262649,0.04030972165336677,0.01231820260127181
2020-11-03,39.709999084472656,14603.9580078125,3369.159912109375,0.8820000290870667,0.033000051975250244,0.0012195172572906365,0.0189889104590637,0.01779929009643455
2020-11-04,41.22999954223633,14540.892578125,3443.43994140625,0.7680000066757202,-0.11400002241134644,-0.0043183792814086575,0.038277524371890914,0.02204704770168342
2020-11-05,40.93000030517578,14360.0,3510.449951171875,0.7760000228881836,0.008000016212463379,-0.012440266452221183,-0.007276236730326069,0.01946019413896294
2020-11-06,39.45000076293945,14256.0,3509.43994140625,0.8199999928474426,0.04399996995925903,-0.007242339832869038,-0.03615928490597098,-0.00028771518741854685
2020-11-09,42.400001525878906,14198.671875,3550.5,0.9580000042915344,0.1380000114440918,-0.004021333122895654,0.07477821814672247,0.01169988923568721
2020-11-10,43.61000061035156,14256.3603515625,3545.530029296875,0.972000002861023,0.013999998569488525,0.00406294877932023,0.028537713229423556,-0.0013997945931910616
2020-11-11,43.79999923706055,14041.544921875,3572.659912109375,0.9580000042915344,-0.013999998569488525,-0.01506804151902319,0.004356767348081325,0.007651855318760337
2020-11-12,43.529998779296875,13878.9892578125,3537.010009765625,0.8849999904632568,-0.07300001382827759,-0.011576764876438772,-0.006164394120245054,-0.009978532303877019
2020-11-13,42.779998779296875,14133.4912109375,3585.14990234375,0.8930000066757202,0.008000016212463379,0.0183372109018487,-0.017229497381853975,0.013610335409063534
2020-11-16,43.81999969482422,14135.5595703125,3626.909912109375,0.906000018119812,0.013000011444091797,0.00014634454743922554,0.024310447526956214,0.011648051240012336
2020-11-17,43.75,14089.2001953125,3609.530029296875,0.871999979019165,-0.03400003910064697,-0.0032796278611681995,-0.0015974371362783568,-0.004791925698091615
2020-11-18,44.34000015258789,14026.451171875,3567.7900390625,0.8820000290870667,0.010000050067901611,-0.004453696630584925,0.013485717773437544,-0.011563829610944043
2020-11-19,44.20000076293945,14110.2001953125,3581.8701171875,0.8539999723434448,-0.028000056743621826,0.005970792070729036,-0.0031574061607274606,0.003946442467421596
2020-11-20,44.959999084472656,14189.900390625,3557.5400390625,0.8289999961853027,-0.02499997615814209,0.005648409959412071,0.017194531864588525,-0.006792562915180156
2020-11-23,46.060001373291016,14150.9912109375,3577.590087890625,0.8569999933242798,0.02799999713897705,-0.002742033320628945,0.024466243576910074,0.005635930617216234
2020-11-24,47.86000061035156,14164.60546875,3635.409912109375,0.8820000290870667,0.025000035762786865,0.000962070968002493,0.03907944384266382,0.016161668273416252
2020-11-25,48.61000061035156,14121.7998046875,3629.64990234375,0.878000020980835,-0.0040000081062316895,-0.003022015978979331,0.015670706026647663,-0.001584418237524976
2020-11-26,,14127.470703125,,,,0.0004015705162183636,,
2020-11-27,48.18000030517578,13897.6689453125,3638.35009765625,0.8420000076293945,,-0.01626630574159804,,
2020-11-30,47.59000015258789,14061.64453125,3621.6298828125,0.843999981880188,0.001999974250793457,0.011798783420640335,-0.012245748211929919,-0.004595548640170977
2020-12-01,47.41999816894531,14094.935546875,3662.449951171875,0.9340000152587891,0.09000003337860107,0.002367505134340142,-0.0035722206996743333,0.011271187194776155
2020-12-02,48.25,14175.0,3669.010009765625,0.9480000138282776,0.013999998569488525,0.005680370290359393,0.017503202511683025,0.0017911667548251575
2020-12-03,48.709999084472656,14076.419921875,3666.719970703125,0.9200000166893005,-0.02799999713897705,-0.006954502865961221,0.00953365978181675,-0.000624157213091503
2020-12-04,49.25,14092.798828125,3699.1201171875,0.968999981880188,0.04899996519088745,0.001163570449084661,0.011086038301722834,0.008836275129611826
2020-12-07,48.790000915527344,14076.490234375,3691.9599609375,0.9279999732971191,-0.04100000858306885,-0.0011572288761727556,-0.009340082933454896,-0.0019356376714373402
2020-12-08,48.84000015258789,14143.0,3702.25,0.9129999876022339,-0.014999985694885254,0.00472488273124938,0.001024784507528853,0.002787148065356293
2020-12-09,48.86000061035156,14083.0107421875,3672.820068359375,0.9409999847412109,0.02799999713897705,-0.004241621849148003,0.00040950978094156376,-0.007949201604598555
2020-12-10,50.25,14150.0,3668.10009765625,0.9079999923706055,-0.03299999237060547,0.004756742648205581,0.028448615887940676,-0.0012851080682624305
2020-12-11,49.970001220703125,14082.5927734375,3663.4599609375,0.8930000066757202,-0.014999985694885254,-0.004763761594522964,-0.005572115010883061,-0.0012649972997506032
2020-12-14,50.290000915527344,14069.1572265625,3647.489990234375,0.8920000195503235,-0.0009999871253967285,-0.000954053496479812,0.006403836041765754,-0.004359258971957769
2020-12-15,50.7599983215332,14221.900390625,3694.6201171875,0.9229999780654907,0.030999958515167236,0.010856596568138643,0.009345742641669874,0.012921249154708825
2020-12-16,51.08000183105469,14190.0,3701.169921875,0.9200000166893005,-0.0029999613761901855,-0.0022430469732461766,0.0063042458649122946,0.0017727951669590514
2020-12-17,51.5,14070.537109375,3722.47998046875,0.9300000071525574,0.009999990463256836,-0.008418808359760388,0.008222360099642056,0.005757654753379748
2020-12-18,52.2599983215332,14083.8505859375,3709.409912109375,0.9480000138282776,0.018000006675720215,0.0009461953341944884,0.014757248961809744,-0.0035111185091528663
2020-12-21,50.90999984741211,14068.9375,3694.919921875,0.9409999847412109,-0.00700002908706665,-0.001058878454191392,-0.02583234821048286,-0.0039062790518439305
2020-12-22,50.08000183105469,14100.7314453125,3687.260009765625,0.9179999828338623,-0.023000001907348633,0.0022598682603074405,-0.016303241383718303,-0.002073092860288006
2020-12-23,51.20000076293945,14324.2001953125,3690.010009765625,0.9549999833106995,0.03700000047683716,0.015848025392632303,0.022364195106523654,0.000745811250824957
2020-12-24,51.290000915527344,14146.9013671875,3703.06005859375,0.9279999732971191,-0.027000010013580322,-0.012377572618890054,0.001757815454038747,0.0035365890047962534
2020-12-25,,14148.6435546875,,,,0.00012314975942651074,,
2020-12-28,50.86000061035156,13911.1435546875,3735.360107421875,0.9330000281333923,,-0.016786061439883815,,
2020-12-29,51.09000015258789,14126.1201171875,3727.0400390625,0.9350000023841858,0.001999974250793457,0.015453550720318843,0.004522208798194871,-0.00222738052560012
2020-12-30,51.34000015258789,14069.9091796875,3732.0400390625,0.9259999990463257,-0.009000003337860107,-0.003979219844775894,0.004893325489397915,0.0013415471654707467
2020-12-31,51.79999923706055,13832.5595703125,3756.070068359375,0.9169999957084656,-0.009000003337860107,-0.016869306428619835,0.008959857481602773,0.006438845522919845
2021-01-01,,13932.3740234375,,,,0.007215906254921967,,
2021-01-04,51.09000015258789,14022.5009765625,3700.64990234375,0.9169999957084656,,0.006468886994663414,,
2021-01-05,53.599998474121094,13931.400390625,3726.860107421875,0.9549999833106995,0.03799998760223389,-0.0064967430624370825,0.049128955060417256,0.007082595157549276
2021-01-06,54.29999923706055,13930.0,3748.139892578125,1.0420000553131104,0.08700007200241089,-0.00010052044918196223,0.01305971609826484,0.005709842747752214
2021-01-07,54.380001068115234,13951.5,3803.7900390625,1.0709999799728394,0.028999924659729004,0.0015434314429290108,0.0014733302427025752,0.014847403800101189
2021-01-08,55.9900016784668,13892.9775390625,3824.679931640625,1.1050000190734863,0.03400003910064697,-0.004194707446331991,0.029606483610305823,0.005491862685268911
2021-01-11,55.65999984741211,13861.392578125,3799.610107421875,1.1319999694824219,0.026999950408935547,-0.0022734479235062555,-0.005893942153275655,-0.006554750898592476
2021-01-12,56.58000183105469,14088.7353515625,3801.18994140625,1.1380000114440918,0.006000041961669922,0.016401149607166765,0.01652896130371362,0.0004157884466327033
2021-01-13,56.060001373291016,14031.078125,3809.840087890625,1.0880000591278076,-0.04999995231628418,-0.004092434496337227,-0.009190534481005708,0.0022756417379066196
2021-01-14,56.41999816894531,14166.0,3795.5400390625,1.128999948501587,0.0409998893737793,0.009615930707391751,0.006421633728782128,-0.0037534511943366766
2021-01-15,55.099998474121094,14063.1474609375,3768.25,1.097000002861023,-0.031999945640563965,-0.007260520899512901,-0.023395954230122085,-0.007190027975370938
2021-01-18,,13880.779296875,,,,-0.012967805718389513,,
2021-01-19,55.900001525878906,14100.7998046875,3798.909912109375,1.0920000076293945,,0.015850731656113393,,
2021-01-20,56.08000183105469,14122.0,3851.85009765625,1.090000033378601,-0.001999974250793457,0.0015034746685398392,0.0032200411495955095,0.013935625421946263
2021-01-21,56.099998474121094,14037.2001953125,3853.070068359375,1.1089999675750732,0.018999934196472168,-0.006004801351614519,0.0003565735095132361,0.0003167233075522802
2021-01-22,55.40999984741211,13960.76171875,3841.469970703125,1.090999960899353,-0.018000006675720215,-0.005445421843312093,-0.012299441095836805,-0.0030106116552376383
2021-01-25,55.880001068115234,14012.8955078125,3855.360107421875,1.0399999618530273,-0.050999999046325684,0.003734308350272997,0.008482245479108697,0.0036158389430824833
2021-01-26,55.90999984741211,14148.5,3849.6201171875,1.0399999618530273,0.0,0.009677121485127671,0.00053684285475053,-0.0014888337468982327
2021-01-27,55.810001373291016,14142.0,3750.77001953125,1.0140000581741333,-0.025999903678894043,-0.0004594126585857339,-0.001788561516616105,-0.025677883699462
2021-01-28,55.529998779296875,14195.0,3787.3798828125,1.0570000410079956,0.042999982833862305,0.003747701880921994,-0.0050170683946290096,0.009760625975629766
2021-01-29,55.880001068115234,13854.8642578125,3714.239990234375,1.093000054359436,0.03600001335144043,-0.023961658484501602,0.006302940689940195,-0.019311475173124593
2021-02-01,56.349998474121094,13828.13671875,3773.860107421875,1.0770000219345093,-0.016000032424926758,-0.0019291086917310185,0.008410833876558943,0.016051767614439383
2021-02-02,57.459999084472656,14118.5,3826.31005859375,1.1050000190734863,0.02799999713897705,0.020998004803950643,0.01969832547309358,0.013898223484416938
2021-02-03,58.459999084472656,13995.53515625,3830.169921875,1.13100004196167,0.026000022888183594,-0.008709483567659437,0.017403411345863207,0.0010087690809532646
2021-02-04,58.84000015258789,13983.9521484375,3871.739990234375,1.1390000581741333,0.008000016212463379,-0.0008276216438445338,0.006500189429803793,0.010853322230420792
2021-02-05,59.34000015258789,14010.4736328125,3886.830078125,1.1699999570846558,0.03099989891052246,0.001896565727161903,0.008497620644176918,0.003897495164625342
2021-02-08,60.560001373291016,14001.103515625,3915.590087890625,1.159999966621399,-0.009999990463256836,-0.0006687937490960083,0.020559508216481115,0.007399348360373592
2021-02-09,61.09000015258789,13990.4599609375,3911.22998046875,1.156999945640564,-0.003000020980834961,-0.0007601939858256079,0.008751630899576313,-0.0011135249921484514
2021-02-10,61.470001220703125,13989.1884765625,3909.8798828125,1.1330000162124634,-0.023999929428100586,-9.088224251030397e-05,0.0062203481284348605,-0.00034518493235935477
2021-02-11,61.13999938964844,14027.0,3916.3798828125,1.1579999923706055,0.02499997615814209,0.0027029104297828788,-0.005368502106740558,0.0016624551635393559
2021-02-12,62.43000030517578,13976.240234375,3934.830078125,1.2000000476837158,0.04200005531311035,-0.0036187185873671757,0.021099131966065388,0.0047110331133788375
2021-02-15,,13966.0,,,,-0.0007326887777596713,,
2021-02-16,63.349998474121094,13907.0,3932.590087890625,1.2990000247955322,,-0.004224545324359119,,
2021-02-17,64.33999633789062,14039.2001953125,3931.330078125,1.3009999990463257,0.001999974250793457,0.009506018214747947,0.015627433111524924,-0.0003204020092266724
2021-02-18,63.93000030517578,14007.474609375,3913.969970703125,1.2869999408721924,-0.0140000581741333,-0.00225978584934583,-0.006372335344280944,-0.004415835627354592
2021-02-19,62.90999984741211,13998.1982421875,3906.7099609375,1.3450000286102295,0.05800008773803711,-0.0006622440836901999,-0.015954957811584625,-0.0018548966445751658
2021-02-22,65.23999786376953,13898.4169921875,3876.5,1.3700000047683716,0.02499997615814209,-0.007128149514219695,0.03703700559543499,-0.0077328394581538396
2021-02-23,65.37000274658203,14107.6962890625,3881.3701171875,1.3619999885559082,-0.008000016212463379,0.015057779385424963,0.001992717459678106,0.0012563181187927874
2021-02-24,67.04000091552734,14081.6171875,3925.429931640625,1.3890000581741333,0.027000069618225098,-0.0018485726534046565,0.02554685786719868,0.01135161376597904
2021-02-25,66.87999725341797,14097.7998046875,3829.340087890625,1.5180000066757202,0.12899994850158691,0.0011492016131402494,-0.002386689438011569,-0.02447880752512621
2021-02-26,66.12999725341797,13968.185546875,3811.14990234375,1.4600000381469727,-0.05799996852874756,-0.009193935196143421,-0.011214115293069482,-0.004750214169902844
2021-03-01,63.689998626708984,14110.5849609375,3901.820068359375,1.4459999799728394,-0.0140000581741333,0.010194553443225063,-0.03689700178511457,0.023790763506800205
2021-03-02,62.70000076293945,14245.6201171875,3870.2900390625,1.4149999618530273,-0.03100001811981201,0.009569777342599117,-0.01554400824487323,-0.008080851690870694
2021-03-03,64.06999969482422,14239.181640625,3819.719970703125,1.4700000286102295,0.05500006675720215,-0.0004519618317444518,0.021850062443612206,-0.01306622187199813
2021-03-04,66.73999786376953,14349.0,3768.469970703125,1.5499999523162842,0.07999992370605469,0.00771240666399553,0.04167314158986968,-0.013417213930100202
2021-03-05,69.36000061035156,14268.8798828125,3841.93994140625,1.5540000200271606,0.004000067710876465,-0.00558367253380021,0.039256859910754116,0.01949596819778221
2021-03-08,68.23999786376953,14287.392578125,3821.35009765625,1.5959999561309814,0.0419999361038208,0.0012974175593698511,-0.01614767498163594,-0.005359231030161227
2021-03-09,67.5199966430664,14344.4755859375,3875.43994140625,1.5460000038146973,-0.04999995231628418,0.003995341172321254,-0.010551014701678296,0.01415464230382213
2021-03-10,67.9000015258789,14393.0,3898.81005859375,1.5199999809265137,-0.026000022888183594,0.003382794565879532,0.005628034681656402,0.006030313342701321
2021-03-11,69.62999725341797,14398.0,3939.340087890625,1.5269999504089355,0.006999969482421875,0.0003473910928923907,0.025478581570866465,0.010395487004435822
2021-03-12,69.22000122070312,14283.900390625,3943.340087890625,1.6349999904632568,0.10800004005432129,-0.00792468463501872,-0.005888209807371703,0.0010153984958789497
2021-03-15,68.87999725341797,14385.208984375,3968.93994140625,1.6069999933242798,-0.02799999713897705,0.007092502116333277,-0.004911932408106723,0.006491921301497117
2021-03-16,68.38999938964844,14464.0,3962.7099609375,1.621000051498413,0.0140000581741333,0.005477224259347269,-0.007113790408074028,-0.0015696837343783798
2021-03-17,68.0,14427.5,3974.1201171875,1.6410000324249268,0.019999980926513672,-0.0025235066371681603,-0.005702579223994975,0.00287938213053085
2021-03-18,63.279998779296875,14403.0,3915.4599609375,1.7300000190734863,0.08899998664855957,-0.001698145901923409,-0.06941178265739889,-0.014760539319459198
2021-03-19,64.52999877929688,14431.0,3913.10009765625,1.7319999933242798,0.001999974250793457,0.0019440394362286728,0.019753476992938168,-0.0006027039747036333
2021-03-22,64.62000274658203,14372.2001953125,3940.590087890625,1.684000015258789,-0.04799997806549072,-0.004074548173203518,0.0013947616455562972,0.007025118077311765
2021-03-23,60.790000915527344,14375.7998046875,3910.52001953125,1.6380000114440918,-0.046000003814697266,0.00025045638984178,-0.059269601799224136,-0.007630854183940605
2021-03-24,64.41000366210938,14505.5,3889.139892578125,1.6139999628067017,-0.024000048637390137,0.009022120304583492,0.059549312256341524,-0.00546733601831495
2021-03-25,61.95000076293945,14460.0,3909.52001953125,1.6139999628067017,0.0,-0.003136741236082874,-0.038192870040420046,0.005240265846959469
2021-03-26,64.56999969482422,14456.400390625,3974.5400390625,1.659999966621399,0.046000003814697266,-0.0002489356414245858,0.04229215334331582,0.016631202604519668
2021-03-29,64.9800033569336,14411.0,3971.090087890625,1.7209999561309814,0.06099998950958252,-0.003140504509991482,0.006349754747516867,-0.0008680126852336212
2021-03-30,64.13999938964844,14511.7001953125,3958.550048828125,1.7259999513626099,0.004999995231628418,0.0069877312686490445,-0.012927114864415001,-0.0031578329337678124
2021-03-31,63.540000915527344,14605.0,3972.889892578125,1.746000051498413,0.020000100135803223,0.006429281437170031,-0.009354513249620111,0.0036224990395776757
2021-04-01,64.86000061035156,14606.0,4019.8701171875,1.6790000200271606,-0.06700003147125244,6.846970215690362e-05,0.020774310289656484,0.011825201774944727
2021-04-02,,14553.0,,,,-0.003628645762015603,,
2021-04-05,62.150001525878906,14518.0,4077.909912109375,1.7200000286102295,,-0.00240500240500241,,
2021-04-06,62.7400016784668,14529.2001953125,4073.93994140625,1.656000018119812,-0.06400001049041748,0.0007714695765601576,0.00949316392763433,-0.0009735307519511682
2021-04-07,63.15999984741211,14460.2998046875,4079.949951171875,1.652999997138977,-0.003000020980834961,-0.004742201201634599,0.006694264547485007,0.001475232784985625
2021-04-08,63.20000076293945,14641.0,4097.169921875,1.6319999694824219,-0.021000027656555176,0.012496296601950396,0.0006333267198224135,0.0042206328286402695
2021-04-09,62.95000076293945,14660.7001953125,4128.7998046875,1.6660000085830688,0.03400003910064697,0.00134554984717572,-0.003955696154779198,0.007719934348738189
2021-04-12,63.279998779296875,14558.0,4127.990234375,1.6749999523162842,0.008999943733215332,-0.007005135767344628,0.00524222418360476,-0.00019607884876882142
2021-04-13,63.66999816894531,14611.900390625,4141.58984375,1.6230000257492065,-0.05199992656707764,0.0037024584850253728,0.0061630751765442415,0.0032944868090414303
2021-04-14,66.58000183105469,14621.099609375,4124.66015625,1.6380000114440918,0.014999985694885254,0.0006295703162542132,0.04570447221292229,-0.004087726727828533
2021-04-15,66.94000244140625,14673.7998046875,4170.419921875,1.5299999713897705,-0.10800004005432129,0.0036043934259710753,0.005407038156368005,0.01109419052516647
2021-04-16,66.7699966430664,14616.0,4185.47021484375,1.5729999542236328,0.042999982833862305,-0.003938980049941532,-0.002539674217798993,0.0036088195555097347
2021-04-19,67.05000305175781,14558.0,4163.259765625,1.6009999513626099,0.02799999713897705,-0.003968253968253954,0.004193596267321187,-0.005306560094486046
2021-04-20,66.56999969482422,14570.0,4134.93994140625,1.562000036239624,-0.03899991512298584,0.0008242890506937606,-0.007158886429327493,-0.006802319771775922
2021-04-21,65.31999969482422,14543.2001953125,4173.419921875,1.5640000104904175,0.001999974250793457,-0.0018393826141043235,-0.01877722706519991,0.009306055472153574
2021-04-22,65.4000015258789,14564.2001953125,4134.97998046875,1.5540000200271606,-0.009999990463256836,0.0014439737965492583,0.001224767780594771,-0.009210657476561801
2021-04-23,66.11000061035156,14606.599609375,4180.169921875,1.5670000314712524,0.013000011444091797,0.0029112078585782353,0.010856254860968306,0.010928696540176919
2021-04-26,65.6500015258789,14518.0,4187.6201171875,1.5700000524520874,0.003000020980834961,-0.006065724517986593,-0.0069580862233517005,0.001782270924804541
2021-04-27,66.41999816894531,14459.599609375,4186.72021484375,1.621999979019165,0.05199992656707764,-0.004022619549869155,0.011728813787808878,-0.00021489588801437698
2021-04-28,67.2699966430664,14516.400390625,4183.18017578125,1.6200000047683716,-0.001999974250793457,0.003928240254534643,0.012797327575334139,-0.0008455399168898481
2021-04-29,68.55999755859375,14519.0,4211.47021484375,1.6399999856948853,0.019999980926513672,0.00017908085372719817,0.01917646766614345,0.006762806734045723
2021-04-30,67.25,14439.7001953125,4181.169921875,1.63100004196167,-0.008999943733215332,-0.0054617952123080515,-0.019107316295835397,-0.007194706699326425
2021-05-03,67.55999755859375,14438.0,4192.66015625,1.6069999933242798,-0.024000048637390137,-0.00011774450227519662,0.004609629124070702,0.002748090747253684
2021-05-04,68.87999725341797,14399.099609375,4164.66015625,1.5920000076293945,-0.014999985694885254,-0.002694306041349237,0.019538184466028286,-0.006678337608227225
2021-05-05,68.95999908447266,14482.5,4167.58984375,1.5839999914169312,-0.008000016212463379,0.005792055954019437,0.0011614668154000807,0.0007034637617677753
2021-05-06,68.08999633789062,14399.5,4201.6201171875,1.5609999895095825,-0.023000001907348633,-0.005731054721215267,-0.012616049276861552,0.008165456466051824
2021-05-07,68.27999877929688,14283.7998046875,4232.60009765625,1.5770000219345093,0.016000032424926758,-0.008035014779159022,0.002790460443901077,0.007373341616968343
2021-05-10,68.31999969482422,14278.0,4188.43017578125,1.6019999980926514,0.02499997615814209,-0.00040604074313588256,0.0005858365003292842,-0.010435647322188157
2021-05-11,68.55000305175781,14189.599609375,4152.10009765625,1.6239999532699585,0.02199995517730713,-0.006191370683919284,0.003366559689124582,-0.00867391280271812
2021-05-12,69.31999969482422,14220.0,4063.0400390625,1.6950000524520874,0.0710000991821289,0.0021424417504292137,0.011232627407544049,-0.021449400664502738
2021-05-13,67.05000305175781,14347.0,4112.5,1.6679999828338623,-0.027000069618225098,0.008931082981715965,-0.03274663377178144,0.012173141406923493
2021-05-14,68.70999908447266,14300.2998046875,4173.85009765625,1.6349999904632568,-0.03299999237060547,-0.003255049509479302,0.024757583253701698,0.014917956876899785
2021-05-17,69.45999908447266,14191.0,4163.2900390625,1.6399999856948853,0.004999995231628418,-0.007643182743040988,0.01091544185698412,-0.0025300521932207776
2021-05-18,68.70999908447266,14344.5,4127.830078125,1.6419999599456787,0.001999974250793457,0.010816714819251727,-0.010797581484098484,-0.008517292959364653
2021-05-19,66.66000366210938,14362.2998046875,4115.68017578125,1.6829999685287476,0.04100000858306885,0.001240880106486708,-0.029835474453186905,-0.002943411456817757
2021-05-20,65.11000061035156,14389.7001953125,4159.1201171875,1.6339999437332153,-0.04900002479553223,0.0019077996558780619,-0.023252369736049938,0.010554741756143349
2021-05-21,66.44000244140625,14397.2998046875,4155.85986328125,1.6319999694824219,-0.001999974250793457,0.0005281284023885835,0.020426997674505287,-0.0007838806801412357
2021-05-24,68.45999908447266,14348.0,4197.0498046875,1.6080000400543213,-0.023999929428100586,-0.0034242396391196417,0.030403319819981123,0.009911292190138532
2021-05-25,68.6500015258789,14365.0,4188.1298828125,1.5640000104904175,-0.04400002956390381,0.0011848341232227888,0.002775378965047981,-0.0021252837802967495
2021-05-26,68.87000274658203,14371.400390625,4195.990234375,1.5740000009536743,0.009999990463256836,0.00044555451618522035,0.0032046790358801758,0.0018768165702687245
2021-05-27,69.45999908447266,14310.0,4200.8798828125,1.6100000143051147,0.03600001335144043,-0.004272401363548006,0.008566811592292334,0.0011653145418315525
2021-05-28,69.62999725341797,14318.0,4204.10986328125,1.5809999704360962,-0.029000043869018555,0.0005590496156533398,0.0024474254417794494,0.0007688818911402162
2021-05-31,,14278.0,,,,-0.002793686269031981,,
2021-06-01,70.25,14247.5,4202.0400390625,1.6150000095367432,,-0.0021361535229024176,,
2021-06-02,71.3499984741211,14251.5,4208.1201171875,1.590999960899353,-0.024000048637390137,0.0002807510089488652,0.01565834126862775,0.0014469348384307246
2021-06-03,71.30999755859375,14290.7001953125,4192.85009765625,1.625,0.03400003910064697,0.0027506013621372283,-0.0005606295218332225,-0.0036287033416374515
2021-06-04,71.88999938964844,14360.0,4229.89013671875,1.559999942779541,-0.06500005722045898,0.004849293858269599,0.008133527568530807,0.008834095710505974
2021-06-07,71.48999786376953,14288.0,4226.52001953125,1.569000005722046,0.009000062942504883,-0.005013927576601684,-0.005564077469397022,-0.0007967387044511831
2021-06-08,72.22000122070312,14246.5,4227.259765625,1.527999997138977,-0.04100000858306885,-0.0029045352743560793,0.01021126561403296,0.00017502486450582388
2021-06-09,72.22000122070312,14281.0,4219.5498046875,1.4889999628067017,-0.03900003433227539,0.002421647422173878,0.0,-0.0018238673194856947
2021-06-10,72.5199966430664,14300.0,4239.18017578125,1.4589999914169312,-0.029999971389770508,0.0013304390448847236,0.004153910513605474,0.004652243012262192
2021-06-11,72.69000244140625,14248.5,4247.43994140625,1.4620000123977661,0.003000020980834961,-0.003601398601398631,0.00234426097916951,0.0019484346695590737
2021-06-14,72.86000061035156,14182.0,4255.14990234375,1.5010000467300415,0.03900003433227539,-0.004667157946450451,0.002338673314564055,0.0018152018730952513
2021-06-15,73.98999786376953,14267.5,4246.58984375,1.4989999532699585,-0.002000093460083008,0.0060287688619375945,0.015509157891187675,-0.0020116937805257917
2021-06-16,74.38999938964844,14280.2998046875,4223.7001953125,1.569000005722046,0.0700000524520874,0.0008971301690905431,0.00540615674317757,-0.005390124612855707
2021-06-17,73.08000183105469,14466.5,4221.85986328125,1.5110000371932983,-0.05799996852874756,0.01303895561431978,-0.017609861128403792,-0.00043571559205179966
2021-06-18,73.51000213623047,14554.7001953125,4166.4501953125,1.4500000476837158,-0.06099998950958252,0.006096857934711153,0.005883966809002716,-0.013124468779900589
2021-06-21,74.9000015258789,14368.0,4224.7900390625,1.4839999675750732,0.03399991989135742,-0.012827484785473575,0.0189089831214051,0.014002289962720793
2021-06-22,74.80999755859375,14388.7998046875,4246.43994140625,1.472000002861023,-0.011999964714050293,0.0014476478763572054,-0.0012016550794602399,0.005124491902218642
2021-06-23,75.19000244140625,14495.0,4241.83984375,1.4869999885559082,0.014999985694885254,0.007380754250114974,0.005079600256835626,-0.0010832833431588806
2021-06-24,75.55999755859375,14413.2998046875,4266.490234375,1.4869999885559082,0.0,-0.005636439828389128,0.004920802037156946,0.005811249724885448
2021-06-25,76.18000030517578,14511.2001953125,4280.7001953125,1.5360000133514404,0.04900002479553223,0.00679236482635015,0.008205436297178847,0.0033305973193167304
2021-06-28,74.68000030517578,14418.0,4290.60986328125,1.4780000448226929,-0.05799996852874756,-0.0064226386555266135,-0.01969020732463933,0.0023149642620619026
2021-06-29,74.76000213623047,14525.0,4291.7998046875,1.4800000190734863,0.001999974250793457,0.007421278956859512,0.0010712617933552604,0.00027733619326086867
2021-06-30,75.12999725341797,14629.099609375,4297.5,1.4429999589920044,-0.037000060081481934,0.007166926635111981,0.004949105224920647,0.0013281596467464851
2021-07-01,75.83999633789062,14601.599609375,4319.93994140625,1.4800000190734863,0.037000060081481934,-0.0018798149396956898,0.009450274330209174,0.0052216268542757405
2021-07-02,76.16999816894531,14581.400390625,4352.33984375,1.430999994277954,-0.04900002479553223,-0.0013833565698535555,0.00435129017655056,0.007500081663913916
2021-07-05,,14526.0,,,,-0.003799387517032904,,
2021-07-06,74.52999877929688,14495.0,4343.5400390625,1.3700000047683716,,-0.002134104364587608,,
2021-07-07,73.43000030517578,14568.7001953125,4358.1298828125,1.3209999799728394,-0.04900002479553223,0.005084525375129267,-0.01475913715467081,0.003358975310182588
2021-07-08,74.12000274658203,14569.2001953125,4320.81982421875,1.2879999876022339,-0.03299999237060547,3.4320151646838326e-05,0.009396737553296841,-0.008561024934316985
2021-07-09,75.55000305175781,14618.7001953125,4369.5498046875,1.3559999465942383,0.0679999589920044,0.003397578407627666,0.019293041718643655,0.011277947808795874
2021-07-12,75.16000366210938,14521.0,4384.6298828125,1.3630000352859497,0.007000088691711426,-0.006683234077392686,-0.005162135988019179,0.0034511743312370946
2021-07-13,76.48999786376953,14558.5,4369.2099609375,1.4149999618530273,0.05199992656707764,0.0025824667722609274,0.017695504747968105,-0.0035168126585656267
2021-07-14,74.76000213623047,14542.099609375,4374.2998046875,1.3559999465942383,-0.05900001525878906,-0.0011265165109729525,-0.022617280374621296,0.0011649345752446916
2021-07-15,73.47000122070312,14473.0,4360.02978515625,1.2970000505447388,-0.05899989604949951,-0.004751694131599371,-0.01725522844657834,-0.0032622408541723713
2021-07-16,73.58999633789062,14563.0,4327.16015625,1.2999999523162842,0.00299990177154541,0.006218475782491462,0.0016332532352494322,-0.007538854211077806
2021-07-19,68.62000274658203,14491.0,4258.490234375,1.180999994277954,-0.11899995803833008,-0.004944036256265827,-0.06753626632197018,-0.015869512427409305
2021-07-20,69.3499984741211,14664.5,4323.06005859375,1.2089999914169312,0.02799999713897705,0.011972948726795885,0.010638235183915379,0.015162609437855634
2021-07-21,72.2300033569336,14620.0,4358.68994140625,1.2799999713897705,0.07099997997283936,-0.003034539193289887,0.04152855005306466,0.008241819990835397
2021-07-22,73.79000091552734,14536.0,4367.47998046875,1.2649999856948853,-0.014999985694885254,-0.005745554035567757,0.021597639292425752,0.0020166699583279435
2021-07-23,74.0999984741211,14548.7001953125,4411.7900390625,1.2860000133514404,0.021000027656555176,0.0008737063368533526,0.0042010781236963,0.010145452020822843
2021-07-26,74.5,14486.0,4422.2998046875,1.2760000228881836,-0.009999990463256836,-0.004309676773235127,0.005398131364585668,0.0023821998626283314
2021-07-27,74.4800033569336,14523.5,4401.4599609375,1.2339999675750732,-0.04200005531311035,0.002588706337153024,-0.0002684113163275992,-0.0047124448070912095
2021-07-28,74.73999786376953,14554.0,4400.64013671875,1.2610000371932983,0.027000069618225098,0.0021000447550520995,0.0034907961213421768,-0.0001862618826539153
2021-07-29,76.05000305175781,14462.599609375,4419.14990234375,1.2690000534057617,0.008000016212463379,-0.006280087304177506,0.017527498333302916,0.004206152980007483
2021-07-30,76.33000183105469,14450.0,4395.259765625,1.2389999628067017,-0.03000009059906006,-0.0008711856592388267,0.003681772098106384,-0.0054060480514769305
2021-08-02,72.88999938964844,14456.0,4387.16015625,1.1740000247955322,-0.06499993801116943,0.00041522491349477164,-0.04506750109898061,-0.001842805614891363
2021-08-03,72.41000366210938,14397.400390625,4423.14990234375,1.1759999990463257,0.001999974250793457,-0.004053653111164901,-0.006585206908469643,0.0082034265474622
2021-08-04,70.37999725341797,14349.5,4402.66015625,1.184000015258789,0.008000016212463379,-0.0033270166367110887,-0.02803488891071093,-0.004632387901412294
2021-08-05,71.29000091552734,14338.599609375,4429.10009765625,1.2170000076293945,0.03299999237060547,-0.0007596355709258429,0.012929862142970983,0.006005446813494242
2021-08-06,70.69999694824219,14385.5,4436.52001953125,1.2899999618530273,0.07299995422363281,0.0032709184929282653,-0.008276111091431448,0.001675266241764728
2021-08-09,69.04000091552734,14346.0,4432.35009765625,1.3170000314712524,0.027000069618225098,-0.0027458204441972445,-0.02347943570535216,-0.0009399082741974318
2021-08-10,70.62999725341797,14402.099609375,4436.75,1.3420000076293945,0.02499997615814209,0.0039104704708630145,0.023030074113643773,0.0009926793341701323
2021-08-11,71.44000244140625,14393.099609375,4442.41015625,1.3289999961853027,-0.013000011444091797,-0.000624908884406139,0.011468288538678761,0.0012757437876824707
2021-08-12,71.30999755859375,14395.0,4460.830078125,1.3669999837875366,0.03799998760223389,0.00013203484145707378,-0.0018197771328343215,0.004146380281677686
2021-08-13,70.58999633789062,14341.0,4468.0,1.2970000505447388,-0.06999993324279785,-0.0037513025356026297,-0.010096778086572167,0.001607306655808216
2021-08-16,69.51000213623047,14381.0,4479.7099609375,1.2569999694824219,-0.040000081062316895,0.002789205773656045,-0.015299536162186267,0.002620850702215849
2021-08-17,69.02999877929688,14363.0,4448.080078125,1.2580000162124634,0.001000046730041504,-0.0012516514845977156,-0.006905529307751235,-0.00706069881494753
2021-08-18,68.2300033569336,14425.099609375,4400.27001953125,1.2730000019073486,0.014999985694885254,0.004323582077212285,-0.011589098022745659,-0.010748470745585936
2021-08-19,66.44999694824219,14454.2001953125,4405.7998046875,1.2419999837875366,-0.03100001811981201,0.002017357711595169,-0.026088323627651122,0.0012566922329095842
2021-08-20,65.18000030517578,14493.400390625,4441.669921875,1.2599999904632568,0.018000006675720215,0.002712027976837561,-0.019112064731253597,0.008141567655737925
2021-08-23,68.75,14446.0,4479.52978515625,1.2549999952316284,-0.004999995231628418,-0.003270481001522607,0.05477139733214664,0.00852379036424833
2021-08-24,71.05000305175781,14430.0,4486.22998046875,1.2899999618530273,0.034999966621398926,-0.0011075730305967202,0.03345458984374994,0.0014957363013194946
2021-08-25,72.25,14448.7001953125,4496.18994140625,1.3420000076293945,0.05200004577636719,0.0012959248310810967,0.016889470748763014,0.002220118224179668
2021-08-26,71.06999969482422,14465.7001953125,4470.0,1.3420000076293945,0.0,0.0011765764234983322,-0.016332184154682072,-0.005824918819612557
2021-08-27,72.69999694824219,14449.2998046875,4509.3701171875,1.312000036239624,-0.029999971389770508,-0.0011337432964575456,0.022935095826891905,0.008807632480425154
2021-08-30,73.41000366210938,14411.0,4528.7900390625,1.284999966621399,-0.027000069618225098,-0.0026506339549460245,0.009766255071133934,0.004306570844779589
2021-08-31,72.98999786376953,14362.0,4522.68017578125,1.3040000200271606,0.01900005340576172,-0.003400180417736487,-0.00572137007747664,-0.0013491160395050494
2021-09-01,71.58999633789062,14246.5,4524.08984375,1.3020000457763672,-0.001999974250793457,-0.008042055424035688,-0.01918073115294383,0.0003116886257619189
2021-09-02,73.02999877929688,14269.2001953125,4536.9501953125,1.2940000295639038,-0.008000016212463379,0.001593387520619105,0.020114576268585482,0.002842638410522902
2021-09-03,72.61000061035156,14245.5,4535.43017578125,1.3220000267028809,0.02799999713897705,-0.001660933688510835,-0.005751036231214868,-0.0003350311257153127
2021-09-06,,14256.0,,,,0.0007370748657471449,,
2021-09-07,71.69000244140625,14231.400390625,4520.02978515625,1.3700000047683716,,-0.0017255618248457338,,
2021-09-08,72.5999984741211,14279.2001953125,4514.06982421875,1.3339999914169312,-0.03600001335144043,0.0033587562274608462,0.012693485865879373,-0.001318566739775151
2021-09-09,71.44999694824219,14326.400390625,4493.27978515625,1.2990000247955322,-0.034999966621398926,0.003305520944232976,-0.01584024173621479,-0.004605608657393345
2021-09-10,72.91999816894531,14258.7998046875,4458.580078125,1.340999960899353,0.0419999361038208,-0.004718602307229758,0.020573845815108793,-0.007722578759925436
2021-09-13,73.51000213623047,14196.0,4468.72998046875,1.3240000009536743,-0.01699995994567871,-0.004404284059507879,0.00809111330362633,0.0022764876184568905
2021-09-14,73.5999984741211,14291.599609375,4443.0498046875,1.2769999504089355,-0.04700005054473877,0.006734263833122034,0.0012242733679130868,-0.00574663850657553
2021-09-15,75.45999908447266,14249.7001953125,4480.7001953125,1.3040000200271606,0.027000069618225098,-0.0029317511830526666,0.025271747947190004,0.008473996979569742
2021-09-16,75.66999816894531,14264.5,4473.75,1.3309999704360962,0.026999950408935547,0.0010386046362131918,0.002782919255506222,-0.0015511404489350067
2021-09-17,75.33999633789062,14283.900390625,4432.990234375,1.3700000047683716,0.03900003433227539,0.0013600470135650689,-0.004361065667239816,-0.009110872450405094
2021-09-20,73.91999816894531,14221.0,4357.72998046875,1.309000015258789,-0.06099998950958252,-0.004403586478822219,-0.0188478661795628,-0.01697731100841482
2021-09-21,74.36000061035156,14320.5,4354.18994140625,1.3240000009536743,0.014999985694885254,0.006996695028478994,0.005952414127508687,-0.0008123585165593639
2021-09-22,76.19000244140625,14237.5,4395.64013671875,1.3359999656677246,0.011999964714050293,-0.0057958870151182396,0.02461002980142446,0.009519611195260236
2021-09-23,77.25,14279.2001953125,4448.97998046875,1.409999966621399,0.07400000095367432,0.002928898705004457,0.013912554464202032,0.012134715784494876
2021-09-24,78.08999633789062,14286.5,4455.47998046875,1.4600000381469727,0.05000007152557373,0.0005112194371990064,0.010873739001820315,0.001461009046688222
2021-09-27,79.52999877929688,14251.0,4443.10986328125,1.4839999675750732,0.023999929428100586,-0.00248486333251674,0.01844029336581654,-0.0027763826213396126
2021-09-28,79.08999633789062,14242.5,4352.6298828125,1.534000039100647,0.05000007152557373,-0.000596449371973895,-0.005532534240661802,-0.020364110556098214
2021-09-29,78.63999938964844,14318.599609375,4359.4599609375,1.5410000085830688,0.006999969482421875,0.005343135641565633,-0.00568968224906341,0.0015691842194003325
2021-09-30,78.5199966430664,14385.0,4307.5400390625,1.5290000438690186,-0.011999964714050293,0.004637352285591145,-0.0015259759348094093,-0.011909714125195148
2021-10-01,79.27999877929688,14328.599609375,4357.0400390625,1.4789999723434448,-0.05000007152557373,-0.0039207779370872275,0.009679090279196778,0.01149147763018199
2021-10-04,81.26000213623047,14301.0,4300.4599609375,1.4809999465942383,0.001999974250793457,-0.0019261902856816393,0.024974815683910467,-0.012985898136748442
2021-10-05,82.55999755859375,14300.5,4345.72021484375,1.5290000438690186,0.04800009727478027,-3.496259002866431e-05,0.015997974257788927,0.010524514660609219
2021-10-06,81.08000183105469,14246.0,4363.5498046875,1.5240000486373901,-0.004999995231628418,-0.0038110555574979443,-0.017926305369482254,0.004102792854185466
2021-10-07,81.94999694824219,14232.400390625,4399.759765625,1.5709999799728394,0.04699993133544922,-0.0009546265179699587,0.010730082604096358,0.008298280656405366
2021-10-08,82.38999938964844,14170.7998046875,4391.33984375,1.6050000190734863,0.03400003910064697,-0.004328193716224948,0.005369157508134492,-0.0019137230947889883
2021-10-11,83.6500015258789,14216.0,4361.18994140625,1.6139999628067017,0.008999943733215332,0.003189671432486607,0.015293144138422976,-0.006865763848056816
2021-10-12,83.41999816894531,14194.0,4350.64990234375,1.5800000429153442,-0.03399991989135742,-0.001547552054023682,-0.0027495917840770767,-0.0024167805585421087
2021-10-13,83.18000030517578,14221.2001953125,4363.7998046875,1.5490000247955322,-0.03100001811981201,0.0019163164233126917,-0.0028769823667879058,0.00302251448379387
2021-10-14,84.0,14219.7001953125,4438.259765625,1.5190000534057617,-0.029999971389770508,-0.00010547632966273479,0.009858135270687018,0.01706310194558336
2021-10-15,84.86000061035156,14078.5,4471.3701171875,1.5759999752044678,0.056999921798706055,-0.009929899602176273,0.010238102504185331,0.007460210377712606
2021-10-18,84.33000183105469,14067.0,4486.4599609375,1.5839999914169312,0.008000016212463379,-0.0008168483858365105,-0.006245566527043223,0.00337476955709759
2021-10-19,85.08000183105469,14157.2001953125,4519.6298828125,1.6349999904632568,0.050999999046325684,0.006412184212163163,0.00889363196626669,0.007393339551406308
2021-10-20,85.81999969482422,14116.7998046875,4536.18994140625,1.6360000371932983,0.001000046730041504,-0.0028536991825810487,0.008697670990169382,0.0036640298040166996
2021-10-21,84.61000061035156,14119.7998046875,4549.77978515625,1.6759999990463257,0.039999961853027344,0.00021251275370515188,-0.014099266939820665,0.002995871849622578
2021-10-22,85.52999877929688,14175.0,4544.89990234375,1.6549999713897705,-0.021000027656555176,0.0039094177025211785,0.01087339749803462,-0.0010725536274130976
2021-10-25,85.98999786376953,14116.0,4566.47998046875,1.6349999904632568,-0.019999980926513672,-0.004162257495590849,0.0053782192334603796,0.004748196569493546
2021-10-26,86.4000015258789,14193.5,4574.7900390625,1.61899995803833,-0.016000032424926758,0.005490223859450305,0.004768038984707568,0.0018197952535197182
2021-10-27,84.58000183105469,14175.7001953125,4551.68017578125,1.5290000438690186,-0.08999991416931152,-0.001254081423715081,-0.021064810910669807,-0.005051568068462853
2021-10-28,84.31999969482422,14217.099609375,4596.419921875,1.5679999589920044,0.03899991512298584,0.0029204493246963725,-0.0030740379593490186,0.009829281576461124
2021-10-29,84.37999725341797,14229.0,4605.3798828125,1.5570000410079956,-0.010999917984008789,0.0008370477067736193,0.0007115460010780339,0.001949334719149265
2021-11-01,84.70999908447266,14228.5,4613.669921875,1.5750000476837158,0.018000006675720215,-3.513950383016162e-05,0.003910901182700766,0.0018000771431341267
2021-11-02,84.72000122070312,14276.599609375,4630.64990234375,1.5490000247955322,-0.026000022888183594,0.0033805116052290085,0.00011807503646044104,0.0036803630854131963
2021-11-03,81.98999786376953,14289.900390625,4660.56982421875,1.5789999961853027,0.029999971389770508,0.0009316491051039044,-0.03222383519355354,0.006461279195357994
2021-11-04,80.54000091552734,14366.0,4680.06005859375,1.5240000486373901,-0.0549999475479126,0.005325412164868926,-0.017685046786455993,0.004181942361150437
2021-11-05,82.73999786376953,14414.0,4697.52978515625,1.4529999494552612,-0.0710000991821289,0.0033412223305024913,0.02731558136620338,0.003732799652949259
2021-11-08,83.43000030517578,14319.7998046875,4701.7001953125,1.496999979019165,0.04400002956390381,-0.006535326440439859,0.008339406081957268,0.0008877879113036169
2021-11-09,84.77999877929688,14252.0,4685.25,1.4320000410079956,-0.06499993801116943,-0.004734689423891658,0.016181211424942887,-0.003498775895770745
2021-11-10,82.63999938964844,14290.0,4646.7099609375,1.559999942779541,0.1279999017715454,0.0026662924501823504,-0.02524179547606953,-0.008225823395229703
2021-11-11,82.87000274658203,14302.400390625,4649.27001953125,1.559999942779541,0.0,0.0008677670136458815,0.002783196498455043,0.0005509400447352153
2021-11-12,82.16999816894531,14261.7001953125,4682.85009765625,1.5820000171661377,0.02200007438659668,-0.002845689828343656,-0.008447020084907497,0.007222656026415475
2021-11-15,82.05000305175781,14186.7001953125,4682.7998046875,1.6230000257492065,0.04100000858306885,-0.005258840038205981,-0.0014603276117979291,-1.0739820344718431e-05
2021-11-16,82.43000030517578,14185.400390625,4700.89990234375,1.6339999437332153,0.010999917984008789,-9.162135448026465e-05,0.004631288717664717,0.003865229864862485
2021-11-17,80.27999877929688,14274.2001953125,4688.669921875,1.6039999723434448,-0.029999971389770508,0.006259943480071639,-0.026082755282288983,-0.002601625374463401
2021-11-18,81.23999786376953,14223.7998046875,4704.5400390625,1.5889999866485596,-0.014999985694885254,-0.00353087317925882,0.0119581352649476,0.0033847802152713324
2021-11-19,78.88999938964844,14204.7001953125,4697.9599609375,1.5360000133514404,-0.05299997329711914,-0.0013427923365952887,-0.028926619102843665,-0.001398665559303236
2021-11-22,79.69999694824219,14265.099609375,4682.93994140625,1.625,0.08899998664855957,0.0042520724289860645,0.010267430154144996,-0.0031971365563219223
2021-11-23,82.30999755859375,14259.599609375,4690.7001953125,1.6670000553131104,0.04200005531311035,-0.0003855563683821117,0.032747813178042096,0.001657132912945114
2021-11-24,82.25,14272.5,4701.4599609375,1.6449999809265137,-0.02200007438659668,0.0009046811255848386,-0.0007289218852307711,0.0022938506357221833
2021-11-25,,14303.400390625,,,,0.0021650299964968145,,
2021-11-26,72.72000122070312,14320.0,4594.6201171875,1.4819999933242798,,0.00116053588109577,,
2021-11-29,73.44000244140625,14408.2001953125,4655.27001953125,1.5299999713897705,0.04799997806549072,0.006159231516235986,0.009901006719154726,0.013200199537034996
2021-11-30,70.56999969482422,14377.0,4567.0,1.4429999589920044,-0.08700001239776611,-0.002165447098843809,-0.039079556797017356,-0.01896131033450521
2021-12-01,68.87000274658203,14333.0,4513.0400390625,1.434000015258789,-0.008999943733215332,-0.003060443764345777,-0.02408951332852094,-0.011815187417889228
2021-12-02,69.66999816894531,14376.0,4577.10009765625,1.4479999542236328,0.01399993896484375,0.0030000697690644174,0.011616021351225969,0.01419443613158311
2021-12-03,69.87999725341797,14443.7998046875,4538.43017578125,1.343000054359436,-0.10499989986419678,0.004716180070082121,0.0030141967847252538,-0.008448563730297565
2021-12-06,73.08000183105469,14514.0,4591.669921875,1.434000015258789,0.09099996089935303,0.004860230428402668,0.04579285494291008,0.011730872577451423
2021-12-07,75.44000244140625,14490.0,4686.75,1.4800000190734863,0.046000003814697266,-0.0016535758577924664,0.032293384663664604,0.020707080374404274
2021-12-08,75.81999969482422,14393.2998046875,4701.2099609375,1.5089999437332153,0.028999924659729004,-0.006673581457039335,0.005037079018032964,0.0030852853123166657
2021-12-09,74.41999816894531,14335.0,4667.4501953125,1.4869999885559082,-0.02199995517730713,-0.004050482202039185,-0.018464805216485303,-0.007181080169894716
2021-12-10,75.1500015258789,14297.400390625,4712.02001953125,1.4889999628067017,0.001999974250793457,-0.002622923569933766,0.009809236426966406,0.009549073338481762
2021-12-13,74.38999938964844,14351.900390625,4668.97021484375,1.4240000247955322,-0.06499993801116943,0.003811881776475623,-0.010113135339974044,-0.009136167611567658
2021-12-14,73.69999694824219,14324.7001953125,4634.08984375,1.437999963760376,0.01399993896484375,-0.001895233005537622,-0.009275473142459356,-0.0074706775774360246
2021-12-15,73.87999725341797,14342.5,4709.85009765625,1.4630000591278076,0.02500009536743164,0.0012425952686483388,0.002442338027533353,0.016348464630746795
2021-12-16,75.0199966430664,14297.5,4668.669921875,1.4220000505447388,-0.04100000858306885,-0.003137528324908434,0.015430420032882308,-0.008743415379980468
2021-12-17,73.5199966430664,14380.0,4620.64013671875,1.4019999504089355,-0.020000100135803223,0.005770239552369327,-0.01999466898321478,-0.010287680637092622
2021-12-20,71.5199966430664,14385.7001953125,4568.02001953125,1.4190000295639038,0.01700007915496826,0.0003963974487135591,-0.027203483287816743,-0.01138805785140995
2021-12-21,73.9800033569336,14388.7001953125,4649.22998046875,1.4869999885559082,0.0679999589920044,0.00020854042273010798,0.03439606864279221,0.017777934551572505
2021-12-22,75.29000091552734,14263.900390625,4696.56005859375,1.4570000171661377,-0.029999971389770508,-0.008673459241867909,0.017707454706015202,0.010180197220578835
2021-12-23,76.8499984741211,14193.7998046875,4725.7900390625,1.4930000305175781,0.03600001335144043,-0.004914545392056602,0.02071985043995439,0.006223699921661829
2021-12-24,,14167.7998046875,,,,-0.0018317857344594124,,
2021-12-27,78.5999984741211,14189.2998046875,4791.18994140625,1.4809999465942383,,0.001517525677691145,,
2021-12-28,78.94000244140625,14220.0,4786.35009765625,1.4809999465942383,0.0,0.002163615945471653,0.004325750303889597,-0.0010101548486260992
2021-12-29,79.2300033569336,14238.2001953125,4793.06005859375,1.5429999828338623,0.06200003623962402,0.0012799012174753432,0.003673687693924288,0.0014018951394270118
2021-12-30,79.31999969482422,14237.0,4778.72998046875,1.5149999856948853,-0.02799999713897705,-8.429403267518065e-05,0.0011358870892026474,-0.0029897555945093135
2021-12-31,77.77999877929688,14285.2001953125,4766.18017578125,1.5119999647140503,-0.003000020980834961,0.003385558426107993,-0.019415039352651875,-0.0026261799136575448
2022-01-03,78.9800033569336,14215.0,4796.56005859375,1.628000020980835,0.11600005626678467,-0.004914190515547312,0.015428189720621655,0.006374052530970564
2022-01-04,80.0,14283.599609375,4793.5400390625,1.6679999828338623,0.039999961853027344,0.004825860666549442,0.012914618887223117,-0.000629621957060511
2022-01-05,80.80000305175781,14385.5,4700.580078125,1.7050000429153442,0.037000060081481934,0.007134083383163237,0.0100000381469727,-0.019392757790687165
2022-01-06,81.98999786376953,14446.5,4696.0498046875,1.7330000400543213,0.02799999713897705,0.0042403809391400316,0.01472765800824849,-0.0009637690162076495
2022-01-07,81.75,14408.0,4677.02978515625,1.7710000276565552,0.03799998760223389,-0.00266500536462122,-0.002927160263722639,-0.004050216740091761
2022-01-10,80.87000274658203,14318.5,4670.2900390625,1.7799999713897705,0.008999943733215332,-0.006211826762909545,-0.010764492396550085,-0.0014410312534549607
2022-01-11,83.72000122070312,14313.0,4713.06982421875,1.746000051498413,-0.03399991989135742,-0.00038411844816144125,0.03524172594691244,0.009159984668711818
2022-01-12,84.66999816894531,14277.0,4726.35009765625,1.725000023841858,-0.021000027656555176,-0.0025151959756863906,0.011347311686460637,0.002817754443029452
2022-01-13,84.47000122070312,14298.900390625,4659.02978515625,1.7109999656677246,-0.0140000581741333,0.001533963061217447,-0.0023620757360018896,-0.0142436152864307
2022-01-14,86.05999755859375,14276.0,4662.85009765625,1.7719999551773071,0.06099998950958252,-0.001601549070165853,0.018823207232308237,0.0008199802697488323
2022-01-17,,14314.5,,,,0.0026968338470159114,,
2022-01-18,87.51000213623047,14349.7001953125,4577.10986328125,1.8650000095367432,,0.0024590586686576987,,
2022-01-19,88.44000244140625,14382.2998046875,4532.759765625,1.8270000219345093,-0.03799998760223389,0.002271797245328555,0.010627360101397532,-0.009689541868338813
2022-01-20,88.37999725341797,14362.7998046875,4482.72998046875,1.8329999446868896,0.005999922752380371,-0.0013558332300682707,-0.0006784846939373868,-0.01103737849414832
2022-01-21,87.88999938964844,14343.0,4397.93994140625,1.746999979019165,-0.08599996566772461,-0.001378547703563937,-0.0055442167797824515,-0.018914821867908604
2022-01-24,86.2699966430664,14329.7001953125,4410.1298828125,1.7350000143051147,-0.011999964714050293,-0.0009272679835111708,-0.01843216245115631,0.002771738943381896
2022-01-25,88.19999694824219,14365.0,4356.4501953125,1.7829999923706055,0.04799997806549072,0.002463401481284766,0.02237162837922635,-0.012171906253646725
2022-01-26,89.95999908447266,14330.5,4349.93017578125,1.8480000495910645,0.06500005722045898,-0.002401670727462557,0.01995467343681745,-0.0014966358477518371
2022-01-27,89.33999633789062,14366.400390625,4326.509765625,1.8070000410079956,-0.04100000858306885,0.0025051736244374734,-0.006891982579944722,-0.00538408875771057
2022-01-28,90.02999877929688,14389.2001953125,4431.85009765625,1.781999945640564,-0.02500009536743164,0.0015870227800680592,0.007723331874747386,0.024347646888076113
2022-01-31,91.20999908447266,14381.599609375,4515.5498046875,1.781999945640564,0.0,-0.0005282146216838424,0.013106745764470018,0.018885951732779516
2022-02-01,89.16000366210938,14350.0,4546.5400390625,1.7999999523162842,0.018000006675720215,-0.002197224942516174,-0.022475555782702217,0.00686300355780145
2022-02-02,89.47000122070312,14322.2998046875,4589.3798828125,1.7660000324249268,-0.03399991989135742,-0.0019303271994773885,0.003476867943708939,0.00942251544733641
2022-02-03,91.11000061035156,14363.7998046875,4477.43994140625,1.8270000219345093,0.06099998950958252,0.0028975793389283133,0.018330159464320595,-0.024391082077444004
2022-02-04,93.2699966430664,14377.0,4500.52978515625,1.9299999475479126,0.10299992561340332,0.0009189904824622452,0.0237075624875962,0.0051569298644233985
2022-02-07,92.69000244140625,14400.400390625,4483.8701171875,1.9160000085830688,-0.01399993896484375,0.0016276268084440826,-0.006218443470945245,-0.0037017126347429485
2022-02-08,90.77999877929688,14405.599609375,4521.5400390625,1.9539999961853027,0.03799998760223389,0.00036104681876647504,-0.020606361115555916,0.008401207191663262
2022-02-09,91.55000305175781,14379.5,4587.18017578125,1.9290000200271606,-0.02499997615814209,-0.0018117683458322986,0.00848209168115277,0.014517207887505545
2022-02-10,91.41000366210938,14334.2001953125,4504.080078125,2.0309998989105225,0.10199987888336182,-0.0031503045785666872,-0.0015292122881666037,-0.01811572566845976
2022-02-11,94.44000244140625,14328.0,4418.64013671875,1.9550000429153442,-0.07599985599517822,-0.00043254560617389526,0.03314734337498826,-0.01896945434456343
2022-02-14,96.4800033569336,14344.7001953125,4401.669921875,1.996000051498413,0.04100000858306885,0.0011655636036083106,0.02160102565428268,-0.0038405967262932217
2022-02-15,93.27999877929688,14303.0,4471.06982421875,2.0450000762939453,0.04900002479553223,-0.0029070105854235306,-0.033167542146512075,0.01576672117072042
2022-02-16,94.80999755859375,14260.599609375,4475.009765625,2.046999931335449,0.0019998550415039062,-0.0029644403709011558,0.016402216973832706,0.0008812077558950637
2022-02-17,92.97000122070312,14274.400390625,4380.259765625,1.972000002861023,-0.07499992847442627,0.0009677560290610732,-0.019407197397652953,-0.021173138152195015
2022-02-18,93.54000091552734,14348.0,4348.8701171875,1.9320000410079956,-0.039999961853027344,0.0051560561117045545,0.0061310066402073815,-0.0071661613961429005
2022-02-21,,14365.900390625,,,,0.0012475878606774682,,
2022-02-22,96.83999633789062,14355.0,4304.759765625,1.9479999542236328,,-0.0007587683562190195,,
2022-02-23,96.83999633789062,14395.0,4225.5,1.9769999980926514,0.029000043869018555,0.0027864855451062986,0.0,-0.018412122845487655
2022-02-24,99.08000183105469,14365.0,4288.7001953125,1.968999981880188,-0.008000016212463379,-0.002084056964223646,0.0231309952279255,0.014956856067329216
2022-02-25,97.93000030517578,14452.5,4384.64990234375,1.9859999418258667,0.01699995994567871,0.006091193873999368,-0.011606797584035378,0.022372677655603468
2022-02-28,100.98999786376953,14334.2001953125,4373.93994140625,1.8389999866485596,-0.14699995517730713,-0.008185421531741954,0.03124678391767577,-0.002442603440647617
2022-03-01,104.97000122070312,14360.0,4306.259765625,1.7070000171661377,-0.13199996948242188,0.0017998775192171745,0.03940987663255946,-0.015473503680411893
2022-03-02,112.93000030517578,14425.0,4386.5400390625,1.8650000095367432,0.15799999237060547,0.004526462395543218,0.07583118026012481,0.018642691757321028
2022-03-03,110.45999908447266,14387.5,4363.490234375,1.843999981880188,-0.021000027656555176,-0.0025996533795493715,-0.02187196682925996,-0.005254666430088317
2022-03-04,118.11000061035156,14358.400390625,4328.8701171875,1.7239999771118164,-0.12000000476837158,-0.002022561902693343,0.0692558536056902,-0.007934042550334475
2022-03-07,123.20999908447266,14381.7001953125,4201.08984375,1.7510000467300415,0.027000069618225098,0.0016227298343562957,0.04318007321789907,-0.029518158313449172
2022-03-08,127.9800033569336,14406.400390625,4170.7001953125,1.871999979019165,0.12099993228912354,0.0017174739409844264,0.038714425029665156,-0.00723375351819977
2022-03-09,111.13999938964844,14362.7001953125,4277.8798828125,1.9479999542236328,0.07599997520446777,-0.003033387531068299,-0.13158308740091784,0.02569824789143582
2022-03-10,109.33000183105469,14251.0,4259.52001953125,2.010999917984009,0.06299996376037598,-0.007777102758780408,-0.01628574382340997,-0.004291813651667864
2022-03-11,112.66999816894531,14275.0,4204.31005859375,2.003999948501587,-0.006999969482421875,0.0016840923443968148,0.030549677873890957,-0.012961545123475138
2022-03-14,106.9000015258789,14325.5,4173.10986328125,2.140000104904175,0.1360001564025879,0.0035376532399300498,-0.05121147365614109,-0.007421002465963666
2022-03-15,99.91000366210938,14347.5,4262.4501953125,2.1600000858306885,0.019999980926513672,0.001535723011413248,-0.06538819236665172,0.021408574170870942
2022-03-16,98.0199966430664,14305.2998046875,4357.85986328125,2.187999963760376,0.0279998779296875,-0.002941292581460142,-0.018917094883059704,0.02238376135718223
2022-03-17,106.63999938964844,14263.5,4411.669921875,2.191999912261963,0.003999948501586914,-0.002921980333037366,0.08794126751474218,0.01234781757145198
2022-03-18,107.93000030517578,14326.0,4463.1201171875,2.1480000019073486,-0.04399991035461426,0.0043818137203350815,0.012096782847999199,0.011662294827948783
2022-03-21,115.62000274658203,14342.2998046875,4461.18017578125,2.315000057220459,0.16700005531311035,0.0011377777947438883,0.07124990660300656,-0.00043466036210393355
2022-03-22,115.4800033569336,14345.0,4511.60986328125,2.372999906539917,0.05799984931945801,0.00018826794511839218,-0.0012108578647528345,0.0113041136006502
2022-03-23,121.5999984741211,14345.5,4456.240234375,2.321000099182129,-0.051999807357788086,3.4855350296236765e-05,0.0529961459930981,-0.012272698789159042
2022-03-24,119.02999877929688,14389.0,4520.16015625,2.3410000801086426,0.019999980926513672,0.003032309783555842,-0.021134866176590994,0.01434391292056647
2022-03-25,120.6500015258789,14337.099609375,4543.06005859375,2.492000102996826,0.1510000228881836,-0.0036069491017444166,0.013610037496394556,0.005066170567449069
2022-03-28,112.4800033569336,14334.0,4575.52001953125,2.4769999980926514,-0.015000104904174805,-0.00021619500871528086,-0.06771651940006718,0.007144955276586762
2022-03-29,110.2300033569336,14373.0,4631.60009765625,2.4000000953674316,-0.07699990272521973,0.002720803683549544,-0.020003555590766275,0.012256547427530462
2022-03-30,113.44999694824219,14334.0,4602.4501953125,2.3580000400543213,-0.04200005531311035,-0.002713420997703997,0.02921158934271273,-0.0062937001746978805
2022-03-31,107.91000366210938,14327.5,4530.41015625,2.3269999027252197,-0.031000137329101562,-0.0004534672805915907,-0.048832026753251045,-0.015652540713177343
2022-04-01,104.38999938964844,14351.0,4545.85986328125,2.377000093460083,0.05000019073486328,0.0016402024079567035,-0.032619814224850385,0.0034102225843584133
2022-04-04,107.52999877929688,14361.0,4582.64013671875,2.4119999408721924,0.034999847412109375,0.0006968155529232245,0.03007950386059499,0.008090938687879357
2022-04-05,106.63999938964844,14322.2998046875,4525.1201171875,2.555999994277954,0.14400005340576172,-0.0026948120125687147,-0.0082767543918153,-0.012551720801807331
2022-04-06,101.06999969482422,14365.5,4481.14990234375,2.6089999675750732,0.05299997329711914,0.0030162889969920226,-0.05223180538919714,-0.009716916613271898
2022-04-07,100.58000183105469,14382.0,4500.2099609375,2.6519999504089355,0.042999982833862305,0.0011485851519263957,-0.004848103940329085,0.004253385628492534
2022-04-08,102.77999877929688,14385.0,4488.27978515625,2.7130000591278076,0.06100010871887207,0.00020859407592821455,0.02187310507249296,-0.002651026482054286
2022-04-11,98.4800033569336,14355.0,4412.52978515625,2.7799999713897705,0.06699991226196289,-0.002085505735140769,-0.041836889214182715,-0.01687729010355421
2022-04-12,104.63999938964844,14360.7001953125,4397.4501953125,2.7249999046325684,-0.05500006675720215,0.0003970877960641772,0.06255072931291839,-0.003417447717741773
2022-04-13,108.77999877929688,14364.2001953125,4446.58984375,2.687000036239624,-0.037999868392944336,0.00024372070667855184,0.03956421458138881,0.011174577597236057
2022-04-14,111.69999694824219,14360.2001953125,4392.58984375,2.828000068664551,0.14100003242492676,-0.00027847008156467457,0.02684315316889907,-0.01214413784439794
2022-04-15,,14383.900390625,,,,0.0016504084198099012,,
2022-04-18,113.16000366210938,14337.0,4391.68994140625,2.861999988555908,,-0.003260617033719715,,
2022-04-19,107.25,14353.7998046875,4462.2099609375,2.9130001068115234,0.051000118255615234,0.0011717796392201052,-0.05222696598487553,0.016057604355527166
2022-04-20,106.80000305175781,14364.900390625,4459.4501953125,2.8399999141693115,-0.07300019264221191,0.0007733552152424661,-0.004195775741185903,-0.0006184750715809706
2022-04-21,108.33000183105469,14351.0,4393.66015625,2.9170000553131104,0.07700014114379883,-0.0009676635581874482,0.014325830857470967,-0.014752948498371943
2022-04-22,106.6500015258789,14382.0,4271.77978515625,2.9059998989105225,-0.01100015640258789,0.0021601282140617517,-0.015508172037103973,-0.027740054250753654
2022-04-25,102.31999969482422,14350.0,4296.1201171875,2.8259999752044678,-0.07999992370605469,-0.002225003476567955,-0.040600110352591035,0.005697936985382235
2022-04-26,104.98999786376953,14478.0,4175.2001953125,2.7720000743865967,-0.053999900817871094,0.008919860627177645,0.026094587342736064,-0.028146308431003852
2022-04-27,105.31999969482422,14466.0,4183.9599609375,2.818000078201294,0.046000003814697266,-0.0008288437629506706,0.003143173995325599,0.0020980468517017847
2022-04-28,107.58999633789062,14447.5,4287.5,2.86299991607666,0.04499983787536621,-0.0012788607769943505,0.02155332937375576,0.02474690007293945
2022-04-29,109.33999633789062,14502.0,4131.93017578125,2.88700008392334,0.024000167846679688,0.003772278940993301,0.01626545273320823,-0.036284507106413955
2022-05-02,107.58000183105469,14490.0,4155.3798828125,2.996000051498413,0.10899996757507324,-0.0008274720728175256,-0.016096529776689183,0.005675242812353654
2022-05-03,104.97000122070312,14522.599609375,4175.47998046875,2.9600000381469727,-0.03600001335144043,0.002249800508971722,-0.024261020319095605,0.004837126381486367
2022-05-04,110.13999938964844,14491.0,4300.169921875,2.9170000553131104,-0.042999982833862305,-0.0021758920733861986,0.049252149269534806,0.02986242108440229
2022-05-05,110.9000015258789,14425.0,4146.8701171875,3.065999984741211,0.14899992942810059,-0.004554551100683146,0.006900328131851152,-0.035649708609806985
2022-05-06,112.38999938964844,14458.7001953125,4123.33984375,3.122999906539917,0.056999921798706055,0.0023362353769498245,0.013435508054721046,-0.0056742248424840325
2022-05-09,105.94000244140625,14490.0,3991.239990234375,3.0789999961853027,-0.04399991035461426,0.002164773061526404,-0.057389420618114695,-0.03203710063235676
2022-05-10,102.45999908447266,14552.2001953125,4001.050048828125,2.993000030517578,-0.08599996566772461,0.004292629076086962,-0.032848813259734766,0.0024578974498534745
2022-05-11,107.51000213623047,14520.7998046875,3935.179931640625,2.9210000038146973,-0.07200002670288086,-0.0021577761578015497,0.04928755706501975,-0.01646320750393837
2022-05-12,107.44999694824219,14543.400390625,3930.080078125,2.816999912261963,-0.10400009155273438,0.0015564284503257753,-0.000558135864533349,-0.0012959645058717717
2022-05-13,111.55000305175781,14632.099609375,4023.889892578125,2.934999942779541,0.11800003051757812,0.006098932599502449,0.03815734034399809,0.02386969542307149
2022-05-16,114.23999786376953,14606.0,4008.010009765625,2.877000093460083,-0.05799984931945801,-0.0017837227788060073,0.024114699582424848,-0.003946400929555671
2022-05-17,111.93000030517578,14645.0,4088.85009765625,2.9679999351501465,0.09099984169006348,0.0026701355607283705,-0.0202205672425555,0.020169632234863677
2022-05-18,109.11000061035156,14630.599609375,3923.679931640625,2.885999917984009,-0.0820000171661377,-0.000983297413793105,-0.025194315082064933,-0.04039526078745259
2022-05-19,112.04000091552734,14740.0,3900.7900390625,2.8550000190734863,-0.03099989891052246,0.007477505607828894,0.02685363659413098,-0.005833781800992588
2022-05-20,112.55000305175781,14626.7998046875,3901.360107421875,2.7869999408721924,-0.06800007820129395,-0.007679796154172358,0.0045519647631473426,0.00014614176965843662
2022-05-23,113.41999816894531,14645.0,3973.75,2.8589999675750732,0.07200002670288086,0.0012443046705723493,0.007729854230100974,0.018555039930923556
2022-05-24,113.55999755859375,14619.2001953125,3941.47998046875,2.759999990463257,-0.0989999771118164,-0.0017616800742574767,0.0012343448413736358,-0.008120797617175213
2022-05-25,114.02999877929688,14635.7998046875,3978.72998046875,2.749000072479248,-0.010999917984008789,0.001135466315067113,0.0041387920993976035,0.009450764734207695
2022-05-26,117.4000015258789,14597.0,4057.840087890625,2.75600004196167,0.006999969482421875,-0.0026510204570490137,0.02955365064157034,0.019883256167224195
2022-05-27,119.43000030517578,14584.2001953125,4158.240234375,2.743000030517578,-0.013000011444091797,-0.0008768791318422009,0.017291301132133174,0.02474226295510973
2022-05-30,,14570.0,,,,-0.0009736698017258627,,
2022-05-31,122.83999633789062,14538.400390625,4132.14990234375,2.8440001010894775,,-0.0021688132721344733,,
2022-06-01,116.29000091552734,14543.900390625,4101.22998046875,2.930999994277954,0.08699989318847656,0.00037830846944797436,-0.05332135800742366,-0.007482768681131846
2022-06-02,117.61000061035156,14531.5,4176.81982421875,2.9130001068115234,-0.017999887466430664,-0.0008526179561153535,0.011350930298668294,0.018431018038486124
2022-06-03,119.72000122070312,14426.7998046875,4108.5400390625,2.9570000171661377,0.04399991035461426,-0.00720505077332001,0.017940656401678856,-0.016347313992415624
2022-06-06,119.51000213623047,14431.0,4121.43017578125,3.0380001068115234,0.08100008964538574,0.00029113839308525513,-0.0017540852182712507,0.003137400778913113
2022-06-07,120.56999969482422,14435.2001953125,4160.68017578125,2.9719998836517334,-0.06600022315979004,0.0002910536561915311,0.008869530078206012,0.009523393173235029
2022-06-08,123.58000183105469,14458.7998046875,4115.77001953125,3.0290000438690186,0.057000160217285156,0.0016348654023283782,0.024964768548138894,-0.010793945785935621
2022-06-09,123.06999969482422,14495.2998046875,4017.820068359375,3.0439999103546143,0.014999866485595703,0.0025244142316824814,-0.004126898597458295,-0.02379869397635359
2022-06-10,122.01000213623047,14611.7998046875,3900.860107421875,3.1559998989105225,0.1119999885559082,0.008037087991952241,-0.008612964664192924,-0.029110303335524668
2022-06-13,122.2699966430664,14546.0,3749.6298828125,3.365999937057495,0.21000003814697266,-0.004503196428025991,0.002130927811521799,-0.038768430665237275
2022-06-14,121.16999816894531,14795.0,3735.47998046875,3.4830000400543213,0.11700010299682617,0.01711810807094727,-0.00899647096034717,-0.0037736797459957394
2022-06-15,118.51000213623047,14740.7998046875,3789.989990234375,3.3949999809265137,-0.08800005912780762,-0.0036634129984791652,-0.021952596128672508,0.014592504858983224
2022-06-16,119.80999755859375,14681.0,3666.77001953125,3.306999921798706,-0.08800005912780762,-0.004056754414945907,0.010969499611255706,-0.03251195148816344
2022-06-17,113.12000274658203,14776.099609375,3674.840087890625,3.239000082015991,-0.06799983978271484,0.0064777337630270715,-0.05583836865316638,0.002200865698254617
2022-06-20,,14816.0,,,,0.0027003330838188955,,
2022-06-21,114.6500015258789,14827.7001953125,3764.7900390625,3.306999921798706,,0.0007897000075931526,,
2022-06-22,111.73999786376953,14831.7001953125,3759.889892578125,3.1559998989105225,-0.1510000228881836,0.00026976536801459616,-0.025381627766071335,-0.0013015723144006452
2022-06-23,110.05000305175781,14843.0,3795.72998046875,3.068000078201294,-0.08799982070922852,0.0007618684667771713,-0.015124349779137458,0.009532217409177868
2022-06-24,113.12000274658203,14841.7998046875,3911.739990234375,3.125,0.056999921798706055,-8.085934868284905e-05,0.027896407175748594,0.03056329358583576
2022-06-27,115.08999633789062,14841.0,3900.110107421875,3.194000005722046,0.0690000057220459,-5.3888658924416966e-05,0.01741507729381775,-0.0029730715337762392
2022-06-28,117.9800033569336,14791.0,3821.550048828125,3.2060000896453857,0.012000083923339844,-0.003369045212586741,0.02511084465202562,-0.020143036075892073
2022-06-29,116.26000213623047,14857.0,3818.830078125,3.0929999351501465,-0.11300015449523926,0.004462172943005882,-0.014578752091568226,-0.0007117454091590814
2022-06-30,114.80999755859375,14877.0,3785.3798828125,2.9719998836517334,-0.12100005149841309,0.001346166790065384,-0.012472084560411711,-0.008759278267998716
2022-07-01,111.62999725341797,14921.900390625,3825.330078125,2.8889999389648438,-0.08299994468688965,0.0030181078594475608,-0.027697938966968927,0.010553814029047315
2022-07-04,,14931.0,,,,0.0006098157162821582,,
2022-07-05,102.7699966430664,15008.0,3831.389892578125,2.809000015258789,,0.005157055789967169,,
2022-07-06,100.69000244140625,15037.0,3845.080078125,2.9130001068115234,0.10400009155273438,0.0019323027718549657,-0.020239313706355788,0.0035731642904301975
2022-07-07,104.6500015258789,15010.0,3902.6201171875,3.007999897003174,0.09499979019165039,-0.0017955709250515595,0.03932862239006374,0.014964587965241805
2022-07-08,107.0199966430664,14964.599609375,3899.3798828125,3.1010000705718994,0.09300017356872559,-0.0030246762574950292,0.022646871310378458,-0.000830271529819071
2022-07-11,107.0999984741211,14970.0,3854.429931640625,2.990999937057495,-0.1100001335144043,0.00036087772248949435,0.0007475409602328842,-0.011527461422777274
2022-07-12,99.48999786376953,14989.099609375,3818.800048828125,2.9579999446868896,-0.03299999237060547,0.0012758590096859646,-0.07105509541338029,-0.009243878717321574
2022-07-13,99.56999969482422,15010.0,3801.780029296875,2.9040000438690186,-0.053999900817871094,0.0013943726554415115,0.0008041193363399479,-0.0044569025122100925
2022-07-14,99.0999984741211,15030.400390625,3790.3798828125,2.9600000381469727,0.0559999942779541,0.0013591199616922456,-0.004720309552512347,-0.00299863390215227
2022-07-15,101.16000366210938,15037.099609375,3863.159912109375,2.930000066757202,-0.029999971389770508,0.000445711263565407,0.020787136424893493,0.01920124935943668
2022-07-18,106.2699966430664,14986.0,3830.85009765625,2.9600000381469727,0.029999971389770508,-0.003398235743756195,0.0505139659546201,-0.008363571580831342
2022-07-19,107.3499984741211,14977.0,3936.68994140625,3.0190000534057617,0.05900001525878906,-0.000600560523154936,0.010162810437287728,0.02762829164595959
2022-07-20,106.91999816894531,14960.7998046875,3959.89990234375,3.0360000133514404,0.01699995994567871,-0.0010816715839286895,-0.004005592093971444,0.005895806193263242
2022-07-21,103.86000061035156,15022.0,3998.949951171875,2.9100000858306885,-0.12599992752075195,0.004090703445769339,-0.02861950627569798,0.00986137270919718
2022-07-22,103.19999694824219,15004.2001953125,3961.6298828125,2.7829999923706055,-0.127000093460083,-0.0011849157693716306,-0.006354743483831582,-0.00933246697634671
2022-07-25,105.1500015258789,15011.0,3966.840087890625,2.819999933242798,0.03699994087219238,0.0004531934124436532,0.01889539375291549,0.0013151670479691902
2022-07-26,104.4000015258789,14978.0,3921.050048828125,2.7869999408721924,-0.03299999237060547,-0.002198387848910799,-0.0071326675141836215,-0.01154320266205866
2022-07-27,106.62000274658203,14982.7998046875,4023.610107421875,2.7339999675750732,-0.05299997329711914,0.00032045698274130174,0.021264379197856842,0.026156273782937722
2022-07-28,107.13999938964844,14914.2001953125,4072.429931640625,2.680999994277954,-0.05299997329711914,-0.004578557430470198,0.0048771021353501975,0.012133338697180918
2022-07-29,110.01000213623047,14849.099609375,4130.2900390625,2.6419999599456787,-0.03900003433227539,-0.004365006844816333,0.026787406784877454,0.014207760082581844
2022-08-01,100.02999877929688,14826.0,4118.6298828125,2.6059999465942383,-0.03600001335144043,-0.0015556235719784706,-0.09071905429630744,-0.0028230841271976725
2022-08-02,100.54000091552734,14838.0,4091.18994140625,2.740999937057495,0.13499999046325684,0.0008093889113718333,0.005098491876978972,-0.006662395550704803
2022-08-03,96.77999877929688,14890.099609375,4155.169921875,2.747999906539917,0.006999969482421875,0.0035112285601159865,-0.03739807143417062,0.015638477163140152
2022-08-04,94.12000274658203,14900.0,4151.93994140625,2.6760001182556152,-0.07199978828430176,0.0006648975416367886,-0.027484976919465165,-0.0007773401640558397
2022-08-05,94.91999816894531,14884.7001953125,4145.18994140625,2.8399999141693115,0.1639997959136963,-0.0010268325293624203,0.008499738621101205,-0.0016257460597355333
2022-08-08,96.6500015258789,14886.0,4140.06005859375,2.765000104904175,-0.07499980926513672,8.732488195550836e-05,0.018225910138076618,-0.0012375507238541195
2022-08-09,96.30999755859375,14831.2001953125,4122.47021484375,2.796999931335449,0.031999826431274414,-0.0036812981786578103,-0.003517888897230037,-0.004248692893594086
2022-08-10,97.4000015258789,14856.7001953125,4210.240234375,2.7860000133514404,-0.010999917984008789,0.001719348378026675,0.011317661664584922,0.021290637641290244
2022-08-11,99.5999984741211,14756.900390625,4207.27001953125,2.888000011444092,0.10199999809265137,-0.006717494690980486,0.022587237307770014,-0.0007054739583503
2022-08-12,98.1500015258789,14724.2001953125,4280.14990234375,2.8489999771118164,-0.03900003433227539,-0.002215925732837132,-0.014558202514620922,0.017322368774566943
2022-08-15,95.0999984741211,14661.0,4297.14013671875,2.7909998893737793,-0.05800008773803711,-0.004292266776746212,-0.03107491598921297,0.0039695418998517695
2022-08-16,92.33999633789062,14776.400390625,4305.2001953125,2.8239998817443848,0.03299999237060547,0.007871249616329123,-0.029022104947578176,0.0018756797165810912
2022-08-17,93.6500015258789,14747.099609375,4274.0400390625,2.8929998874664307,0.0690000057220459,-0.0019829444570674815,0.01418675806737868,-0.007237794954094601
2022-08-18,96.58999633789062,14764.099609375,4283.740234375,2.880000114440918,-0.012999773025512695,0.0011527690495283238,0.031393430476339024,0.002269561170191503
2022-08-19,96.72000122070312,14845.7001953125,4228.47998046875,2.989000082015991,0.10899996757507324,0.0055269598618588045,0.0013459456231650346,-0.012900001139847905
2022-08-22,96.4800033569336,14831.0,4137.990234375,3.0369999408721924,0.04799985885620117,-0.000990198853479618,-0.0024813674600963065,-0.0214000649197158
2022-08-23,100.22000122070312,14933.5,4128.72998046875,3.053999900817871,0.01699995994567871,0.006911199514530342,0.038764487288968974,-0.0022378626777133093
2022-08-24,101.22000122070312,14850.0,4140.77001953125,3.1059999465942383,0.05200004577636719,-0.005591455452506056,0.009978048172218701,0.0029161604463010526
2022-08-25,99.33999633789062,14845.0,4199.1201171875,3.0260000228881836,-0.07999992370605469,-0.00033670033670030186,-0.018573452481128516,0.014091605518061545
2022-08-26,100.98999786376953,14773.0,4057.659912109375,3.0350000858306885,0.009000062942504883,-0.004850117884809713,0.016609639487670913,-0.03368805871951874
2022-08-29,105.08999633789062,14811.0,4030.610107421875,3.109999895095825,0.07499980926513672,0.0025722602044269127,0.040598064767283004,-0.006666355799502699
2022-08-30,99.30999755859375,14895.0,3986.159912109375,3.109999895095825,0.0,0.005671460401053263,-0.05500046608349607,-0.011028155571448206
2022-08-31,96.48999786376953,14850.0,3955.0,3.132999897003174,0.023000001907348633,-0.0030211480362537513,-0.028395929555434685,-0.007817025105971265
2022-09-01,92.36000061035156,14855.0,3966.85009765625,3.265000104904175,0.13200020790100098,0.00033670033670030186,-0.04280233542184286,0.0029962320243361873
2022-09-02,93.0199966430664,14902.099609375,3924.260009765625,3.193000078201294,-0.07200002670288086,0.003170623317064969,0.007145907626172843,-0.010736500458081055
2022-09-05,,14890.0,,,,-0.0008119399072723521,,
2022-09-06,92.83000183105469,14882.2998046875,3908.18994140625,3.3399999141693115,,-0.0005171387046675191,,
2022-09-07,88.0,14904.0,3979.8701171875,3.265000104904175,-0.07499980926513672,0.0014581210966913005,-0.052030612256638964,0.018341016392734
2022-09-08,89.1500015258789,14865.2998046875,4006.179931640625,3.2920000553131104,0.026999950408935547,-0.0025966314621913567,0.013068199157714844,0.006610721877456038
2022-09-09,92.83999633789062,14892.2998046875,4067.360107421875,3.321000099182129,0.029000043869018555,0.0018163104918669237,0.04139085528720465,0.015271449816332883
2022-09-12,94.0,14823.0,4110.41015625,3.361999988555908,0.0409998893737793,-0.004653398440561007,0.01249465432858865,0.0105842727693497
2022-09-13,93.16999816894531,14858.7001953125,3932.68994140625,3.421999931335449,0.059999942779541016,0.0024084325246238603,-0.008829806713347765,-0.0432366134006168
2022-09-14,94.0999984741211,14954.900390625,3946.010009765625,3.4119999408721924,-0.009999990463256836,0.006474334500863543,0.009981757255049128,0.0033870120853238816
2022-09-15,90.83999633789062,14915.0,3901.35009765625,3.4590001106262207,0.04700016975402832,-0.002668047902880888,-0.03464401901267855,-0.011317739184353415
2022-09-16,91.3499984741211,14933.599609375,3873.330078125,3.447999954223633,-0.01100015640258789,0.0012470405212872127,0.005614290585541859,-0.007182134089448455
2022-09-19,92.0,14946.0,3899.889892578125,3.490000009536743,0.04200005531311035,0.0008303684944930279,0.007115506696620866,0.006857100716286535
2022-09-20,90.62000274658203,14985.7998046875,3855.929931640625,3.571000099182129,0.08100008964538574,0.002662906776896845,-0.01499997014584753,-0.011272103097361819
2022-09-21,89.83000183105469,15008.599609375,3789.929931640625,3.509999990463257,-0.06100010871887207,0.0015214272834720433,-0.008717732195799743,-0.017116493600784488
2022-09-22,90.45999908447266,15019.0,3757.989990234375,3.7079999446868896,0.1979999542236328,0.0006929620947782045,0.007013216526509991,-0.00842758097968943
2022-09-23,86.1500015258789,15026.599609375,3693.22998046875,3.697000026702881,-0.010999917984008789,0.000505999692056669,-0.04764534161192091,-0.017232619015461026
2022-09-26,84.05999755859375,15031.0,3655.0400390625,3.878000020980835,0.1809999942779541,0.00029284007955165947,-0.024260057228871146,-0.010340526208282075
2022-09-27,86.2699966430664,15204.0,3647.2900390625,3.9639999866485596,0.08599996566772461,0.01150954693633155,0.02629073457838471,-0.0021203598092424114
2022-09-28,89.31999969482422,15167.2001953125,3719.0400390625,3.7049999237060547,-0.2590000629425049,-0.0024204028339581685,0.035354157533781905,0.019672139926234733
2022-09-29,88.48999786376953,15175.2998046875,3640.469970703125,3.746999979019165,0.04200005531311035,0.0005340213929201365,-0.009292452237914417,-0.021126437880238824
2022-09-30,87.95999908447266,15175.2001953125,3585.6201171875,3.803999900817871,0.056999921798706055,-6.563914801138715e-06,-0.005989363680546256,-0.015066695771983274
2022-10-03,88.86000061035156,15221.0,3678.429931640625,3.6510000228881836,-0.1529998779296875,0.003018069224658193,0.010231941055554028,0.025883894952576147
2022-10-04,91.80000305175781,15290.0,3790.929931640625,3.617000102996826,-0.03399991989135742,0.00453321069574919,0.033085780117176444,0.030583700679551518
2022-10-05,93.37000274658203,15180.0,3783.280029296875,3.759000062942505,0.1419999599456787,-0.007194244604316502,0.01710239262126212,-0.002017948757084831
2022-10-06,94.41999816894531,15206.7001953125,3744.52001953125,3.8259999752044678,0.06699991226196289,0.0017589061470684175,0.011245532735102204,-0.010245080846639998
2022-10-07,97.91999816894531,15215.7998046875,3639.659912109375,3.882999897003174,0.056999921798706055,0.0005983947377226073,0.03706841842696784,-0.028003617786773516
2022-10-10,96.19000244140625,15246.0,3612.389892578125,3.888000011444092,0.005000114440917969,0.001984791841385558,-0.017667440358344666,-0.00749246363390188
2022-10-11,94.29000091552734,15343.0,3588.840087890625,3.938999891281128,0.05099987983703613,0.00636232454414265,-0.01975258839437377,-0.006519175777754405
2022-10-12,92.44999694824219,15338.5,3577.030029296875,3.9019999504089355,-0.03699994087219238,-0.0002932933585347852,-0.019514306389004976,-0.0032907731480149582
2022-10-13,94.56999969482422,15318.599609375,3669.909912109375,3.9519999027252197,0.04999995231628418,-0.0012974143902597657,0.022931344689701927,0.02596564246086497
2022-10-14,91.62999725341797,15364.0,3583.070068359375,4.010000228881836,0.05800032615661621,0.002963742886602727,-0.031088108817739157,-0.02366266361565439
2022-10-17,91.62000274658203,15420.0,3677.949951171875,4.014999866485596,0.004999637603759766,0.003644884144754057,-0.00010907461677966968,0.026480052302171098
2022-10-18,90.02999877929688,15441.400390625,3719.97998046875,3.997999906539917,-0.01699995994567871,0.001387833373865055,-0.017354332237721648,0.011427569666488724
2022-10-19,92.41000366210938,15466.2001953125,3695.159912109375,4.126999855041504,0.12899994850158691,0.0016060592990359002,0.026435687160753396,-0.0066720972934503076
2022-10-20,92.37999725341797,15620.0,3665.780029296875,4.22599983215332,0.0989999771118164,0.009944252805812903,-0.0003247095282142842,-0.007950909706564868
2022-10-21,93.5,15562.0,3752.75,4.2129998207092285,-0.013000011444091797,-0.003713188220230479,0.012123866420017615,0.02372481982226482
2022-10-24,93.26000213623047,15626.0,3797.340087890625,4.234000205993652,0.021000385284423828,0.00411258193034314,-0.0025668220724014423,0.011881976654619875
2022-10-25,93.5199966430664,15586.5,3859.110107421875,4.107999801635742,-0.12600040435791016,-0.002527838218354006,0.00278784581686109,0.016266654579669915
2022-10-26,95.69000244140625,15549.0,3830.60009765625,4.014999866485596,-0.09299993515014648,-0.0024059282071022814,0.02320365564834237,-0.007387716072364547
2022-10-27,96.95999908447266,15502.7001953125,3807.300048828125,3.937000036239624,-0.07799983024597168,-0.002977670891214923,0.01327198882499836,-0.006082610618211248
2022-10-28,95.7699966430664,15554.2001953125,3901.06005859375,4.010000228881836,0.07300019264221191,0.003322001931997054,-0.012273127605637701,0.024626377895927698
2022-10-31,94.83000183105469,15549.2001953125,3871.97998046875,4.077000141143799,0.06699991226196289,-0.0003214565800372382,-0.009815128380082028,-0.00745440410765752
2022-11-01,94.6500015258789,15649.0,3856.10009765625,4.052000045776367,-0.02500009536743164,0.0064183239931263625,-0.0018981366835409963,-0.004101230608784645
2022-11-02,96.16000366210938,15690.0,3759.68994140625,4.059000015258789,0.006999969482421875,0.0026199757172982174,0.015953535255016416,-0.02500198485734284
2022-11-03,94.66999816894531,15696.0,3719.889892578125,4.124000072479248,0.06500005722045898,0.00038240917782017547,-0.015495064854611496,-0.010585992315429671
2022-11-04,98.56999969482422,15780.0,3770.550048828125,4.156000137329102,0.032000064849853516,0.005351681957186605,0.04119574945928561,0.013618724670070526
2022-11-07,97.91999816894531,15609.5,3806.800048828125,4.214000225067139,0.05800008773803711,-0.01080481622306717,-0.006594313968665277,0.009613981920559844
2022-11-08,95.36000061035156,15675.0,3828.110107421875,4.125999927520752,-0.08800029754638672,0.004196162593292474,-0.02614376640588656,0.005597892802462701
2022-11-09,92.6500015258789,15645.0,3748.570068359375,4.151000022888184,0.02500009536743164,-0.00191387559808609,-0.028418614378432405,-0.02077788695478977
2022-11-10,93.66999816894531,15671.5,3956.3701171875,3.8289999961853027,-0.32200002670288086,0.001693831895174247,0.011009137898195354,0.05543448436034493
2022-11-11,95.98999786376953,15500.0,3992.929931640625,3.812999963760376,-0.016000032424926758,-0.010943432345340232,0.024767799083755815,0.009240746788147902
2022-11-14,93.13999938964844,15473.900390625,3957.25,3.865000009536743,0.05200004577636719,-0.0016838457661290107,-0.02969057753460791,-0.008935777048800997
2022-11-15,93.86000061035156,15530.099609375,3991.72998046875,3.7990000247955322,-0.06599998474121094,0.0036318715599363838,0.007730311632180964,0.008713116550319144
2022-11-16,92.86000061035156,15557.0,3958.7900390625,3.691999912261963,-0.10700011253356934,0.0017321454016148152,-0.0106541657095377,-0.008252046497990273
2022-11-17,89.77999877929688,15655.0,3946.56005859375,3.7750000953674316,0.08300018310546875,0.006299415054316304,-0.03316822970935174,-0.0030893228355314273
2022-11-18,87.62000274658203,15720.0,3965.340087890625,3.818000078201294,0.042999982833862305,0.004152028106036321,-0.024058766563638367,0.00475858190881473
2022-11-21,87.44999694824219,15629.400390625,3949.93994140625,3.825000047683716,0.006999969482421875,-0.005763333929707404,-0.0019402624173791017,-0.003883688698329779
2022-11-22,88.36000061035156,15755.0,4003.580078125,3.757999897003174,-0.06700015068054199,0.008036111830005854,0.010405988494750495,0.013579987927526016
2022-11-23,85.41000366210938,15671.0,4027.260009765625,3.7060000896453857,-0.051999807357788086,-0.005331640748968636,-0.033386112809698054,0.0059146891478476515
2022-11-24,,15619.599609375,,,,-0.003279968771935371,,
2022-11-25,83.62999725341797,15605.0,4026.1201171875,3.690999984741211,,-0.0009346980550152262,,
2022-11-28,83.19000244140625,15675.099609375,3963.93994140625,3.703000068664551,0.012000083923339844,0.004492124919897478,-0.0052612080170041375,-0.015444192913123267
2022-11-29,83.02999877929688,15746.0,3957.6298828125,3.747999906539917,0.04499983787536621,0.0045231221741388605,-0.0019233520544980065,-0.0015918653377758885
2022-11-30,85.43000030517578,15726.5,4080.110107421875,3.703000068664551,-0.04499983787536621,-0.0012384097548583384,0.028905233784940476,0.030947872397389053
2022-12-01,86.87999725341797,15634.5,4076.570068359375,3.5290000438690186,-0.17400002479553223,-0.005849998410326518,0.016972924535437972,-0.0008676332180498347
2022-12-02,85.56999969482422,15355.5,4071.699951171875,3.50600004196167,-0.023000001907348633,-0.017845150148709576,-0.015078241252386881,-0.001194660488065602
2022-12-05,82.68000030517578,15421.0,3998.840087890625,3.5989999771118164,0.09299993515014648,0.004265572596138245,-0.03377351174424792,-0.017894212283564803
2022-12-06,79.3499984741211,15520.2998046875,3941.260009765625,3.513000011444092,-0.08599996566772461,0.006439258458433406,-0.04027578397149845,-0.014399194981406072
2022-12-07,77.16999816894531,15623.0,3933.919921875,3.4079999923706055,-0.10500001907348633,0.006617152800197923,-0.027473224286031384,-0.0018623708845491027
2022-12-08,76.1500015258789,15596.0,3963.510009765625,3.490999937057495,0.08299994468688965,-0.0017282212123151952,-0.013217528408298818,0.00752178195750397
2022-12-09,76.0999984741211,15590.0,3934.3798828125,3.566999912261963,0.07599997520446777,-0.00038471402923823117,-0.0006566388805759882,-0.007349578247904498
2022-12-12,77.98999786376953,15582.0,3990.56005859375,3.6110000610351562,0.04400014877319336,-0.0005131494547786497,0.024835734921744512,0.014279296218109305
2022-12-13,80.68000030517578,15676.2998046875,4019.64990234375,3.500999927520752,-0.1100001335144043,0.006051842169650934,0.03449163373622688,0.0072896644387934195
2022-12-14,82.69999694824219,15554.7001953125,3995.320068359375,3.503000020980835,0.002000093460083008,-0.007756907617870401,0.025037142233833354,-0.006052724634100337
2022-12-15,81.20999908447266,15481.0,3895.75,3.450000047683716,-0.05299997329711914,-0.004738130236332627,-0.018016903491569036,-0.024921675023714007
2022-12-16,79.04000091552734,15626.0,3852.360107421875,3.4820001125335693,0.032000064849853516,0.009366320005167683,-0.026720824940388632,-0.011137750774080746
2022-12-19,79.80000305175781,15615.900390625,3817.659912109375,3.5810000896453857,0.0989999771118164,-0.0006463336346473891,0.0096154115312157,-0.009007516001852345
2022-12-20,79.98999786376953,15567.5,3821.6201171875,3.684000015258789,0.10299992561340332,-0.00309943003056401,0.002380887277516619,0.0010373383615349674
2022-12-21,82.19999694824219,15556.0,3878.43994140625,3.684000015258789,0.0,-0.0007387184840211836,0.027628442849023438,0.014867993802734736
2022-12-22,80.9800033569336,15513.0,3822.389892578125,3.6689999103546143,-0.015000104904174805,-0.0027642067369503254,-0.014841771734818598,-0.01445169956861636
2022-12-23,83.91999816894531,15563.0,3844.820068359375,3.750999927520752,0.0820000171661377,0.0032231032037646212,0.03630519498811546,0.005868102525282026
2022-12-26,,15565.900390625,,,,0.00018636449431341795,,
2022-12-27,84.33000183105469,15607.0,3829.25,3.859999895095825,,0.002640361838609273,,
2022-12-28,83.26000213623047,15617.5,3783.219970703125,3.88700008392334,0.02700018882751465,0.0006727750368424879,-0.012688244653045744,-0.012020638322615351
2022-12-29,82.26000213623047,15789.0,3849.280029296875,3.8350000381469727,-0.05200004577636719,0.010981271010084948,-0.012010568992825599,0.01746133164481911
2022-12-30,85.91000366210938,15620.0,3839.5,3.878999948501587,0.04399991035461426,-0.010703654442966615,0.044371522381365214,-0.0025407424823445934
2023-01-02,,15508.7998046875,,,,-0.007119090608994849,,
2023-01-03,82.0999984741211,15550.0,3824.139892578125,3.7929999828338623,,0.0026565689048385632,,
2023-01-04,77.83999633789062,15571.7998046875,3852.969970703125,3.7090001106262207,-0.0839998722076416,0.0014019167001608768,-0.05188796851894306,0.007538970575044379
2023-01-05,78.69000244140625,15560.0,3808.10009765625,3.7200000286102295,0.010999917984008789,-0.0007577675564482966,0.010919914484911919,-0.011645528874622113
2023-01-06,78.56999969482422,15620.0,3895.080078125,3.569000005722046,-0.1510000228881836,0.003856041131105492,-0.0015250062632974348,0.02284078102943865
2023-01-09,79.6500015258789,15602.2998046875,3892.090087890625,3.5169999599456787,-0.05200004577636719,-0.0011331751160371661,0.013745727825500209,-0.0007676325452631305
2023-01-10,80.0999984741211,15580.0,3919.25,3.621000051498413,0.10400009155273438,-0.001429263952536064,0.00564967909129277,0.006978233159061986
2023-01-11,82.66999816894531,15528.900390625,3969.610107421875,3.553999900817871,-0.06700015068054199,-0.003279820884146356,0.03208489068391862,0.012849424614881588
2023-01-12,84.02999877929688,15414.0,3983.169921875,3.4489998817443848,-0.10500001907348633,-0.00739913243917556,0.01645095730584445,0.0034159058663651987
2023-01-13,85.27999877929688,15172.0,3999.090087890625,3.510999917984009,0.06200003623962402,-0.01570001297521728,0.014875639868603407,0.003996858363534361
2023-01-16,,15114.7998046875,,,,-0.0037701156942064884,,
2023-01-17,85.91999816894531,15082.0,3990.969970703125,3.5350000858306885,,-0.0021700455918263195,,
2023-01-18,84.9800033569336,15162.0,3928.860107421875,3.375,-0.16000008583068848,0.005304336294920997,-0.010940349534963922,-0.015562598500411085
2023-01-19,86.16000366210938,15096.0,3898.85009765625,3.3970000743865967,0.02200007438659668,-0.004352987732489155,0.013885623188546248,-0.007638350296294338
2023-01-20,87.62999725341797,15141.0,3972.610107421875,3.4839999675750732,0.08699989318847656,0.002980922098569261,0.017061206230601034,0.018918401045981525
2023-01-23,88.19000244140625,15055.900390625,4019.81005859375,3.5250000953674316,0.0410001277923584,-0.005620474828280875,0.006390564938268728,0.01188134498366522
2023-01-24,86.12999725341797,15007.0,4016.949951171875,3.4690001010894775,-0.0559999942779541,-0.0032479220343042403,-0.02335871562490266,-0.0007115031258156934
2023-01-25,86.12000274658203,14955.5,4016.219970703125,3.4619998931884766,-0.0070002079010009766,-0.003431731858466014,-0.0001160397904870214,-0.0001817250594663422
2023-01-26,87.47000122070312,14938.7001953125,4060.429931640625,3.493000030517578,0.031000137329101562,-0.0011233194936645097,0.015675782989622356,0.011007853469181317
2023-01-27,86.66000366210938,14942.5,4070.56005859375,3.5179998874664307,0.02499985694885254,0.00025435979287480315,-0.009260289782664799,0.002494840970949097
2023-01-30,84.9000015258789,14970.400390625,4017.77001953125,3.5510001182556152,0.03300023078918457,0.001867183578718512,-0.020309278350515436,-0.012968740984683369
2023-01-31,84.48999786376953,14995.0,4076.60009765625,3.5290000438690186,-0.02200007438659668,0.0016432165294928414,-0.004829253883869455,0.014642470285510134
2023-02-01,82.83999633789062,14990.7001953125,4119.2099609375,3.3970000743865967,-0.13199996948242188,-0.00028674922890958854,-0.01952895688954026,0.010452303944590291
2023-02-02,82.16999816894531,14855.0,4179.759765625,3.3959999084472656,-0.0010001659393310547,-0.009052291990665817,-0.008087858505117507,0.014699373244309921
2023-02-03,79.94000244140625,14881.0,4136.47998046875,3.5320000648498535,0.1360001564025879,0.0017502524402557285,-0.027138807073526894,-0.010354610691310495
2023-02-06,80.98999786376953,15078.7998046875,4111.080078125,3.634000062942505,0.10199999809265137,0.013292104340266064,0.013134793473804196,-0.006140463017754394
2023-02-07,83.69000244140625,15200.0,4164.0,3.6740000247955322,0.039999961853027344,0.008037787946148178,0.03333750646812339,0.01287251059802652
2023-02-08,85.08999633789062,15147.0,4117.85986328125,3.6530001163482666,-0.020999908447265625,-0.003486842105263177,0.01672832901952126,-0.011080724476164705
2023-02-09,84.5,15117.0,4081.5,3.683000087738037,0.029999971389770508,-0.0019805902158843702,-0.006933792023538943,-0.00882979617773516
2023-02-10,86.38999938964844,15140.0,4090.4599609375,3.74399995803833,0.06099987030029297,0.0015214658993185637,0.02236685668222993,0.0021952617756952897
2023-02-13,86.61000061035156,15182.2001953125,4137.2900390625,3.7170000076293945,-0.026999950408935547,0.002787331262384507,0.002546605188765483,0.011448609342766147
2023-02-14,85.58000183105469,15211.0,4136.1298828125,3.760999917984009,0.04399991035461426,0.0018969453911161782,-0.011892377000789156,-0.0002804145319874607
2023-02-15,85.37999725341797,15179.0,4147.60009765625,3.809000015258789,0.04800009727478027,-0.0021037407139570252,-0.0023370480644713254,0.002773175690496066
2023-02-16,85.13999938964844,15210.0,4090.409912109375,3.8429999351501465,0.03399991989135742,0.0020422952763685664,-0.0028109378249004946,-0.013788741489130674
2023-02-17,83.0,15142.0,4079.090087890625,3.828000068664551,-0.014999866485595703,-0.004470742932281446,-0.02513506465808857,-0.002767405825327751
2023-02-20,,15159.0,,,,0.001122705058776985,,
2023-02-21,83.05000305175781,15162.5,3997.340087890625,3.9549999237060547,,0.00023088594234454973,,
2023-02-22,80.5999984741211,15233.0,3991.050048828125,3.9230000972747803,-0.031999826431274414,0.0046496290189612655,-0.029500355058504235,-0.0015735561458868341
2023-02-23,82.20999908447266,15192.0,4012.320068359375,3.878999948501587,-0.04400014877319336,-0.002691524978664761,0.01997519405497883,0.005329429416074394
2023-02-24,83.16000366210938,15210.0,3970.0400390625,3.9489998817443848,0.06999993324279785,0.0011848341232227888,0.01155582761484486,-0.010537551485558128
2023-02-27,82.44999694824219,15257.7001953125,3982.239990234375,3.921999931335449,-0.026999950408935547,0.003136107515614661,-0.008537838896112149,0.0030730045671669703
2023-02-28,83.88999938964844,15209.0,3970.14990234375,3.9159998893737793,-0.006000041961669922,-0.003191843769971392,0.017465160639244193,-0.0030360018281855305
2023-03-01,84.30999755859375,15240.0,3951.389892578125,3.99399995803833,0.07800006866455078,0.002038266815701295,0.005006534414126351,-0.004725264845680033
2023-03-02,84.75,15243.0,3981.35009765625,4.072999954223633,0.07899999618530273,0.00019685039370087587,0.005218864359478381,0.0075821940867943916
2023-03-03,85.83000183105469,15322.0,4045.639892578125,3.9639999866485596,-0.10899996757507324,0.005182706816243554,0.01274338443722356,0.0161477371607488
2023-03-06,86.18000030517578,15255.099609375,4048.419921875,3.9830000400543213,0.01900005340576172,-0.004366296216225085,0.004077810400261006,0.0006871667698291617
2023-03-07,83.29000091552734,15352.0,3986.3701171875,3.9749999046325684,-0.00800013542175293,0.006351999862750812,-0.0335344555513406,-0.015326919115337678
2023-03-08,82.66000366210938,15437.0,3992.010009765625,3.9760000705718994,0.0010001659393310547,0.005536737884314746,-0.0075639001860128285,0.0014147940136839399
2023-03-09,81.58999633789062,15450.0,3918.320068359375,3.924999952316284,-0.051000118255615234,0.0008421325387057976,-0.012944680338905279,-0.01845935787384867
2023-03-10,82.77999877929688,15489.0,3861.590087890625,3.694999933242798,-0.23000001907348633,0.0025242718446600865,0.014585151303084576,-0.01447813845705137
2023-03-13,80.7699966430664,15472.599609375,3855.760009765625,3.515000104904175,-0.17999982833862305,-0.0010588411533991593,-0.02428125351377952,-0.001509761003189447
2023-03-14,77.44999694824219,15409.0,3919.2900390625,3.638000011444092,0.12299990653991699,-0.004110466953236802,-0.04110436836460141,0.016476655480623936
2023-03-15,73.69000244140625,15372.0,3891.929931640625,3.492000102996826,-0.14599990844726562,-0.0024011941073398546,-0.04854738095533617,-0.00698088356543769
2023-03-16,74.69999694824219,15479.0,3960.280029296875,3.5850000381469727,0.09299993515014648,0.006960707780379938,0.013705990953644331,0.017562006217166637
2023-03-17,72.97000122070312,15422.0,3916.639892578125,3.3949999809265137,-0.19000005722045898,-0.0036824084243167743,-0.02315924763340671,-0.011019457310067593
2023-03-20,73.79000091552734,15368.5,3951.570068359375,3.4809999465942383,0.08599996566772461,-0.0034690701595123663,0.011237490490702662,0.008918403718310097
2023-03-21,75.31999969482422,15340.0,4002.8701171875,3.6059999465942383,0.125,-0.0018544425285486055,0.020734500072013384,0.012982193897784988
2023-03-22,76.69000244140625,15294.0,3936.969970703125,3.5,-0.10599994659423828,-0.0029986962190352573,0.018189096549826145,-0.01646322377571363
2023-03-23,75.91000366210938,15251.0,3948.719970703125,3.4059998989105225,-0.09400010108947754,-0.0028115600889238035,-0.01017080133610404,0.0029845287333754023
2023-03-24,74.98999786376953,15047.0,3970.989990234375,3.380000114440918,-0.025999784469604492,-0.013376172054291535,-0.01211969113366107,0.005639807253104534
2023-03-27,78.12000274658203,15148.0,3977.530029296875,3.5280001163482666,0.14800000190734863,0.006712301455439551,0.041738964821663505,0.0016469543057482383
2023-03-28,78.6500015258789,15107.5,3971.27001953125,3.563999891281128,0.03599977493286133,-0.0026736202799049202,0.006784418339258913,-0.0015738434957162095
2023-03-29,78.27999877929688,15061.0,4027.81005859375,3.565999984741211,0.002000093460083008,-0.003077941419824537,-0.00470442135287541,0.014237268879836451
2023-03-30,79.2699966430664,15031.5,4050.830078125,3.5510001182556152,-0.014999866485595703,-0.001958701281455366,0.012646881441078506,0.005715269388667954
2023-03-31,79.7699966430664,15020.0,4109.31005859375,3.49399995803833,-0.057000160217285156,-0.0007650600405814112,0.006307556719743257,0.014436542471763847
2023-04-03,84.93000030517578,14988.0,4124.509765625,3.430000066757202,-0.06399989128112793,-0.0021304926764313947,0.06468602080050201,0.0036988464765423945
2023-04-04,84.94000244140625,14915.0,4100.60009765625,3.3369998931884766,-0.09300017356872559,-0.004870563117160387,0.00011776917690475841,-0.005796972083329965
2023-04-05,84.98999786376953,14958.0,4090.3798828125,3.2869999408721924,-0.04999995231628418,0.0028830036875628906,0.000588596902828753,-0.002492370531228194
2023-04-06,85.12000274658203,14956.0,4105.02001953125,3.2880001068115234,0.0010001659393310547,-0.00013370771493514955,0.0015296492067322642,0.0035791630944272956
2023-04-07,,14932.0,,,,-0.0016047071409467373,,
2023-04-10,84.18000030517578,14906.0,4109.10986328125,3.4149999618530273,,-0.001741226895258463,,
2023-04-11,85.61000061035156,14955.0,4108.93994140625,3.434000015258789,0.01900005340576172,0.0032872668724004406,0.016987411499069127,-4.1352477946232646e-05
2023-04-12,87.33000183105469,14913.0,4091.949951171875,3.4210000038146973,-0.013000011444091797,-0.0028084252758274753,0.02009112496718224,-0.004134884052006904
2023-04-13,86.08999633789062,14823.5,4146.22021484375,3.4519999027252197,0.03099989891052246,-0.006001475222959796,-0.014199077833101703,0.01326268999363811
2023-04-14,86.30999755859375,14720.0,4137.64013671875,3.5220000743865967,0.07000017166137695,-0.006982156710628407,0.002555479498914659,-0.0020693734728036706
2023-04-17,84.76000213623047,14693.0,4151.31982421875,3.5910000801086426,0.0690000057220459,-0.0018342391304347894,-0.017958469078985018,0.00330615690296554
2023-04-18,84.7699966430664,14860.0,4154.8701171875,3.572000026702881,-0.01900005340576172,0.011365956577962244,0.0001179153679098377,0.0008552202959737354
2023-04-19,83.12000274658203,14890.0,4154.52001953125,3.6019999980926514,0.029999971389770508,0.0020188425302827273,-0.01946436194201895,-8.42619976980652e-05
2023-04-20,81.0999984741211,15006.0,4129.7900390625,3.5450000762939453,-0.056999921798706055,0.007790463398253955,-0.02430226426507187,-0.00595254815297297
2023-04-21,81.66000366210938,14946.0,4133.52001953125,3.569999933242798,0.02499985694885254,-0.003998400639744104,0.006905119587233832,0.0009031888869577287
2023-04-24,82.7300033569336,14838.0,4137.0400390625,3.515000104904175,-0.05499982833862305,-0.0072260136491368865,0.013103106133225628,0.0008515791660903549
2023-04-25,80.7699966430664,14945.0,4071.6298828125,3.3959999084472656,-0.11900019645690918,0.007211214449386771,-0.02369160684559457,-0.015810858882773227
2023-04-26,77.69000244140625,14935.0,4055.989990234375,3.431999921798706,0.03600001335144043,-0.0006691201070592179,-0.038132899958769007,-0.003841187197329843
2023-04-27,78.37000274658203,14841.5,4135.35009765625,3.5280001163482666,0.09600019454956055,-0.006260462002008693,0.008752738882826572,0.01956614972249704
2023-04-28,79.54000091552734,14684.0,4169.47998046875,3.4519999027252197,-0.07600021362304688,-0.010612134892025726,0.01492915819753926,0.008253202753460531
2023-05-01,79.30999755859375,14663.0,4167.8701171875,3.5739998817443848,0.12199997901916504,-0.0014301280305093478,-0.0028916690254738864,-0.0003861064902076494
2023-05-02,75.31999969482422,14671.5,4119.580078125,3.438999891281128,-0.13499999046325684,0.0005796903771397854,-0.05030888900005004,-0.011586262936400304
2023-05-03,72.33000183105469,14752.5,4090.75,3.4030001163482666,-0.03599977493286133,0.005520907882629489,-0.0396972633548085,-0.006998305064656485
2023-05-04,72.5,14680.5,4061.219970703125,3.3510000705718994,-0.05200004577636719,-0.004880528723945066,0.0023503133505013984,-0.007218732334382416
2023-05-05,75.30000305175781,14700.0,4136.25,3.446000099182129,0.09500002861022949,0.001328292633084649,0.03862073174838354,0.018474751389515376
2023-05-08,77.01000213623047,14668.0,4138.1201171875,3.5209999084472656,0.07499980926513672,-0.002176870748299309,0.02270915026785958,0.0004521286642489297
2023-05-09,77.44000244140625,14750.0,4119.169921875,3.5209999084472656,0.0,0.005590400872647949,0.005583694237731862,-0.004579421277258522
2023-05-10,76.41000366210938,14767.0,4137.64013671875,3.438999891281128,-0.0820000171661377,0.0011525423728813156,-0.013300603652178444,0.004483965263404999
2023-05-11,74.9800033569336,14691.0,4130.6201171875,3.3970000743865967,-0.04199981689453125,-0.005146610685988984,-0.01871483099908422,-0.0016966239932159066
2023-05-12,74.16999816894531,14770.5,4124.080078125,3.4630000591278076,0.06599998474121094,0.005411476414131089,-0.010802949476173662,-0.0015833068345566526
2023-05-15,75.2300033569336,14743.0,4136.27978515625,3.507999897003174,0.04499983787536621,-0.0018618191665820127,0.014291562817269954,0.0029581644391338813
2023-05-16,74.91000366210938,14795.0,4109.89990234375,3.5490000247955322,0.0410001277923584,0.0035270976056434034,-0.004253617978799751,-0.006377683373153031
2023-05-17,76.95999908447266,14885.0,4158.77001953125,3.5810000896453857,0.032000064849853516,0.006083136194660277,0.027366110294294366,0.011890829058788244
2023-05-18,75.86000061035156,14876.5,4198.0498046875,3.6480000019073486,0.06699991226196289,-0.0005710446758481202,-0.014293119636263452,0.009445048649426635
2023-05-19,75.58000183105469,14916.0,4191.97998046875,3.691999912261963,0.04399991035461426,0.0026551944341746125,-0.003690993633589157,-0.0014458676054706077
2023-05-22,75.98999786376953,14918.0,4192.6298828125,3.7190001010894775,0.02700018882751465,0.00013408420488070227,0.005424662910584743,0.0001550346964389604
2023-05-23,76.83999633789062,14886.0,4145.580078125,3.697999954223633,-0.021000146865844727,-0.0021450596594717597,0.011185662561077114,-0.011222026747550129
2023-05-24,78.36000061035156,14895.0,4115.240234375,3.7190001010894775,0.021000146865844727,0.0006045949214026347,0.019781420417785744,-0.007318600335353365
2023-05-25,76.26000213623047,14945.900390625,4151.27978515625,3.813999891281128,0.09499979019165039,0.00341728033736155,-0.026799367761154436,0.008757581265902425
2023-05-26,76.94999694824219,14970.0,4205.4501953125,3.809999942779541,-0.003999948501586914,0.0016124561749466526,0.009047925422020153,0.01304908677799732
2023-05-29,,14948.0,,,,-0.0014696058784234856,,
2023-05-30,73.54000091552734,14960.0,4205.52001953125,3.700000047683716,,0.0008027829810008935,,
2023-05-31,72.66000366210938,14979.0,4179.830078125,3.63700008392334,-0.06299996376037598,0.001270053475935784,-0.011966239359022968,-0.006108624209833935
2023-06-01,74.27999877929688,14984.0,4221.02001953125,3.6080000400543213,-0.029000043869018555,0.0003338006542492611,0.0222955551271502,0.009854453563032717
2023-06-02,76.12999725341797,14907.0,4282.3701171875,3.690999984741211,0.08299994468688965,-0.005138814735718089,0.02490574184872929,0.014534424705965554
2023-06-05,76.70999908447266,14983.0,4273.7900390625,3.693000078201294,0.002000093460083008,0.005098275977728495,0.007618571548400288,-0.0020035816359177394
2023-06-06,76.29000091552734,14849.5,4283.85009765625,3.6989998817443848,0.00599980354309082,-0.008910098111192699,-0.005475142405917843,0.0023538963079141606
2023-06-07,76.94999694824219,14872.0,4267.52001953125,3.7839999198913574,0.08500003814697266,0.0015152025320717133,0.008651147264313597,-0.0038120096998572883
2023-06-08,75.95999908447266,14889.0,4293.93017578125,3.7139999866485596,-0.06999993324279785,0.0011430876815492486,-0.012865469824975051,0.0061886426142414575
2023-06-09,74.79000091552734,14836.0,4298.85986328125,3.744999885559082,0.03099989891052246,-0.0035596749277990725,-0.015402819682030167,0.001148059539441082
2023-06-12,71.83999633789062,14833.0,4338.93017578125,3.765000104904175,0.020000219345092773,-0.0002022108385009158,-0.03944383662956019,0.009321148810237156
2023-06-13,74.29000091552734,14871.5,4369.009765625,3.8389999866485596,0.07399988174438477,0.0025955639452572843,0.03410362893273855,0.006932489951473775
2023-06-14,73.19999694824219,14869.0,4372.58984375,3.7960000038146973,-0.042999982833862305,-0.000168106781427535,-0.014672283670107422,0.0008194255259321714
2023-06-15,75.66999816894531,14909.0,4425.83984375,3.7279999256134033,-0.06800007820129395,0.0026901607371041525,0.033743187481955816,0.01217813742034668
2023-06-16,76.61000061035156,14897.0,4409.58984375,3.7690000534057617,0.0410001277923584,-0.0008048829566034144,0.012422392812902583,-0.0036716195284263176
2023-06-19,,14928.0,,,,0.002080955897160397,,
2023-06-20,75.9000015258789,15008.0,4388.7099609375,3.7290000915527344,,0.005359056806002238,,
2023-06-21,77.12000274658203,15016.0,4365.68994140625,3.7230000495910645,-0.006000041961669922,0.0005330490405117683,0.016073797051073146,-0.005245281583003636
2023-06-22,74.13999938964844,14943.0,4381.89013671875,3.7990000247955322,0.07599997520446777,-0.004861481086840702,-0.038641120990697386,0.003710798414438443
2023-06-23,73.8499984741211,14935.0,4348.330078125,3.739000082015991,-0.059999942779541016,-0.0005353677307100568,-0.003911531129144219,-0.007658808766684566
2023-06-26,74.18000030517578,14987.0,4328.81982421875,3.7190001010894775,-0.019999980926513672,0.0034817542684968394,0.004468542151295107,-0.004486838293256468
2023-06-27,72.26000213623047,15039.0,4378.41015625,3.7679998874664307,0.048999786376953125,0.003469673717221511,-0.025882962537698284,0.011455854954693034
2023-06-28,74.02999877929688,14982.5,4376.85986328125,3.7100000381469727,-0.05799984931945801,-0.0037568987299687606,0.024494832420977053,-0.00035407668843834283
2023-06-29,74.33999633789062,14981.0,4396.43994140625,3.8540000915527344,0.14400005340576172,-0.00010011680293675607,0.004187458647918252,0.004473544672805918
2023-06-30,74.9000015258789,15064.0,4450.3798828125,3.819000005722046,-0.03500008583068848,0.005540351111407826,0.007533026843893564,0.012269004495714109
2023-07-03,74.6500015258789,14986.0,4455.58984375,3.8580000400543213,0.03900003433227539,-0.005177907594264508,-0.0033377836436174757,0.0011706778016009611
2023-07-04,,15056.0,,,,0.004671026291205083,,
2023-07-05,76.6500015258789,15010.0,4446.81982421875,3.944999933242798,,-0.0030552603613177576,,
2023-07-06,76.5199966430664,15077.0,4411.58984375,4.040999889373779,0.09599995613098145,0.004463690872751558,-0.0016960845430460392,-0.007922511336500904
2023-07-07,78.47000122070312,15189.2998046875,4398.9501953125,4.050000190734863,0.009000301361083984,0.007448418431219794,0.025483594657389697,-0.0028651005386203243
2023-07-10,77.69000244140625,15128.0,4409.52978515625,4.00600004196167,-0.04400014877319336,-0.0040357228756905394,-0.00994008878760011,0.002405026057131332
2023-07-11,79.4000015258789,15216.0,4439.259765625,3.9800000190734863,-0.026000022888183594,0.005817028027498727,0.022010542292907553,0.0067422110558885695
2023-07-12,80.11000061035156,15156.7998046875,4472.16015625,3.8610000610351562,-0.11899995803833008,-0.003890654266068605,0.00894205378876789,0.007411233485312474
2023-07-13,81.36000061035156,14928.0,4510.0400390625,3.760999917984009,-0.10000014305114746,-0.015095521985897031,0.015603545006570352,0.008470153458069118
2023-07-14,79.87000274658203,14954.0,4505.419921875,3.819000005722046,0.05800008773803711,0.001741693461950744,-0.0183136412560444,-0.0010244071333035398
2023-07-17,78.5,14951.0,4522.7900390625,3.796999931335449,-0.02200007438659668,-0.0002006152200080269,-0.01715290721760565,0.0038553825145495324
2023-07-18,79.62999725341797,14982.5,4554.97998046875,3.7890000343322754,-0.007999897003173828,0.002106882482777017,0.01439486947029267,0.007117275205842377
2023-07-19,79.45999908447266,14986.0,4565.72021484375,3.742000102996826,-0.04699993133544922,0.00023360587351906048,-0.002134850870386229,0.002357910335732072
2023-07-20,79.63999938964844,14992.0,4534.8701171875,3.8540000915527344,0.1119999885559082,0.00040037368210321667,0.0022652945790300194,-0.006756896218903741
2023-07-21,81.06999969482422,15051.5,4536.33984375,3.8369998931884766,-0.017000198364257812,0.003968783351120608,0.017955805074524545,0.0003240945218980773
2023-07-24,82.73999786376953,15018.0,4554.64013671875,3.8570001125335693,0.020000219345092773,-0.0022256917915157715,0.020599459420646005,0.004034153877153557
2023-07-25,83.63999938964844,15021.5,4567.4599609375,3.9119999408721924,0.05499982833862305,0.00023305366893056068,0.0108774661483646,0.002814673351556163
2023-07-26,82.91999816894531,15032.0,4566.75,3.8510000705718994,-0.06099987030029297,0.0006989981027194503,-0.008608336034878539,-0.00015543889679858758
2023-07-27,84.23999786376953,15007.0,4537.41015625,4.01200008392334,0.16100001335144043,-0.0016631186801490117,0.0159189547029992,-0.006424666064487883
2023-07-28,84.98999786376953,15095.0,4582.22998046875,3.9690001010894775,-0.042999982833862305,0.00586393016592246,0.008903134128907197,0.009877842794752345
2023-07-31,85.55999755859375,15088.0,4588.9599609375,3.9590001106262207,-0.009999990463256836,-0.00046372971182506717,0.006706667950949541,0.0014687129405193122
2023-08-01,84.91000366210938,15104.0,4576.72998046875,4.051000118255615,0.09200000762939453,0.0010604453870626251,-0.007596936828326184,-0.002665087639215691
2023-08-02,83.19999694824219,15131.0,4513.39013671875,4.078000068664551,0.026999950408935547,0.0017876059322032845,-0.020139048876643306,-0.013839541336347905
2023-08-03,85.13999938964844,15220.0,4501.89013671875,4.189000129699707,0.11100006103515625,0.005881964179498933,0.023317337891407774,-0.0025479738404268204
2023-08-04,86.23999786376953,15161.0,4478.02978515625,4.059999942779541,-0.12900018692016602,-0.0038764783180026408,0.012919878811448848,-0.005300074155050516
2023-08-07,85.33999633789062,15163.0,4518.43994140625,4.078000068664551,0.018000125885009766,0.00013191741969520443,-0.01043601053075871,0.00902409277936278
2023-08-08,86.16999816894531,15232.0,4499.3798828125,4.026000022888184,-0.05200004577636719,0.004550550682582699,0.009725824545016692,-0.004218283044793103
2023-08-09,87.55000305175781,15207.2001953125,4467.7099609375,4.01200008392334,-0.01399993896484375,-0.0016281384379923658,0.016014911362848716,-0.007038730380597102
2023-08-10,86.4000015258789,15207.0,4468.830078125,4.079999923706055,0.06799983978271484,-1.3164508254615015e-05,-0.013135368198663011,0.00025071394456976925
2023-08-11,86.80999755859375,15259.0,4464.0498046875,4.168000221252441,0.08800029754638672,0.0034194778720326724,0.004745324368912618,-0.0010696923700230787
2023-08-14,86.20999908447266,15317.0,4489.72021484375,4.184000015258789,0.015999794006347656,0.003801035454485957,-0.006911628740873033,0.005750475751703066
2023-08-15,84.88999938964844,15347.0,4437.85986328125,4.2210001945495605,0.037000179290771484,0.0019586080825226837,-0.015311445410535529,-0.011550909428841738
2023-08-16,83.44999694824219,15311.5,4404.330078125,4.257999897003174,0.03699970245361328,-0.0023131556656024177,-0.016963157636467607,-0.007555395210577687
2023-08-17,84.12000274658203,15362.0,4370.35986328125,4.308000087738037,0.05000019073486328,0.0032981745746660796,0.00802882951278483,-0.007712913029036983
2023-08-18,84.80000305175781,15362.5,4369.7099609375,4.250999927520752,-0.057000160217285156,3.254784533268662e-05,0.008083693330637853,-0.00014870682600087726
2023-08-21,84.45999908447266,15278.0,4399.77001953125,4.3420000076293945,0.09100008010864258,-0.005500406834825111,-0.004009480601995241,0.006879188518795987
2023-08-22,84.02999877929688,15318.900390625,4387.5498046875,4.328000068664551,-0.01399993896484375,0.0026770775379629796,-0.005091171084973811,-0.002777466728829614
2023-08-23,83.20999908447266,15317.0,4436.009765625,4.197999954223633,-0.13000011444091797,-0.00012405528964487544,-0.009758416122055746,0.011044879965972587
2023-08-24,83.36000061035156,15294.099609375,4376.31005859375,4.235000133514404,0.037000179290771484,-0.0014950963390351069,0.001802686306084711,-0.013457974663146133
2023-08-25,84.4800033569336,15239.0,4405.7099609375,4.238999843597412,0.0039997100830078125,-0.0036026710157703867,0.01343573342588189,0.006717966037625089
2023-08-28,84.41999816894531,15288.0,4433.31005859375,4.211999893188477,-0.026999950408935547,0.003215434083601254,-0.0007102886553490562,0.006264619755036449
2023-08-29,85.48999786376953,15255.5,4497.6298828125,4.122000217437744,-0.08999967575073242,-0.002125850340136015,0.012674718289887643,0.01450830719454621
2023-08-30,85.86000061035156,15196.5,4514.8701171875,4.118000030517578,-0.004000186920166016,-0.0038674576382288217,0.0043280238136353955,0.003833182103508026
2023-08-31,86.86000061035156,15216.0,4507.66015625,4.0929999351501465,-0.02500009536743164,0.0012831902082717228,0.011646866909984954,-0.0015969365120942491
2023-09-01,88.55000305175781,15231.0,4515.77001953125,4.172999858856201,0.07999992370605469,0.0009858044164037238,0.019456624793125377,0.0017991292600010311
2023-09-04,,15233.0,,,,0.00013131114175046754,,
2023-09-05,90.04000091552734,15227.0,4496.830078125,4.26800012588501,,-0.0003938817041948539,,
2023-09-06,90.5999984741211,15298.0,4465.47998046875,4.289999961853027,0.021999835968017578,0.00466277007946414,0.006219430840733953,-0.006971599351452862
2023-09-07,89.91999816894531,15336.0,4451.14013671875,4.260000228881836,-0.029999732971191406,0.0024839848346189797,-0.007505522258590469,-0.0032112659361860363
2023-09-08,90.6500015258789,15342.0,4457.490234375,4.257999897003174,-0.0020003318786621094,0.00039123630672932563,0.008118364899897257,0.0014266227216406246
2023-09-11,90.63999938964844,15318.0,4487.4599609375,4.288000106811523,0.03000020980834961,-0.0015643332029722234,-0.00011033795986881145,0.006723453106275201
2023-09-12,92.05999755859375,15339.099609375,4461.89990234375,4.263999938964844,-0.024000167846679688,0.0013774389198981662,0.015666352366585423,-0.005695885604828921
2023-09-13,91.87999725341797,15350.2001953125,4467.43994140625,4.249000072479248,-0.014999866485595703,0.000723679108955988,-0.001955249945137294,0.0012416323054647016
2023-09-14,93.69999694824219,15353.0,4505.10009765625,4.288000106811523,0.03900003433227539,0.00018239532070429831,0.019808443069544435,0.00842991886716793
2023-09-15,93.93000030517578,15395.0,4450.31982421875,4.322000026702881,0.03399991989135742,0.0027356217025988894,0.002454678382333819,-0.012159612938677844
2023-09-18,94.43000030517578,15346.0,4453.52978515625,4.318999767303467,-0.0030002593994140625,-0.003182851575186718,0.005323112939162211,0.0007212876971294246
2023-09-19,94.33999633789062,15377.0,4443.9501953125,4.364999771118164,0.046000003814697266,0.002020070376645311,-0.0009531289526027997,-0.002151010615372817
2023-09-20,93.52999877929688,15384.5,4402.2001953125,4.348999977111816,-0.015999794006347656,0.0004877414320088036,-0.008585940110625412,-0.0093947947580596
2023-09-21,93.30000305175781,15361.0,4330.0,4.480000019073486,0.13100004196166992,-0.001527511456335895,-0.0024590583827739376,-0.01640093410321941
2023-09-22,93.2699966430664,15400.5,4320.06005859375,4.438000202178955,-0.04199981689453125,0.0025714471714080034,-0.000321612086923051,-0.002295598477193961
2023-09-25,93.29000091552734,15368.0,4337.43994140625,4.541999816894531,0.10399961471557617,-0.0021103210934709793,0.00021447703635590898,0.0040230650909416354
2023-09-26,93.95999908447266,15405.0,4273.52978515625,4.558000087738037,0.01600027084350586,0.002407600208224947,0.007181886186837794,-0.014734533990868215
2023-09-27,96.55000305175781,15493.0,4274.509765625,4.625999927520752,0.06799983978271484,0.005712431028886744,0.02756496373479811,0.00022931406074522265
2023-09-28,95.37999725341797,15569.0,4299.7001953125,4.5970001220703125,-0.028999805450439453,0.0049054411669786635,-0.012118133209303328,0.005893173970516585
2023-09-29,95.30999755859375,15474.0,4288.0498046875,4.572999954223633,-0.024000167846679688,-0.006101869098850243,-0.000733903300901062,-0.002709582086142026
2023-10-02,90.70999908447266,15448.0,4288.39013671875,4.683000087738037,0.1100001335144043,-0.0016802378182758648,-0.048263546238086374,7.936755559079245e-05
2023-10-03,90.91999816894531,15516.0,4229.4501953125,4.802000045776367,0.11899995803833008,0.004401864319005799,0.0023150599337686817,-0.013744071674259506
2023-10-04,85.80999755859375,15622.0,4263.75,4.735000133514404,-0.06699991226196289,0.006831657643722622,-0.0562032634542764,0.008109754957160709
2023-10-05,84.06999969482422,15591.0,4258.18994140625,4.7170000076293945,-0.018000125885009766,-0.001984381001152169,-0.020277332633431233,-0.001304030159777203
2023-10-06,84.58000183105469,15631.0,4308.5,4.783999919891357,0.06699991226196289,0.002565582707972469,0.006066398692539332,0.011814893014644445
2023-10-09,88.1500015258789,15603.0,4335.66015625,4.796999931335449,0.013000011444091797,-0.0017913121361397,0.042208555421353156,0.00630385429964031
2023-10-10,87.6500015258789,15691.400390625,4358.240234375,4.65500020980835,-0.1419997215270996,0.0056656021678522794,-0.005672149646568148,0.005207990781392224
2023-10-11,85.81999969482422,15718.5,4376.9501953125,4.59499979019165,-0.06000041961669922,0.0017270357457190855,-0.02087851453732581,0.00429300817103373
2023-10-12,86.0,15693.0,4349.60986328125,4.711999893188477,0.11700010299682617,-0.0016222922034545562,0.002097416753855219,-0.00624643434611849
2023-10-13,90.88999938964844,15739.0,4327.77978515625,4.629000186920166,-0.08299970626831055,0.0029312432294654744,0.05686045801916784,-0.005018858888767519
2023-10-16,89.6500015258789,15676.0,4373.6298828125,4.711999893188477,0.08299970626831055,-0.004002795603278431,-0.013642841589794896,0.01059436938392988
2023-10-17,89.9000015258789,15675.0,4373.2001953125,4.8470001220703125,0.13500022888183594,-6.37917836182611e-05,0.0027886223730608783,-9.824505308242415e-05
2023-10-18,91.5,15728.2001953125,4314.60009765625,4.9039998054504395,0.05699968338012695,0.003393951854066879,0.01779753556133712,-0.013399820506516447
2023-10-19,92.37999725341797,15807.0,4278.0,4.98799991607666,0.0840001106262207,0.005010096750357018,0.0096174563215079,-0.008482848196321058
2023-10-20,92.16000366210938,15856.0,4224.16015625,4.923999786376953,-0.06400012969970703,0.0030998924527108063,-0.0023813985478382538,-0.012585283719027562
2023-10-23,89.83000183105469,15868.0,4217.0400390625,4.8379998207092285,-0.08599996566772461,0.0007568113017153433,-0.0252821369191486,-0.0016855698941634634
2023-10-24,88.06999969482422,15874.0,4247.68017578125,4.840000152587891,0.0020003318786621094,0.0003781194857574999,-0.019592587112939652,0.007265792222727274
2023-10-25,90.12999725341797,15868.0,4186.77001953125,4.953000068664551,0.11299991607666016,-0.0003779765654529088,0.02339045720145294,-0.014339628627712542
2023-10-26,87.93000030517578,15877.5,4137.22998046875,4.84499979019165,-0.10800027847290039,0.0005986891857827636,-0.024409153614600387,-0.011832519778109618
2023-10-27,90.4800033569336,15920.0,4117.3701171875,4.84499979019165,0.0,0.0026767438198709304,0.029000375786507382,-0.004800280229768528
2023-10-30,87.44999694824219,15903.5,4166.81982421875,4.875,0.03000020980834961,-0.0010364321608040683,-0.033488133247943974,0.012010022325859904
2023-10-31,87.41000366210938,15843.0,4193.7998046875,4.875,0.0,-0.00380419404533594,-0.0004573274731671795,0.006474957307233353
2023-11-01,84.62999725341797,15748.7001953125,4237.85986328125,4.789000034332275,-0.08599996566772461,-0.005952143198100113,-0.031804213387723324,0.010505999486313922
2023-11-02,86.8499984741211,15900.0,4317.77978515625,4.669000148773193,-0.11999988555908203,0.009607129655851532,0.02623184795877398,0.01885855702012762
2023-11-03,84.88999938964844,15838.0,4358.33984375,4.558000087738037,-0.11100006103515625,-0.003899371069182367,-0.0225676352205888,0.009393730253031363
2023-11-06,85.18000030517578,15582.099609375,4365.97998046875,4.6620001792907715,0.10400009155273438,-0.016157367762659414,0.0034161964614491946,0.0017529924220356374
2023-11-07,81.61000061035156,15570.0,4378.3798828125,4.571000099182129,-0.09100008010864258,-0.000776506997023696,-0.04191124303867011,0.0028401189192852616
2023-11-08,79.54000091552734,15643.599609375,4382.77978515625,4.5229997634887695,-0.048000335693359375,0.004727014089595416,-0.025364534730338617,0.0010049156221052513
2023-11-09,80.01000213623047,15616.0,4347.35009765625,4.630000114440918,0.10700035095214844,-0.0017642748513239104,0.005908991894559845,-0.008083839306732843
2023-11-10,81.43000030517578,15713.7001953125,4415.240234375,4.627999782562256,-0.0020003318786621094,0.006256416195728809,0.017747758168129124,0.015616441094852496
2023-11-13,82.5199966430664,15683.0,4411.5498046875,4.631999969482422,0.004000186920166016,-0.0019537215888628667,0.013385685052261342,-0.0008358389332403515
2023-11-14,82.47000122070312,15667.0,4495.7001953125,4.440999984741211,-0.19099998474121094,-0.0010202129694574236,-0.0006058582694753456,0.019075017703661823
2023-11-15,81.18000030517578,15281.0,4502.8798828125,4.534999847412109,0.09399986267089844,-0.024637773664390128,-0.015642062524954925,0.0015970120755575135
2023-11-16,77.41999816894531,15487.7998046875,4508.240234375,4.445000171661377,-0.08999967575073242,0.01353313295514047,-0.04631685294525356,0.0011904273935798848
2023-11-17,80.61000061035156,15475.0,4514.02001953125,4.440999984741211,-0.004000186920166016,-0.0008264443529045762,0.04120385581054986,0.0012820490603360213
2023-11-20,82.31999969482422,15399.400390625,4547.3798828125,4.421999931335449,-0.01900005340576172,-0.004885273626817455,0.0212132374584435,0.007390278097329839
2023-11-21,82.44999694824219,15382.099609375,4538.18994140625,4.418000221252441,-0.0039997100830078125,-0.0011234710970001727,0.0015791697509706104,-0.0020209310950652926
2023-11-22,81.95999908447266,15501.2998046875,4556.6201171875,4.415999889373779,-0.0020003318786621094,0.007749279899335049,-0.005942970065567432,0.00406112922094648
2023-11-23,81.37000274658203,15612.7998046875,,,,0.007192945198458922,-0.007198588878491119,
2023-11-24,80.58000183105469,15495.0,4559.33984375,4.4720001220703125,,-0.007545078791834192,-0.009708748787777721,
2023-11-27,79.9800033569336,15560.0,4550.43017578125,4.388999938964844,-0.08300018310546875,0.004194901581155319,-0.007445997275838501,-0.001954157460090089
2023-11-28,81.68000030517578,15466.5,4554.89013671875,4.335999965667725,-0.05299997329711914,-0.00600899742930594,0.02125527477981537,0.0009801185306033133
2023-11-29,83.0999984741211,15259.0,4550.580078125,4.270999908447266,-0.06500005722045898,-0.01341609284582812,0.017384894265914053,-0.0009462486392383118
2023-11-30,82.83000183105469,15407.0,4567.7998046875,4.3520002365112305,0.08100032806396484,0.009699193918343285,-0.003249057136270439,0.0037840728581564065
2023-12-01,78.87999725341797,15549.2998046875,4594.6298828125,4.22599983215332,-0.12600040435791016,0.009236048853605405,-0.047688089947087065,0.005873742123607695
2023-12-04,78.02999877929688,15437.400390625,4569.77978515625,4.288000106811523,0.062000274658203125,-0.007196427843571884,-0.010775843099871119,-0.005408509126972105
2023-12-05,77.19999694824219,15519.900390625,4567.18017578125,4.171000003814697,-0.11700010299682617,0.005344164037495602,-0.010636958144806585,-0.0005688697261614362
2023-12-06,74.30000305175781,15457.0,4549.33984375,4.120999813079834,-0.05000019073486328,-0.004052886232633002,-0.03756468926324752,-0.003906202808869552
2023-12-07,74.05000305175781,15480.0,4585.58984375,4.129000186920166,0.008000373840332031,0.0014879989648703962,-0.003364737412269614,0.007968189065892917
2023-12-08,75.83999633789062,15500.0,4604.3701171875,4.244999885559082,0.11599969863891602,0.0012919896640826156,0.024172764515373313,0.00409549786994079
2023-12-11,76.02999877929688,15560.2001953125,4622.43994140625,4.238999843597412,-0.006000041961669922,0.0038838835685484074,0.002505306574116073,0.003924494286698943
2023-12-12,73.23999786376953,15647.0,4643.7001953125,4.205999851226807,-0.03299999237060547,0.005578321846633427,-0.03669605366726725,0.00459935752021523
2023-12-13,74.26000213623047,15569.0,4707.08984375,4.0329999923706055,-0.17299985885620117,-0.004984981146545664,0.013926874688857893,0.013650676351045998
2023-12-14,76.61000061035156,15275.0,4719.5498046875,3.930000066757202,-0.10299992561340332,-0.018883679105915596,0.03164554816211829,0.0026470624846992585
2023-12-15,76.55000305175781,15468.0,4719.18994140625,3.927999973297119,-0.002000093460083008,0.012635024549918272,-0.0007831556992005106,-7.62494933082003e-05
2023-12-18,77.94999694824219,15282.7998046875,4740.56005859375,3.9539999961853027,0.026000022888183594,-0.011973118393619031,0.018288619734447176,0.004528344366900416
2023-12-19,79.2300033569336,15454.400390625,4768.3701171875,3.921999931335449,-0.032000064849853516,0.011228347431788466,0.01642086541121124,0.005866407818910568
2023-12-20,79.69999694824219,15455.0,4698.35009765625,3.877000093460083,-0.04499983787536621,3.879861785915928e-05,0.005932015289602521,-0.014684266911006771
2023-12-21,79.38999938964844,15518.0,4746.75,3.8940000534057617,0.01699995994567871,0.004076350695567887,-0.0038895554637858876,0.010301467821202559
2023-12-22,79.06999969482422,15440.0,4754.6298828125,3.9010000228881836,0.006999969482421875,-0.005026420930532294,-0.0040307305363948,0.0016600585268868873
2023-12-25,,15409.2001953125,,,,-0.0019948060030764436,,
2023-12-26,81.06999969482422,15460.0,4774.75,3.885999917984009,,0.003296719105703616,,
2023-12-27,79.6500015258789,15400.0,4781.580078125,3.7890000343322754,-0.0969998836517334,-0.0038809831824062613,-0.0175157046292177,0.0014304577464787638
2023-12-28,78.38999938964844,15373.0,4783.35009765625,3.8499999046325684,0.06099987030029297,-0.0017532467532467289,-0.015819235556713496,0.0003701746080437829
2023-12-29,77.04000091552734,15425.0,4769.830078125,3.865999937057495,0.016000032424926758,0.0033825538281402334,-0.01722156505462813,-0.0028264750133749628
2024-01-01,,15383.099609375,,,,-0.0027163948541328864,,
2024-01-02,75.88999938964844,15383.0,4742.830078125,3.946000099182129,,-6.475247351311886e-06,,
2024-01-03,78.25,15498.0,4704.81005859375,3.9070000648498535,-0.03900003433227539,0.007475784957420517,0.031097649615654976,-0.008016314922730805
2024-01-04,77.58999633789062,15555.0,4688.68017578125,3.990999937057495,0.0839998722076416,0.0036778939217962936,-0.0084345515924521,-0.0034283812973570083
2024-01-05,78.76000213623047,15511.0,4697.240234375,4.041999816894531,0.05099987983703613,-0.002828672452587555,0.01507933823381924,0.0018256861788026324
2024-01-08,76.12000274658203,15477.5,4763.5400390625,4.001999855041504,-0.039999961853027344,-0.0021597575913867573,-0.03351954441395333,0.014114629309846638
2024-01-09,77.58999633789062,15495.5,4756.5,4.019000053405762,0.017000198364257812,0.0011629785172024842,0.019311528353493035,-0.0014779006799081618
2024-01-10,76.80000305175781,15534.5,4783.4501953125,4.03000020980835,0.01100015640258789,0.002516859733471044,-0.01018163839952424,0.00566597189372442
2024-01-11,77.41000366210938,15555.0,4780.240234375,3.9769999980926514,-0.05300021171569824,0.001319643374424695,0.007942715965004066,-0.0006710555783868699
2024-01-12,78.29000091552734,15556.5,4783.830078125,3.950000047683716,-0.026999950408935547,9.643201542908209e-05,0.011368004286101296,0.0007509755941104146
2024-01-15,,15503.2001953125,,,,-0.0034262079958538028,,
2024-01-16,78.29000091552734,15546.0,4765.97998046875,4.065999984741211,,0.002760707734422496,,
2024-01-17,77.87999725341797,15625.0,4739.2099609375,4.105999946594238,0.039999961853027344,0.005081693040010382,-0.005236986298566504,-0.005616897183990499
2024-01-18,79.0999984741211,15624.0,4780.93994140625,4.144000053405762,0.03800010681152344,-6.399999999995298e-05,0.015665142061231707,0.008805260963896
2024-01-19,78.55999755859375,15613.099609375,4839.81005859375,4.145999908447266,0.0019998550415039062,-0.0006976696508576019,-0.0068268132230623335,0.012313502764936146
2024-01-22,80.05999755859375,15601.0,4850.43017578125,4.093999862670898,-0.05200004577636719,-0.0007749652328955525,0.019093686947752708,0.0021943252026270788
2024-01-23,79.55000305175781,15655.5,4864.60009765625,4.142000198364258,0.048000335693359375,0.003493365809883908,-0.006370153914415089,0.002921374261968035
2024-01-24,80.04000091552734,15715.0,4868.5498046875,4.177999973297119,0.03599977493286133,0.0038005812653700843,0.006159620929878873,0.0008119284117831249
2024-01-25,82.43000030517578,15714.5,4894.16015625,4.131999969482422,-0.046000003814697266,-3.1816735602929747e-05,0.029860061997885268,0.005260365527706368
2024-01-26,83.55000305175781,15808.0,4890.97021484375,4.159999847412109,0.0279998779296875,0.00594991886474272,0.013587319452086799,-0.0006517852510764532
2024-01-29,82.4000015258789,15767.599609375,4927.93017578125,4.091000080108643,-0.0689997673034668,-0.002555692726783909,-0.01376423080638911,0.007556774896180896
2024-01-30,82.87000274658203,15828.0,4924.97021484375,4.059000015258789,-0.032000064849853516,0.003830664915482007,0.005703898203879509,-0.0006006499345398986
2024-01-31,81.70999908447266,15785.0,4845.64990234375,3.9670000076293945,-0.09200000762939453,-0.0027167045741723905,-0.013997871650332727,-0.016105744611597972
2024-02-01,78.69999694824219,15769.0,4906.18994140625,3.86299991607666,-0.10400009155273438,-0.0010136205258156616,-0.03683762293423476,0.012493688211609788
2024-02-02,77.33000183105469,15726.0,4958.60986328125,4.0329999923706055,0.1700000762939453,-0.0027268691736952455,-0.0174078166494529,0.01068444607751462
2024-02-05,77.98999786376953,15727.2001953125,4942.81005859375,4.164000034332275,0.13100004196166992,7.631917286654577e-05,0.008534799134710447,-0.0031863375266721894
2024-02-06,78.58999633789062,15711.5,4954.22998046875,4.090000152587891,-0.07399988174438477,-0.0009982829186074849,0.007693274657721627,0.0023104108269635937
2024-02-07,79.20999908447266,15733.0,4995.06005859375,4.110000133514404,0.019999980926513672,0.0013684244025076175,0.00788907972353603,0.008241457963390042
2024-02-08,81.62999725341797,15647.0,4997.91015625,4.170000076293945,0.059999942779541016,-0.005466217504608184,0.03055167525459157,0.0005705832608251526
2024-02-09,82.19000244140625,15660.2998046875,5026.60986328125,4.186999797821045,0.01699972152709961,0.0008499907130758988,0.006860286742994326,0.0057423415255595245
2024-02-12,82.0,15598.0,5021.83984375,4.171999931335449,-0.014999866485595703,-0.003978200000286813,-0.0023117463896135115,-0.0009489536011326738
2024-02-13,82.7699966430664,15579.5,4953.169921875,4.315999984741211,0.14400005340576172,-0.0011860494935248544,0.009390202964224548,-0.013674255653625456
2024-02-14,81.5999984741211,15661.5,5000.6201171875,4.267000198364258,-0.048999786376953125,0.005263326807663837,-0.014135534812098172,0.009579763275017639
2024-02-15,82.86000061035156,15553.099609375,5029.72998046875,4.239999771118164,-0.02700042724609375,-0.006921456477668175,0.015441202938625942,0.005821250684729495
2024-02-16,83.47000122070312,15672.0,5005.56982421875,4.295000076293945,0.05500030517578125,0.007644803518993104,0.007361822421654063,-0.0048034698371121065
2024-02-19,,15628.599609375,,,,-0.002769294960758062,,
2024-02-20,82.33999633789062,15634.0,4975.509765625,4.275000095367432,,0.00034554539497966275,,
2024-02-21,83.02999877929688,15661.0,4981.7998046875,4.324999809265137,0.04999971389770508,0.0017270052449789297,0.00837991829116369,0.001264199922982101
2024-02-22,83.66999816894531,15642.0,5087.02978515625,4.327000141143799,0.0020003318786621094,-0.0012132047761956866,0.007708050091023377,0.02112288421741404
2024-02-23,81.62000274658203,15588.0,5088.7998046875,4.260000228881836,-0.06699991226196289,-0.0034522439585730202,-0.024500961721356296,0.0003479475462115911
2024-02-26,82.52999877929688,15586.099609375,5069.52978515625,4.298999786376953,0.03899955749511719,-0.00012191369162173338,0.011149179148403743,-0.003786751350190576
2024-02-27,83.6500015258789,15638.5,5078.18017578125,4.315000057220459,0.01600027084350586,0.0033619951070684717,0.013570856211656546,0.0017063496993998672
2024-02-28,83.68000030517578,15653.0,5069.759765625,4.27400016784668,-0.0409998893737793,0.0009271989001502501,0.0003586225791949449,-0.001658155060430544
2024-02-29,83.62000274658203,15712.2001953125,5096.27001953125,4.251999855041504,-0.02200031280517578,0.003782035093113034,-0.0007169880302932974,0.005229094697149161
2024-03-01,83.55000305175781,15704.0,5137.080078125,4.179999828338623,-0.07200002670288086,-0.0005218998746557846,-0.0008371166290960241,0.00800782894888763
2024-03-04,82.80000305175781,15691.900390625,5130.9501953125,4.218999862670898,0.03900003433227539,-0.0007704794558711647,-0.008976660354343635,-0.0011932620709189656
2024-03-05,82.04000091552734,15766.0,5078.64990234375,4.13700008392334,-0.0819997787475586,0.004722156496689944,-0.009178769422935829,-0.010193100883444606
2024-03-06,82.95999908447266,15751.5,5104.759765625,4.104000091552734,-0.03299999237060547,-0.0009197006215907466,0.011214019486574411,0.005141103203274655
2024-03-07,82.95999908447266,15668.0,5157.35986328125,4.0920000076293945,-0.012000083923339844,-0.0053010824365933296,0.0,0.010304127925951478
2024-03-08,82.08000183105469,15621.0,5123.68994140625,4.089000225067139,-0.0029997825622558594,-0.0029997447025784663,-0.010607488706960155,-0.0065285190034379825
2024-03-11,82.20999908447266,15536.2998046875,5117.93994140625,4.104000091552734,0.014999866485595703,-0.0054222005833493014,0.0015837871651798174,-0.001122238087346461
2024-03-12,81.91999816894531,15518.0,5175.27001953125,4.15500020980835,0.051000118255615234,-0.0011778740702453883,-0.0035275625685065037,0.011201787981366396
2024-03-13,84.02999877929688,15546.0,5165.31005859375,4.191999912261963,0.03699970245361328,0.0018043562314731254,0.025756843963790965,-0.0019245297153407392
2024-03-14,85.41999816894531,15574.0,5150.47998046875,4.297999858856201,0.10599994659423828,0.0018011063939276095,0.01654170427039081,-0.0028710915621273925
2024-03-15,85.33999633789062,15630.0,5117.08984375,4.303999900817871,0.006000041961669922,0.0035957364838834494,-0.0009365702735846249,-0.006482917484461503
2024-03-18,86.88999938964844,15639.2998046875,5149.419921875,4.340000152587891,0.03600025177001953,0.0005949971009278077,0.018162680082863147,0.006318059504952345
2024-03-19,87.37999725341797,15743.0,5178.509765625,4.296999931335449,-0.043000221252441406,0.006630744125860399,0.0056392895294219425,0.0056491496501236416
2024-03-20,85.94999694824219,15718.0,5224.6201171875,4.2729997634887695,-0.024000167846679688,-0.0015880073683541829,-0.016365304991124208,0.008904173912846591
2024-03-21,85.77999877929688,15687.0,5241.52978515625,4.270999908447266,-0.0019998550415039062,-0.001972261101921391,-0.001977872890998267,0.0032365354015160275
2024-03-22,85.43000030517578,15723.5,5234.18017578125,4.2179999351501465,-0.05299997329711914,0.0023267673870084327,-0.0040801874458124,-0.0014021878490156903
2024-03-25,86.75,15802.599609375,5218.18994140625,4.252999782562256,0.034999847412109375,0.005030661708589124,0.015451243007244209,-0.0030549644525015296
2024-03-26,86.25,15784.0,5203.580078125,4.234000205993652,-0.018999576568603516,-0.0011769968128513275,-0.0057636887608069065,-0.002799795225030266
2024-03-27,86.08999633789062,15828.0,5248.490234375,4.196000099182129,-0.03800010681152344,0.0027876330461227283,-0.0018551149230072728,0.008630626525532925
2024-03-28,87.4800033569336,15877.0,5254.35009765625,4.205999851226807,0.009999752044677734,0.0030957796310335794,0.016145976050311317,0.0011164855071790214
2024-03-29,,15877.0,,,,0.0,,
2024-04-01,87.41999816894531,15848.0,5243.77001953125,4.328999996185303,,-0.0018265415380739336,,
2024-04-02,88.91999816894531,15945.7998046875,5205.81005859375,4.364999771118164,0.03599977493286133,0.00617111336998355,0.017158545314782003,-0.0072390590731691296
2024-04-03,89.3499984741211,15955.0,5211.490234375,4.355000019073486,-0.009999752044677734,0.0005769666887323055,0.004835810998992551,0.001091122364688113
2024-04-04,90.6500015258789,15936.0,5147.2099609375,4.309000015258789,-0.046000003814697266,-0.0011908492635537282,0.014549558746040026,-0.012334336350379616
2024-04-05,91.16999816894531,15904.5,5204.33984375,4.377999782562256,0.0689997673034668,-0.001976656626506035,0.005736311465123878,0.011099194174331695
2024-04-08,90.37999725341797,15881.0,5202.39013671875,4.423999786376953,0.046000003814697266,-0.0014775692414096264,-0.00866514128982876,-0.00037463099831791524
2024-04-09,89.41999816894531,15918.0,5209.91015625,4.366000175476074,-0.057999610900878906,0.0023298280964674234,-0.01062180917953448,0.0014454931932483817
2024-04-10,90.4800033569336,15892.2998046875,5160.64013671875,4.559999942779541,0.1939997673034668,-0.0016145367076579875,0.01185422958727389,-0.009456980649108493
2024-04-11,89.73999786376953,15998.2001953125,5199.06005859375,4.576000213623047,0.01600027084350586,0.006663629048437869,-0.008178663414111775,0.007444797710585593
2024-04-12,90.44999694824219,16007.0,5123.41015625,4.499000072479248,-0.07700014114379883,0.0005500496668418009,0.007911735027567923,-0.01455068829580164
2024-04-15,90.0999984741211,16111.0,5061.81982421875,4.627999782562256,0.1289997100830078,0.006497157493596584,-0.003869524443669947,-0.01202135494776202
2024-04-16,90.0199966430664,16075.0,5051.41015625,4.658999919891357,0.031000137329101562,-0.0022344981689529364,-0.0008879226682525498,-0.0020565070133361507
2024-04-17,87.29000091552734,16312.2001953125,5022.2099609375,4.585000038146973,-0.07399988174438477,0.014755844187402722,-0.030326547759867428,-0.005780602724641426
2024-04-18,87.11000061035156,16246.0,5011.1201171875,4.646999835968018,0.06199979782104492,-0.004058324108327405,-0.002062095352135196,-0.002208160119998248
2024-04-19,87.29000091552734,16220.0,4967.22998046875,4.614999771118164,-0.032000064849853516,-0.0016003939431245007,0.0020663563760139336,-0.00875854812743615
2024-04-22,87.0,16210.2998046875,5010.60009765625,4.623000144958496,0.008000373840332031,-0.0005980391684649033,-0.003322269589709159,0.008731248071466746
2024-04-23,88.41999816894531,16246.0,5070.5498046875,4.5980000495910645,-0.02500009536743164,0.0022023155489188095,0.01632181803385424,0.011964576270872662
2024-04-24,88.0199966430664,16140.2001953125,5071.6298828125,4.6519999504089355,0.053999900817871094,-0.006512360254062544,-0.004523880730178509,0.0002130100613548791
2024-04-25,89.01000213623047,16220.0,5048.419921875,4.705999851226807,0.053999900817871094,0.00494416449126045,0.011247506599877166,-0.004576430353515626
2024-04-26,89.5,16202.0,5099.9599609375,4.669000148773193,-0.03699970245361328,-0.0011097410604192781,0.005504975306253712,0.01020914263474304
2024-04-29,88.4000015258789,16203.0,5116.169921875,4.613999843597412,-0.05500030517578125,6.172077521293673e-05,-0.01229048574436975,0.0031784486665891176
2024-04-30,87.86000061035156,16246.0,5035.68994140625,4.685999870300293,0.07200002670288086,0.002653829537739849,-0.00610860753627096,-0.01573051358686217
2024-05-01,83.44000244140625,16273.0,5018.39013671875,4.59499979019165,-0.09100008010864258,0.0016619475563215413,-0.0503072858893715,-0.0034354388154940185
2024-05-02,83.66999816894531,16190.400390625,5064.2001953125,4.571000099182129,-0.023999691009521484,-0.005075868578319875,0.002756420431561768,0.009128437077573048
2024-05-03,82.95999908447266,16097.0,5127.7900390625,4.5,-0.0710000991821289,-0.005768874664710766,-0.008485706944071358,0.012556739721478527
2024-05-06,83.33000183105469,16077.0,5180.740234375,4.488999843597412,-0.01100015640258789,-0.0012424675405354746,0.004460013870121626,0.01032612390701182
2024-05-07,83.16000366210938,16034.0,5187.7001953125,4.4629998207092285,-0.026000022888183594,-0.0026746283510604707,-0.00204005958490161,0.0013434298232750663
2024-05-08,83.58000183105469,16073.0,5187.669921875,4.492000102996826,0.029000282287597656,0.0024323312959959598,0.005050482809642709,-5.835618166138978e-06
2024-05-09,83.87999725341797,16074.0,5214.080078125,4.448999881744385,-0.043000221252441406,6.221613886636668e-05,0.003589320600514867,0.005090947698625836
2024-05-10,82.79000091552734,16030.0,5222.68017578125,4.504000186920166,0.05500030517578125,-0.002737339803409178,-0.012994711177654605,0.001649398844549843
2024-05-13,83.36000061035156,16038.0,5221.419921875,4.480999946594238,-0.023000240325927734,0.0004990642545228408,0.006884885717126643,-0.00024130405535727206
2024-05-14,82.37999725341797,16121.0,5246.68017578125,4.445000171661377,-0.03599977493286133,0.0051752088789125406,-0.01175627818807734,0.004837813139759728
2024-05-15,82.75,16102.0,5308.14990234375,4.355999946594238,-0.08900022506713867,-0.0011785869362942458,0.0044914148933972164,0.011715927882596233
2024-05-16,83.2699966430664,15914.0,5297.10009765625,4.376999855041504,0.020999908447265625,-0.011675568252391022,0.006283947348234564,-0.0020816677921287052
2024-05-17,83.9800033569336,15930.7998046875,5303.27001953125,4.420000076293945,0.043000221252441406,0.0010556619760901942,0.008526561096316554,0.0011647735102702228
2024-05-20,83.70999908447266,15958.0,5308.1298828125,4.436999797821045,0.01699972152709961,0.0017073967186818084,-0.0032151019488931842,0.0009163899374069473
2024-05-21,82.87999725341797,16031.0,5321.41015625,4.414000034332275,-0.02299976348876953,0.0045745080837198415,-0.009915205353390633,0.002501874243978186
2024-05-22,81.9000015258789,16005.0,5307.009765625,4.434000015258789,0.019999980926513672,-0.0016218576508015836,-0.011824273166208932,-0.002706123039226127
2024-05-23,81.36000061035156,16040.7001953125,5267.83984375,4.474999904632568,0.0409998893737793,0.0022305651554201944,-0.006593417649164657,-0.0073807894850155265
2024-05-24,82.12000274658203,16095.0,5304.72021484375,4.4670000076293945,-0.007999897003173828,0.0033851268352591557,0.009341225793129793,0.0070010425881694704
2024-05-27,,16038.0,,,,-0.0035414725069897734,,
2024-05-28,84.22000122070312,16071.0,5306.0400390625,4.541999816894531,,0.002057613168724215,,
2024-05-29,83.5999984741211,16117.0,5266.9501953125,4.624000072479248,0.0820002555847168,0.0028622985501836062,-0.007361704317211726,-0.007367046509680453
2024-05-30,81.86000061035156,16232.099609375,5235.47998046875,4.553999900817871,-0.07000017166137695,0.007141503342743771,-0.02081337195607913,-0.005975035585443322
2024-05-31,81.62000274658203,16228.0,5277.509765625,4.513999938964844,-0.039999961853027344,-0.00025256186652722334,-0.002931808721965523,0.00802787620486467
2024-06-03,78.36000061035156,16243.0,5283.39990234375,4.4019999504089355,-0.1119999885559082,0.000924328321419754,-0.03994121571341147,0.0011160825806737495
2024-06-04,77.5199966430664,16203.0,5291.33984375,4.335999965667725,-0.06599998474121094,-0.002462599273533206,-0.010719805522489856,0.0015028090913065117
2024-06-05,78.41000366210938,16276.0,5354.02978515625,4.289000034332275,-0.04699993133544922,0.00450533851755841,0.011480999194839026,0.011847649793331305
2024-06-06,79.87000274658203,16315.0,5352.9599609375,4.281000137329102,-0.007999897003173828,0.0023961661341853624,0.01862006142435857,-0.00019981663563317653
2024-06-07,79.62000274658203,16241.7001953125,5346.990234375,4.429999828338623,0.14899969100952148,-0.004492786067269439,-0.0031300862827464693,-0.0011152197300303701
2024-06-10,81.62999725341797,16270.0,5360.7900390625,4.468999862670898,0.03900003433227539,0.0017424163940464865,0.025244843475243695,0.0025808546645145203
2024-06-11,81.91999816894531,16312.0,5375.31982421875,4.4039998054504395,-0.06500005722045898,0.0025814382298710026,0.0035526267951111468,0.0027103813151374556
2024-06-12,82.5999984741211,16305.400390625,5421.02978515625,4.295000076293945,-0.10899972915649414,-0.0004045861558974462,0.008300785160827218,0.008503672791998707
2024-06-13,82.75,16230.0,5433.740234375,4.23799991607666,-0.057000160217285156,-0.004624258762044975,0.0018159991361974548,0.0023446558536817097
2024-06-14,82.62000274658203,16286.0,5431.60009765625,4.2129998207092285,-0.02500009536743164,0.0034504004929143406,-0.0015709637875283011,-0.000393860697500914
2024-06-17,84.25,16479.900390625,5473.22998046875,4.2789998054504395,0.06599998474121094,0.011905955460211226,0.019728845306597353,0.007664386564552705
2024-06-18,85.33000183105469,16479.0,5487.02978515625,4.2170000076293945,-0.06199979782104492,-5.463568369090677e-05,0.012819012831509546,0.0025213273947457537
2024-06-19,,16379.0,,,,-0.006068329388919214,,
2024-06-20,85.70999908447266,16380.900390625,5473.169921875,4.254000186920166,,0.00011602604707250386,,
2024-06-21,85.23999786376953,16491.900390625,5464.6201171875,4.256999969482422,0.0029997825622558594,0.006776184297141885,-0.0054836218145318805,-0.001562130321101196
2024-06-24,86.01000213623047,16443.0,5447.8701171875,4.248000144958496,-0.008999824523925781,-0.00296511556987078,0.00903336804033672,-0.003065171894990004
2024-06-25,85.01000213623047,16394.099609375,5469.2998046875,4.23799991607666,-0.010000228881835938,-0.00297393362677123,-0.011626554762969366,0.003933590015736899
2024-06-26,85.25,16401.0,5477.89990234375,4.315999984741211,0.07800006866455078,0.00042090695978536097,0.0028231720707985186,0.0015724312002203256
2024-06-27,86.38999938964844,16434.0,5482.8701171875,4.288000106811523,-0.0279998779296875,0.002012072434607548,0.013372426858046182,0.0009073212238914774
2024-06-28,86.41000366210938,16374.400390625,5460.47998046875,4.3429999351501465,0.05499982833862305,-0.003626603953693519,0.00023155773356031695,-0.004083652583445674
2024-07-01,86.5999984741211,16343.0,5475.08984375,4.479000091552734,0.1360001564025879,-0.001917651326211467,0.0021987594486705397,0.0026755639309195
2024-07-02,86.23999786376953,16390.0,5509.009765625,4.435999870300293,-0.043000221252441406,0.002875848987333951,-0.004157051001093759,0.006195317856513505
2024-07-03,87.33999633789062,16391.0,5537.02001953125,4.355000019073486,-0.08099985122680664,6.1012812690774965e-05,0.012755084663368388,0.005084444409779065
2024-07-04,,16340.0,,,,-0.0031114636080775693,,
2024-07-05,86.54000091552734,16328.5,5567.18994140625,4.271999835968018,,-0.0007037943696450721,,
2024-07-08,85.75,16245.0,5572.85009765625,4.269000053405762,-0.0029997825622558594,-0.005113758152922809,-0.00912873708307993,0.0010166989647510949
2024-07-09,84.66000366210938,16277.2001953125,5576.97998046875,4.300000190734863,0.031000137329101562,0.001982160376269526,-0.012711327555575802,0.0007410719362856977
2024-07-10,85.08000183105469,16277.0,5633.91015625,4.28000020980835,-0.019999980926513672,-1.2299124548365015e-05,0.00496099870986999,0.010208065293514812
2024-07-11,85.4000015258789,16198.0,5584.5400390625,4.192999839782715,-0.08700037002563477,-0.0048534742274375375,0.0037611622935744826,-0.008763028841120457
2024-07-12,85.02999877929688,16104.0,5615.35009765625,4.189000129699707,-0.0039997100830078125,-0.005803185578466485,-0.00433258477717835,0.0055170270744306915
2024-07-15,84.8499984741211,16108.0,5631.22021484375,4.229000091552734,0.039999961853027344,0.00024838549428718437,-0.002116903537103254,0.0028262026252154904
2024-07-16,83.7300033569336,16195.0,5667.2001953125,4.166999816894531,-0.062000274658203125,0.005401042960019975,-0.013199706980891679,0.006389375498743188
2024-07-17,85.08000183105469,16173.0,5588.27001953125,4.145999908447266,-0.020999908447265625,-0.0013584439641864954,0.016123234444004098,-0.013927543241993745
2024-07-18,85.11000061035156,16138.0,5544.58984375,4.189000129699707,0.043000221252441406,-0.0021641006615964464,0.0003525949535878592,-0.007816403936922511
2024-07-19,82.62999725341797,16185.0,5505.0,4.238999843597412,0.04999971389770508,0.0029123807163218274,-0.02913880083596143,-0.007140265531926926
2024-07-22,82.4000015258789,16206.0,5564.41015625,4.260000228881836,0.021000385284423828,0.0012974976830397722,-0.0027834410647950003,0.01079203564940956
2024-07-23,81.01000213623047,16220.2001953125,5555.740234375,4.238999843597412,-0.021000385284423828,0.0008762307363012756,-0.01686892431927789,-0.001558102589770738
2024-07-24,81.70999908447266,16222.0,5427.1298828125,4.285999774932861,0.04699993133544922,0.00011096069504867856,0.008640870630580055,-0.02314909375473495
2024-07-25,82.37000274658203,16246.0,5399.22021484375,4.25600004196167,-0.029999732971191406,0.0014794723215385552,0.008077391622866914,-0.005142620237842288
2024-07-26,81.12999725341797,16337.7998046875,5459.10009765625,4.199999809265137,-0.0560002326965332,0.005650609669303197,-0.015054090710413637,0.011090468702846357
2024-07-29,79.77999877929688,16283.0,5463.5400390625,4.177999973297119,-0.021999835968017578,-0.003354172859418747,-0.01663994231263477,0.0008133101292933098
2024-07-30,78.62999725341797,16301.7001953125,5436.43994140625,4.14300012588501,-0.034999847412109375,0.0011484490150770466,-0.014414659607356772,-0.004960171878030217
2024-07-31,80.72000122070312,16328.5,5522.2998046875,4.109000205993652,-0.03399991989135742,0.0016439883181760262,0.026580237063334122,0.0157933986591674
2024-08-01,79.5199966430664,16255.0,5446.68017578125,3.9760000705718994,-0.13300013542175293,-0.004501332026824234,-0.014866260647787732,-0.013693502993456064
2024-08-02,76.80999755859375,16281.0,5346.56005859375,3.7920000553131104,-0.18400001525878906,0.0015995078437402999,-0.03407946678665952,-0.018381860868696753
2024-08-05,76.30000305175781,16012.0,5186.330078125,3.7850000858306885,-0.006999969482421875,-0.01652232663841291,-0.006639689142639238,-0.02996879838863975
2024-08-06,76.4800033569336,16208.0,5240.02978515625,3.888000011444092,0.10299992561340332,0.012240819385460844,0.0023591126864526135,0.010354085880061037
2024-08-07,78.33000183105469,16152.2998046875,5199.5,3.9679999351501465,0.07999992370605469,-0.0034365865814721674,0.02418930953084719,-0.007734647858502863
2024-08-08,79.16000366210938,16023.0,5319.31005859375,3.996999979019165,0.029000043869018555,-0.008005039916976764,0.010596218711252714,0.023042611519136447
2024-08-09,79.66000366210938,15979.0,5344.16015625,3.941999912261963,-0.05500006675720215,-0.002746052549460143,0.00631632108222524,0.004671676849538509
2024-08-12,82.30000305175781,15918.0,5344.39013671875,3.9089999198913574,-0.03299999237060547,-0.003817510482508335,0.033140839421077706,4.303397765514916e-05
2024-08-13,80.69000244140625,15949.099609375,5434.43017578125,3.8519999980926514,-0.056999921798706055,0.001953738495727997,-0.019562582632458025,0.016847579753558328
2024-08-14,79.76000213623047,15749.0,5455.2099609375,3.819999933242798,-0.032000064849853516,-0.012546138294689646,-0.011525595204326722,0.0038237284285767004
2024-08-15,81.04000091552734,15619.5,5543.22021484375,3.9260001182556152,0.10600018501281738,-0.008222744301225493,0.01604812869877592,0.016133247764330783
2024-08-16,79.68000030517578,15755.0,5554.25,3.8919999599456787,-0.03400015830993652,0.008675053618873774,-0.016781843472202906,0.001989779357261412
2024-08-19,77.66000366210938,15683.0,5608.25,3.867000102996826,-0.02499985694885254,-0.004569977784830259,-0.025351363395203164,0.009722284736913167
2024-08-20,77.19999694824219,15523.0,5597.1201171875,3.818000078201294,-0.04900002479553223,-0.010202129694573792,-0.005923341387783498,-0.0019845553982971165
2024-08-21,76.05000305175781,15442.0,5620.85009765625,3.7780001163482666,-0.039999961853027344,-0.005218063518649729,-0.014896294584770153,0.004239676828782013
2024-08-22,77.22000122070312,15484.0,5570.64013671875,3.861999988555908,0.0839998722076416,0.0027198549410698547,0.015384590690272981,-0.008932805548120926
2024-08-23,79.0199966430664,15728.5,5634.60986328125,3.806999921798706,-0.05500006675720215,0.015790493412554785,0.023309963661081845,0.01148337085011919
2024-08-26,81.43000030517578,15377.2001953125,5616.83984375,3.818000078201294,0.01100015640258789,-0.0223352388776743,0.030498655587083423,-0.0031537266931381813
2024-08-27,79.55000305175781,15462.599609375,5625.7998046875,3.8329999446868896,0.014999866485595703,0.005553638697409546,-0.02308728044175723,0.0015951960865450143
2024-08-28,78.6500015258789,15467.099609375,5592.18017578125,3.8410000801086426,0.00800013542175293,0.00029102480266463004,-0.011313657967974344,-0.00597597320797616
2024-08-29,79.94000244140625,15440.0,5591.9599609375,3.867000102996826,0.026000022888183594,-0.0017520808722647496,0.01640179136046016,-3.937906806072977e-05
2024-08-30,78.80000305175781,15444.7998046875,5648.39990234375,3.9110000133514404,0.04399991035461426,0.00031086817924230736,-0.014260687450992071,0.010093051774424433
2024-09-02,,15525.0,,,,0.005192698923048411,,
2024-09-03,73.75,15520.099609375,5528.93017578125,3.8440001010894775,,-0.00031564512882442664,,
2024-09-04,72.69999694824219,15532.900390625,5520.06982421875,3.7679998874664307,-0.07600021362304688,0.000824787312722286,-0.014237329515360164,-0.0016025435809103872
2024-09-05,72.69000244140625,15444.400390625,5503.41015625,3.7309999465942383,-0.03699994087219238,-0.005697583694891595,-0.0001374760282735199,-0.003018017615584734
2024-09-06,71.05999755859375,15417.0,5408.419921875,3.7100000381469727,-0.020999908447265625,-0.0017741310722320103,-0.02242405871600306,-0.01726024985928465
2024-09-09,71.83999633789062,15405.0,5471.0498046875,3.697000026702881,-0.013000011444091797,-0.0007783615489395102,0.01097662265825039,0.0115800702824842
2024-09-10,69.19000244140625,15456.7998046875,5495.52001953125,3.6459999084472656,-0.051000118255615234,0.0033625319498540307,-0.0368874447601647,0.004472672652839682
2024-09-11,70.61000061035156,15489.0,5554.1298828125,3.6530001163482666,0.0070002079010009766,0.0020832381682742707,0.020523169805461983,0.010665025888896507
2024-09-12,71.97000122070312,15437.0,5595.759765625,3.680000066757202,0.026999950408935547,-0.003357221253793008,0.019260736419710156,0.007495302358939249
2024-09-13,71.61000061035156,15418.7001953125,5626.02001953125,3.6500000953674316,-0.029999971389770508,-0.0011854508445617862,-0.0050020925975474695,0.005407711405364557
2024-09-16,72.75,15393.0,5633.08984375,3.621000051498413,-0.029000043869018555,-0.0016668198348076535,0.015919555647701644,0.0012566297656613212
2024-09-17,73.69999694824219,15385.0,5634.580078125,3.6419999599456787,0.020999908447265625,-0.0005197167543689041,0.01305837729542536,0.00026455008109871336
2024-09-18,73.6500015258789,15345.0,5618.259765625,3.684999942779541,0.042999982833862305,-0.00259993500162492,-0.0006783639678898945,-0.002896455862498093
2024-09-19,74.87999725341797,15300.2001953125,5713.64013671875,3.740000009536743,0.05500006675720215,-0.002919505030140157,0.01670055264162995,0.01697685316676334
2024-09-20,74.48999786376953,15197.599609375,5702.5498046875,3.7279999256134033,-0.012000083923339844,-0.00670583290595983,-0.005208325373311062,-0.0019410273951238066
2024-09-23,73.9000015258789,15154.0,5718.56982421875,3.739000082015991,0.01100015640258789,-0.0028688484034087303,-0.007920477309848128,0.0028092730585327352
2024-09-24,75.16999816894531,15174.099609375,5732.93017578125,3.7360000610351562,-0.003000020980834961,0.001326356696251807,0.01718533987609816,0.0025111788443470395
2024-09-25,73.45999908447266,15121.099609375,5722.259765625,3.7809998989105225,0.04499983787536621,-0.003492793731712074,-0.022748425251114313,-0.0018612489301417234
2024-09-26,71.5999984741211,15201.5,5745.3701171875,3.7909998893737793,0.009999990463256836,0.005317099463794994,-0.025319910611661167,0.00403867571712313
2024-09-27,71.9800033569336,15070.0,5738.169921875,3.749000072479248,-0.04199981689453125,-0.008650462125448177,0.005307330878643102,-0.0012532169669905446
2024-09-30,71.7699966430664,15118.0,5762.47998046875,3.802000045776367,0.05299997329711914,0.003185136031851332,-0.0029175702149638605,0.004236552581176722
2024-10-01,73.55999755859375,15170.599609375,5708.75,3.743000030517578,-0.05900001525878906,0.0034792703647970047,0.024940796979962876,-0.009324107094664358
2024-10-02,73.9000015258789,15260.599609375,5709.5400390625,3.7850000858306885,0.04200005531311035,0.005932527541256949,0.0046221313019256804,0.00013839090212397487
2024-10-03,77.62000274658203,15324.0,5699.93994140625,3.8499999046325684,0.06499981880187988,0.004154515041863149,0.05033831047216464,-0.001681413492255035
2024-10-04,78.05000305175781,15457.0,5751.06982421875,3.9809999465942383,0.13100004196166992,0.008679196032367553,0.005539813063131005,0.008970249395274354
2024-10-07,80.93000030517578,15650.0,5695.93994140625,4.026000022888184,0.04500007629394531,0.012486252183476765,0.03689938681370886,-0.009586022165882668
2024-10-08,77.18000030517578,15744.0,5751.1298828125,4.0329999923706055,0.006999969482421875,0.006006389776357812,-0.046336339872226295,0.009689347495581924
2024-10-09,76.58000183105469,15682.400390625,5792.0400390625,4.066999912261963,0.03399991989135742,-0.003912576814977142,-0.007774014922889982,0.007113411987488272
2024-10-10,79.4000015258789,15664.599609375,5780.0498046875,4.0960001945495605,0.029000282287597656,-0.001135080141216216,0.03682423122743583,-0.002070122839989974
2024-10-11,79.04000091552734,15670.900390625,5815.02978515625,4.072999954223633,-0.023000240325927734,0.000402230596831199,-0.004534012637697815,0.006051847587953629
2024-10-14,77.45999908447266,15562.0,5859.85009765625,4.0980000495910645,0.02500009536743164,-0.006949210824551577,-0.01998990147714308,0.0077076668832223305
2024-10-15,74.25,15573.0,5815.259765625,4.038000106811523,-0.059999942779541016,0.0007068500192777272,-0.04144073228005141,-0.007609466332438197
2024-10-16,74.22000122070312,15578.599609375,5842.47021484375,4.015999794006348,-0.02200031280517578,0.0003595716544659844,-0.00040402396359429105,0.004679145956573816
2024-10-17,74.44999694824219,15583.900390625,5841.47021484375,4.0960001945495605,0.08000040054321289,0.00034026044592683213,0.003098837560715495,-0.00017116047891174713
2024-10-18,73.05999755859375,15493.0,5864.669921875,4.072999954223633,-0.023000240325927734,-0.005832967892921315,-0.018670241056084502,0.00397155273894878
2024-10-21,74.29000091552734,15467.0,5853.97998046875,4.182000160217285,0.10900020599365234,-0.0016781772413347884,0.016835524199780183,-0.0018227694906369774
2024-10-22,76.04000091552734,15556.0,5851.2001953125,4.203999996185303,0.021999835968017578,0.005754186332191047,0.023556332998162954,-0.0004748538883844189
2024-10-23,74.95999908447266,15586.0,5797.419921875,4.242000102996826,0.03800010681152344,0.0019285163281048678,-0.0142030749349209,-0.009191323428069387
2024-10-24,74.37999725341797,15663.0,5809.85986328125,4.199999809265137,-0.04200029373168945,0.004940331066341619,-0.007737484500247693,0.002145772011323821
2024-10-25,76.05000305175781,15621.5,5808.1201171875,4.23199987411499,0.032000064849853516,-0.002649556279129106,0.022452350900874718,-0.00029944716993013376
2024-10-28,71.41999816894531,15688.099609375,5823.52001953125,4.2779998779296875,0.046000003814697266,0.004263329985916942,-0.060881061104776424,0.0026514435020339455
2024-10-29,71.12000274658203,15747.0,5832.919921875,4.27400016784668,-0.0039997100830078125,0.003754463070198888,-0.004200440073572009,0.001614127248163344
2024-10-30,72.55000305175781,15768.0,5813.669921875,4.265999794006348,-0.008000373840332031,0.0013335873499713546,0.02010686515678617,-0.003300233889343751
2024-10-31,73.16000366210938,15695.5,5705.4501953125,4.283999919891357,0.018000125885009766,-0.004597919837645903,0.00840800254572538,-0.018614700871699585
2024-11-01,73.0999984741211,15713.0,5728.7998046875,4.361000061035156,0.07700014114379883,0.00111496925870469,-0.000820191156159833,0.004092509543626166
2024-11-04,75.08000183105469,15842.0,5712.68994140625,4.309000015258789,-0.05200004577636719,0.008209762616941285,0.0270862297984118,-0.002812083478299976
2024-11-05,75.52999877929688,15790.0,5782.759765625,4.289000034332275,-0.019999980926513672,-0.003282413836636744,0.005993566026473607,0.012265644545291332
2024-11-06,74.91999816894531,15665.0,5929.0400390625,4.426000118255615,0.13700008392333984,-0.007916402786573795,-0.008076269299752248,0.025295927786425976
2024-11-07,75.62999725341797,15818.2001953125,5973.10009765625,4.341000080108643,-0.08500003814697266,0.009779776272741847,0.009476763238456032,0.007431229727488331
2024-11-08,73.87000274658203,15558.0,5995.5400390625,4.306000232696533,-0.034999847412109375,-0.01644941852421411,-0.02327111689477679,0.0037568333092317108
2024-11-11,71.83000183105469,15647.2001953125,6001.35009765625,4.308000087738037,0.0019998550415039062,0.005733397307655208,-0.02761609367371698,0.0009690634297987444
2024-11-12,71.88999938964844,15765.0,5983.990234375,4.432000160217285,0.12400007247924805,0.0075284909259862864,0.0008352715726620552,-0.00289265965137242
2024-11-13,72.27999877929688,15788.900390625,5985.3798828125,4.451000213623047,0.01900005340576172,0.0015160412702188708,0.005424946348025594,0.00023222772482434095
2024-11-14,72.55999755859375,15847.2001953125,5949.169921875,4.418000221252441,-0.03299999237060547,0.003692455031391262,0.003873807194599399,-0.006049734794859041
2024-11-15,71.04000091552734,15933.2998046875,5870.6201171875,4.427999973297119,0.009999752044677734,0.005433111736700802,-0.020948135256467992,-0.013203489851361216
2024-11-18,73.30000305175781,15891.2998046875,5893.6201171875,4.414000034332275,-0.01399993896484375,-0.002635988810531509,0.031813092723883996,0.003917814394541086
2024-11-19,73.30999755859375,15806.099609375,5916.97998046875,4.379000186920166,-0.034999847412109375,-0.00536143653191723,0.0001363507014984222,0.003963584828470035
2024-11-20,72.80999755859375,15817.099609375,5917.10986328125,4.406000137329102,0.026999950408935547,0.0006959338655234681,-0.006820352157294374,2.195086225209586e-05
2024-11-21,74.2300033569336,15913.0,5948.7099609375,4.432000160217285,0.026000022888183594,0.006063083181707896,0.01950289583785647,0.0053404615405816536
2024-11-22,75.16999816894531,15816.900390625,5969.33984375,4.409999847412109,-0.02200031280517578,-0.006039062990950805,0.012663273198194158,0.003467959094991535
2024-11-25,73.01000213623047,15940.0,5987.3701171875,4.264999866485596,-0.14499998092651367,0.007782789695505832,-0.028734815555805038,0.003020480305938378
2024-11-26,72.80999755859375,15901.2001953125,6021.6298828125,4.302000045776367,0.037000179290771484,-0.002434115726944741,-0.0027394133924764086,0.005722005647630368
2024-11-27,72.83000183105469,15930.0,5998.740234375,4.242000102996826,-0.059999942779541016,0.0018111717564557317,0.0002747462317223004,-0.003801238017440034
2024-11-28,,15863.5,,,,-0.004174513496547405,,
2024-11-29,72.94000244140625,15878.0,6032.3798828125,4.177999973297119,,0.000914047971759091,,
2024-12-02,71.83000183105469,15829.0,6047.14990234375,4.196000099182129,0.018000125885009766,-0.0030860309862703605,-0.015217995245383253,0.0024484564662998753
2024-12-03,73.62000274658203,15910.0,6049.8798828125,4.2230000495910645,0.026999950408935547,0.005117189967780655,0.024919961992169393,0.0004514491145146682
2024-12-04,72.30999755859375,15940.0,6086.490234375,4.179999828338623,-0.043000221252441406,0.0018856065367693908,-0.01779414750224384,0.006051417924264779
2024-12-05,72.08999633789062,15906.599609375,6075.10986328125,4.179999828338623,0.0,-0.0020953820969259462,-0.003042473076075747,-0.0018697756269248078
2024-12-06,71.12000274658203,15839.7998046875,6090.27001953125,4.151000022888184,-0.028999805450439453,-0.0041995024912885315,-0.013455314753550107,0.0024954538421815275
2024-12-09,72.13999938964844,15825.7998046875,6052.85009765625,4.198999881744385,0.04799985885620117,-0.0008838495544530867,0.014341909500494632,-0.006144213927296471
2024-12-10,72.19000244140625,15864.0,6034.91015625,4.2210001945495605,0.02200031280517578,0.002413792401265269,0.0006931390654403291,-0.002963883313944371
2024-12-11,73.5199966430664,15908.0,6084.18994140625,4.270999908447266,0.04999971389770508,0.002773575390822014,0.01842352343372844,0.008165786048233592
2024-12-12,73.41000366210938,15963.0,6051.25,4.323999881744385,0.05299997329711914,0.0034573799346240275,-0.0014960961096208703,-0.005414022527810203
2024-12-13,74.48999786376953,15967.400390625,6051.08984375,4.39900016784668,0.07500028610229492,0.00027566188216510135,0.014711812393187529,-2.6466639124200775e-05
2024-12-16,73.91000366210938,16025.7998046875,6074.080078125,4.396999835968018,-0.0020003318786621094,0.0036574152732331555,-0.007786202420368871,0.0037993543260221863
2024-12-17,73.19000244140625,15955.0,6050.60986328125,4.385000228881836,-0.01199960708618164,-0.004417864041131425,-0.009741593627768164,-0.003863994965801476
2024-12-18,73.38999938964844,15926.2001953125,5872.16015625,4.49399995803833,0.10899972915649414,-0.0018050645369790397,0.002732571957519747,-0.02949284635160343
2024-12-19,72.87999725341797,16145.2998046875,5867.080078125,4.570000171661377,0.07600021362304688,0.013757180412656611,-0.006949204802724207,-0.0008651123249070469
2024-12-20,72.94000244140625,15981.2998046875,5930.85009765625,4.52400016784668,-0.046000003814697266,-0.010157755011299674,0.0008233423470040968,0.010869123768910471
2024-12-23,72.62999725341797,16159.2998046875,5974.06982421875,4.598999977111816,0.07499980926513672,0.011138017694142244,-0.0042501395340275305,0.007287273468533639
2024-12-24,73.58000183105469,16217.599609375,6040.0400390625,4.591000080108643,-0.007999897003173828,0.003607817503985533,0.013080058014073748,0.01104275925539211
2024-12-25,,15970.7998046875,,,,-0.015218023051008833,,
2024-12-26,73.26000213623047,15069.400390625,6037.58984375,4.578999996185303,,-0.0564404679218341,,
2024-12-27,74.16999816894531,16189.0,5970.83984375,4.61899995803833,0.039999961853027344,0.07429622814133507,0.012421457905811506,-0.011055736101235558
2024-12-30,74.38999938964844,16178.0,5906.93994140625,4.545000076293945,-0.07399988174438477,-0.0006794737167212794,0.0029661753557281845,-0.010701995701766776
2024-12-31,74.63999938964844,16085.599609375,5881.6298828125,4.572999954223633,0.0279998779296875,-0.005711484152861934,0.003360666783857935,-0.004284800394927402
2025-01-02,75.93000030517578,16230.5,5868.5498046875,4.574999809265137,0.0019998550415039062,0.009008081398504286,0.017282970606592007,-0.0022238866412221947
2025-01-03,76.51000213623047,16201.099609375,5942.47021484375,4.5960001945495605,0.021000385284423828,-0.0018114285219186232,0.0076386385977025295,0.01259602672149196
2025-01-06,76.30000305175781,16178.7998046875,5975.3798828125,4.618000030517578,0.021999835968017578,-0.0013764377249181337,-0.002744727207022457,0.005538045085450305
2025-01-07,77.05000305175781,16179.099609375,5909.02978515625,4.683000087738037,0.06500005722045898,1.8530712482922596e-05,0.009829619528209488,-0.01110391288210788
2025-01-08,76.16000366210938,16157.7001953125,5918.25,4.692999839782715,0.009999752044677734,-0.0013226579092262547,-0.011550932568433314,0.001560360190925314
2025-01-09,76.91999816894531,16187.599609375,,,,0.001850474615884723,0.009978918990179109,
2025-01-10,79.76000213623047,16237.0,5827.0400390625,4.776000022888184,,0.0030517428041887396,0.036921529314749124,
2025-01-13,81.01000213623047,16268.0,5836.22021484375,4.802999973297119,0.026999950408935547,0.0019092196834391562,0.01567201562839715,0.0015754440882007614
2025-01-14,79.91999816894531,16295.2001953125,5842.91015625,4.788000106811523,-0.014999866485595703,0.001672006104776358,-0.013455177614390745,0.0011462798112440442
2025-01-15,82.02999877929688,16320.0,5949.91015625,4.6529998779296875,-0.13500022888183594,0.0015219085614324168,0.026401409643318052,0.018312792279639112
2025-01-16,81.29000091552734,16360.7998046875,5937.33984375,4.605999946594238,-0.04699993133544922,0.002499988032322209,-0.00902106393735913,-0.0021126894641922966
2025-01-17,80.79000091552734,16368.7998046875,5996.66015625,4.609000205993652,0.0030002593994140625,0.0004889736501578756,-0.006150817989528323,0.009991058969353706
2025-01-20,,16367.099609375,,,,-0.00010386804975237585,,
2025-01-21,79.29000091552734,16245.0,6049.240234375,4.573999881744385,,-0.007460063926357563,,
2025-01-22,79.0,16330.7998046875,6086.3701171875,4.598999977111816,0.02500009536743164,0.0052816130924899785,-0.0036574714614557857,0.006137941522227575
2025-01-23,78.29000091552734,16232.7998046875,6118.7099609375,4.638000011444092,0.03900003433227539,-0.006000930828376827,-0.008987330183198194,0.00531348622041139
2025-01-24,78.5,16230.900390625,6101.240234375,4.625999927520752,-0.012000083923339844,-0.00011701087214488481,0.0026823231832535654,-0.002855132319398823
2025-01-27,77.08000183105469,16164.900390625,6012.27978515625,4.5279998779296875,-0.09800004959106445,-0.004066317851234014,-0.01808914864898492,-0.014580715690809543
2025-01-28,77.48999786376953,16155.599609375,6067.7001953125,4.551000118255615,0.023000240325927734,-0.00057536891816512,0.005319097340104939,0.009217869449967608
2025-01-29,76.58000183105469,15881.2001953125,6039.31005859375,4.554999828338623,0.0039997100830078125,-0.016984786742503033,-0.011743399894198592,-0.004678895760321544
2025-01-30,76.87000274658203,16238.0,6071.169921875,4.51200008392334,-0.0429997444152832,0.022466803534962887,0.0037869013919211714,0.005275414405311762
2025-01-31,76.76000213623047,16274.5,6040.52978515625,4.568999767303467,0.05699968338012695,0.002247813770168694,-0.0014309952702122875,-0.005046825754019935
2025-02-03,75.95999908447266,16341.2998046875,5994.56982421875,4.543000221252441,-0.02599954605102539,0.004104568784755402,-0.010422134308151754,-0.007608597684666707
2025-02-04,76.19999694824219,16320.0,6037.8798828125,4.513000011444092,-0.03000020980834961,-0.0013034339337798517,0.0031595295769111242,0.007224881828679752
2025-02-05,74.61000061035156,16299.099609375,6061.47998046875,4.421999931335449,-0.09100008010864258,-0.0012806611902573817,-0.020866094508778077,0.003908672930614365
2025-02-06,74.29000091552734,16298.099609375,6083.56982421875,4.440000057220459,0.018000125885009766,-6.135308231536296e-05,-0.004288965181697413,0.003644298722618622
2025-02-07,74.66000366210938,16327.0,6025.990234375,4.486999988555908,0.04699993133544922,0.001773236838507053,0.004980518804983625,-0.009464770111542897
2025-02-10,75.87000274658203,16314.7001953125,6066.43994140625,4.493000030517578,0.006000041961669922,-0.0007533413785447696,0.01620679112137169,0.006712541085862833
2025-02-11,77.0,16330.099609375,6068.5,4.5370001792907715,0.04400014877319336,0.0009438980721769852,0.014893860715839757,0.00033958278885926063
2025-02-12,75.18000030517578,16343.2998046875,6051.97021484375,4.63700008392334,0.09999990463256836,0.0008083352599344007,-0.023636359673041785,-0.0027238667143857365
2025-02-13,75.0199966430664,16375.0,6115.06982421875,4.525000095367432,-0.1119999885559082,0.0019396447285027207,-0.0021282742944915833,0.010426292122230674
2025-02-14,74.73999786376953,16219.0,6114.6298828125,4.4720001220703125,-0.05299997329711914,-0.009526717557251874,-0.0037323219384968187,-7.194380749464546e-05
2025-02-17,,16173.0,,,,-0.002836179789136195,,
2025-02-18,75.83999633789062,16220.0,6129.580078125,4.544000148773193,,0.0029060780312866186,,
2025-02-19,76.04000091552734,16317.0,6144.14990234375,4.534999847412109,-0.009000301361083984,0.005980271270036974,0.002637191288164642,0.0023769693899173827
2025-02-20,76.4800033569336,16346.400390625,6117.52001953125,4.5,-0.034999847412109375,0.0018018257415579608,0.005786460232885204,-0.0043341850761716705
2025-02-21,74.43000030517578,16245.099609375,6013.1298828125,4.420000076293945,-0.07999992370605469,-0.006197130795113637,-0.02680443203160454,-0.01706412670256352
2025-02-24,74.77999877929688,16278.0,5983.25,4.39300012588501,-0.026999950408935547,0.0020252501625790398,0.004702384424103645,-0.00496910650440241
2025-02-25,73.0199966430664,16279.2998046875,5955.25,4.297999858856201,-0.0950002670288086,7.985039240088199e-05,-0.023535733684950655,-0.004679730915472358
2025-02-26,72.52999877929688,16314.0,5956.06005859375,4.249000072479248,-0.048999786376953125,0.002131553305659173,-0.006710461329719308,0.00013602428004699796
2025-02-27,74.04000091552734,16367.400390625,5861.56982421875,4.284999847412109,0.03599977493286133,0.003273286172918999,0.020819001263536308,-0.015864553655509872
2025-02-28,73.18000030517578,16553.69921875,5954.5,4.230999946594238,-0.053999900817871094,0.011382310182361577,-0.01161535115771728,0.01585414463498891
2025-03-03,71.62000274658203,16522.0,5849.72021484375,4.179999828338623,-0.051000118255615234,-0.0019149326281158174,-0.021317266358133913,-0.0175967394669998
2025-03-04,71.04000091552734,16451.19921875,5778.14990234375,4.210000038146973,0.03000020980834961,-0.004285242782350762,-0.008098321820887766,-0.012234826602200433
2025-03-05,69.30000305175781,16379.0,5842.6298828125,4.264999866485596,0.05499982833862305,-0.004388690319166,-0.024493212856775415,0.011159277893187936
2025-03-06,69.45999908447266,16268.900390625,5738.52001953125,4.285999774932861,0.020999908447265625,-0.006721998252335326,0.002308744959150344,-0.017819007085749905
2025-03-07,70.36000061035156,16322.099609375,5770.2001953125,4.316999912261963,0.031000137329101562,0.0032699947428933562,0.012957119748653989,0.00552061780274804
2025-03-10,69.27999877929688,16292.599609375,5614.56005859375,4.2129998207092285,-0.10400009155273438,-0.0018073655170598446,-0.015349656362791397,-0.0269730913054258
2025-03-11,69.55999755859375,16324.0,5572.06982421875,4.288000106811523,0.07500028610229492,0.0019272793401816646,0.004041552890161837,-0.007567865323653167
2025-03-12,70.94999694824219,16433.900390625,5599.2998046875,4.317999839782715,0.029999732971191406,0.006732442454361776,0.019982740633042395,0.004886869929446425
2025-03-13,69.87999725341797,16305.599609375,5521.52001953125,4.27400016784668,-0.043999671936035156,-0.007807080376560638,-0.015081039335417823,-0.013890984206835322
2025-03-14,70.58000183105469,16259.2998046875,5638.93994140625,4.308000087738037,0.03399991989135742,-0.0028395033483392673,0.010017238196191824,0.021265869083087807
2025-03-17,71.06999969482422,16321.0,5675.1201171875,4.306000232696533,-0.0019998550415039062,0.003794763369497023,0.006942446175368877,0.006416130719105961
2025-03-18,70.55999755859375,16370.0,5614.66015625,4.281000137329102,-0.02500009536743164,0.0030022670179523647,-0.0071760537275985525,-0.010653512117636543
2025-03-19,70.77999877929688,16514.5,5675.2900390625,4.25600004196167,-0.02500009536743164,0.008827122785583397,0.0031179312402955794,0.010798495567894584
2025-03-20,72.0,16330.2998046875,5662.89013671875,4.232999801635742,-0.023000240325927734,-0.011153846335795858,0.017236525031701033,-0.0021848931523151816
2025-03-21,72.16000366210938,16428.5,5667.56005859375,4.251999855041504,0.01900005340576172,0.006013373697175695,0.0022222730848524552,0.0008246534476661349
2025-03-24,73.0,16519.0,5767.56982421875,4.330999851226807,0.07899999618530273,0.005508719603128709,0.011640746885545061,0.017646000146633645
2025-03-25,73.0199966430664,16575.80078125,5776.64990234375,4.307000160217285,-0.023999691009521484,0.0034385120921363033,0.00027392661734793045,0.0015743334544251475
2025-03-26,73.79000091552734,16621.0,5712.2001953125,4.3379998207092285,0.03099966049194336,0.0027268196177361315,0.010545115144620532,-0.011156934922627149
2025-03-27,74.02999877929688,16629.0,5693.31005859375,4.36899995803833,0.031000137329101562,0.0004813188135490698,0.003252444244366881,-0.003306980860763864
2025-03-28,73.62999725341797,16560.900390625,5580.93994140625,4.255000114440918,-0.11399984359741211,-0.0040952317863370835,-0.005403235613597901,-0.01973722070834405
2025-03-31,74.73999786376953,16575.0,5611.85009765625,4.245999813079834,-0.009000301361083984,0.000851379396193952,0.015075385736212699,0.005538521570653376
2025-04-01,74.48999786376953,16652.0,5633.06982421875,4.156000137329102,-0.08999967575073242,0.004645550527903497,-0.0033449291831086914,0.0037812354559083605
2025-04-02,74.94999694824219,16731.400390625,5670.97021484375,4.196000099182129,0.039999961853027344,0.004768219470634216,0.006175313433542051,0.006728194715792668
2025-04-03,70.13999938964844,16739.0,5396.52001953125,4.054999828338623,-0.14100027084350586,0.0004542123909281326,-0.06417608745088232,-0.04839563335990149
2025-04-04,65.58000183105469,16739.80078125,5074.080078125,3.984999895095825,-0.06999993324279785,4.783925264351119e-05,-0.06501279723801556,-0.05974960534553109
2025-04-07,64.20999908447266,16738.0,5062.25,4.15500020980835,0.17000031471252441,-0.00010757483159640202,-0.020890556699150298,-0.0023314724921273955
2025-04-08,62.81999969482422,16855.69921875,4982.77001953125,4.26200008392334,0.10699987411499023,0.00703185677799012,-0.021647709227028633,-0.015700524562941354
2025-04-09,65.4800033569336,17051.900390625,5456.89990234375,4.400000095367432,0.1380000114440918,0.011640049417632525,0.04234326130263466,0.09515387644904849
2025-04-10,63.33000183105469,16805.5,5268.0498046875,4.394000053405762,-0.006000041961669922,-0.014450025215985263,-0.03283447488783986,-0.03460757958472693
2025-04-11,64.76000213623047,16833.80078125,5363.35986328125,4.493000030517578,0.0989999771118164,0.0016840189967570751,0.02258013996258179,0.018092095201708958
2025-04-14,64.87999725341797,16788.0,5405.97021484375,4.363999843597412,-0.12900018692016602,-0.002720762936734622,0.0018529202166341907,0.007944712390868913
2025-04-15,64.66999816894531,16780.0,5396.6298828125,4.322999954223633,-0.0409998893737793,-0.0004765308553729142,-0.0032367307854901384,-0.0017277808903947145
2025-04-16,65.8499984741211,16813.5,5275.7001953125,4.2789998054504395,-0.04400014877319336,0.0019964243146604055,0.018246487375693565,-0.0224083715440897
2025-04-17,67.95999908447266,16794.599609375,5282.7001953125,4.333000183105469,0.0540003776550293,-0.0011241199408213998,0.032042530892096854,0.0013268380955802073
2025-04-21,66.26000213623047,,5158.2001953125,4.40500020980835,0.07200002670288086,,-0.025014669969743997,-0.023567493023827546
2025-04-22,67.44000244140625,16814.900390625,5287.759765625,4.388999938964844,-0.01600027084350586,,0.01780863669080035,0.025117204723895226
2025-04-23,66.12000274658203,16858.099609375,5375.85986328125,4.38700008392334,-0.0019998550415039062,0.00256910345862571,-0.01957294850294633,0.01666113847096007
2025-04-24,66.55000305175781,16846.0,5484.77001953125,4.304999828338623,-0.0820002555847168,-0.0007177327015123192,0.006503331629066134,0.020259113708281262
2025-04-25,66.87000274658203,16778.5,5525.2099609375,4.265999794006348,-0.03900003433227539,-0.0040068859076338725,0.0048084099196110675,0.007373133469998461
2025-04-28,65.86000061035156,16823.0,5528.75,4.216000080108643,-0.04999971389770508,0.002652203713085166,-0.015103964329986397,0.0006407067039131409
2025-04-29,64.25,16795.0,5560.830078125,4.172999858856201,-0.043000221252441406,-0.0016643880401830957,-0.02444580314957534,0.005802410694099036
2025-04-30,63.119998931884766,16711.900390625,5569.06005859375,4.177000045776367,0.004000186920166016,-0.004947877902649611,-0.017587565262493943,0.00147999135976562
2025-05-01,62.130001068115234,16545.900390625,5604.14013671875,4.230999946594238,0.053999900817871094,-0.00993304149258345,-0.01568437706784309,0.006299102138585644
2025-05-02,61.290000915527344,16606.0,5686.669921875,4.322000026702881,0.09100008010864258,0.00363229609487159,-0.013520040852195825,0.01472657412963474
2025-05-05,60.22999954223633,16460.0,5650.3798828125,4.3429999351501465,0.020999908447265625,-0.00879200289052151,-0.017294850015616037,-0.006381597588933863
2025-05-06,62.150001525878906,16421.5,5606.91015625,4.308000087738037,-0.034999847412109375,-0.002339003645200455,0.031877834936661076,-0.007693239651855532
2025-05-07,61.119998931884766,16432.0,5631.27978515625,4.275000095367432,-0.03299999237060547,0.000639405657217651,-0.01657284905399803,0.00434635623313584
2025-05-08,62.84000015258789,16492.599609375,5663.93994140625,4.373000144958496,0.09800004959106445,0.003687902225839812,0.028141381720572012,0.005799775094835535
2025-05-09,63.90999984741211,16538.30078125,5659.91015625,4.375,0.0019998550415039062,0.0027710108143910173,0.017027366203469896,-0.0007114809122162891
2025-05-12,64.95999908447266,16543.0,5844.18994140625,4.456999778747559,0.0819997787475586,0.0002841415700534089,0.016429341880260795,0.032558782749008364
2025-05-13,66.62999725341797,16688.80078125,5886.5498046875,4.499000072479248,0.04200029373168945,0.00881344261923478,0.025708100253722055,0.0072482009835321826
2025-05-14,66.08999633789062,16599.400390625,5892.580078125,4.5279998779296875,0.028999805450439453,-0.005356909210962768,-0.008104471526143464,0.001024415597859818
2025-05-15,64.52999877929688,16558.19921875,5916.93017578125,4.454999923706055,-0.07299995422363281,-0.0024820879613379754,-0.023604140490765535,0.004132332074135769
2025-05-16,65.41000366210938,16511.80078125,5958.3798828125,4.440999984741211,-0.01399993896484375,-0.0028021427262125975,0.013637143955670394,0.007005272294898557
2025-05-19,65.54000091552734,16487.0,5963.60009765625,4.474999904632568,0.03399991989135742,-0.0015020034203757637,0.001987421589050742,0.0008761131291423752
2025-05-20,65.37999725341797,16428.0,5940.4599609375,4.480999946594238,0.006000041961669922,-0.003578577060714516,-0.0024413130893238266,-0.0038802294486252054
2025-05-21,64.91000366210938,16403.0,5844.60986328125,4.5960001945495605,0.11500024795532227,-0.0015217920623326053,-0.0071886450145731695,-0.01613513066101424
2025-05-22,64.44000244140625,16347.599609375,5842.009765625,4.552999973297119,-0.043000221252441406,-0.003377454771992916,-0.007240813344422614,-0.00044487103794299543
2025-05-23,64.77999877929688,16356.900390625,5802.81982421875,4.508999824523926,-0.04400014877319336,0.0005689386498470839,0.005276168916966917,-0.006708297825321674
2025-05-26,,16211.0,,,,-0.008919806756824356,,
2025-05-27,64.08999633789062,16243.5,5921.5400390625,4.434000015258789,,0.00200481154771448,,
2025-05-28,64.9000015258789,16279.0,5888.5498046875,4.4770002365112305,0.043000221252441406,0.0021854895804476193,0.012638558812171352,-0.005571225417268844
2025-05-29,64.1500015258789,16286.0,5912.169921875,4.423999786376953,-0.053000450134277344,0.0004300018428651242,-0.011556240098098303,0.004011194261904327
2025-05-30,63.900001525878906,16293.0,5911.68994140625,4.415999889373779,-0.007999897003173828,0.0004298170207539531,-0.0038971160413635575,-8.118516130162234e-05
2025-06-02,64.62999725341797,16322.0,5935.93994140625,4.461999893188477,0.046000003814697266,0.0017799054808813608,0.011424033022024549,0.0041020419271569075
2025-06-03,65.62999725341797,16288.5,5970.3701171875,4.460000038146973,-0.0019998550415039062,-0.0020524445533635083,0.01547269135845597,0.005800290454605506
2025-06-04,64.86000061035156,16332.400390625,5970.81005859375,4.364999771118164,-0.0950002670288086,0.002695177003714244,-0.01173238877480387,7.36874595066439e-05
2025-06-05,65.33999633789062,16291.5,5939.2998046875,4.394000053405762,0.029000282287597656,-0.002504248588497626,0.0074004890999408435,-0.005277383403094138
2025-06-06,66.47000122070312,16246.400390625,6000.35986328125,4.510000228881836,0.11600017547607422,-0.0027682907881410035,0.01729422935637981,0.010280683010067904
2025-06-09,67.04000091552734,16309.0,6005.8798828125,4.48199987411499,-0.028000354766845703,0.003853137179305355,0.0085752923778597,0.0009199480792858594
2025-06-10,66.87000274658203,16278.7998046875,6038.81005859375,4.473999977111816,-0.007999897003173828,-0.0018517502797534835,-0.0025357721751751994,0.00548298940767844
2025-06-11,69.7699966430664,16247.7998046875,6022.240234375,4.4120001792907715,-0.06199979782104492,-0.0019043172943913333,0.04336763537268751,-0.002743888954607865
2025-06-12,69.36000061035156,15778.0,6045.259765625,4.35699987411499,-0.05500030517578125,-0.028914672160840094,-0.00587639461719236,0.0038224199557175265
2025-06-13,74.2300033569336,16164.5,5976.97021484375,4.423999786376953,0.06699991226196289,0.024496133857269564,0.07021341845050699,-0.011296379879250695
2025-06-16,73.2300033569336,16282.599609375,6033.10986328125,4.452000141143799,0.028000354766845703,0.007306109646138204,-0.013471641583949756,0.009392659896159117
2025-06-17,76.44999694824219,15801.0,5982.72021484375,4.39300012588501,-0.05900001525878906,-0.029577562608473773,0.04397096058583916,-0.008352184790166306
2025-06-18,76.69999694824219,16275.0,5980.8701171875,4.396999835968018,0.0039997100830078125,0.02999810138598824,0.0032701113143176475,-0.0003092402101070313
2025-06-19,,15598.5,,,,-0.04156682027649772,,
2025-06-20,77.01000213623047,16390.0,5967.83984375,4.375,,0.05074205853126901,,
2025-06-23,71.4800033569336,16431.0,6025.169921875,4.320000171661377,-0.05499982833862305,0.0025015253203173327,-0.07180883814954742,0.009606504133156335
2025-06-24,67.13999938964844,16370.0,6092.18017578125,4.293000221252441,-0.026999950408935547,-0.0037124946747002507,-0.060716336925915604,0.01112172017970181
2025-06-25,67.68000030517578,16290.0,6092.16015625,4.293000221252441,0.0,-0.004886988393402514,0.008042909151569022,-3.2861029504172024e-06
2025-06-26,67.7300033569336,16290.0,6141.02001953125,4.252999782562256,-0.04000043869018555,0.0,0.0007388157732319822,0.008020121275230219
2025-06-27,67.7699966430664,16222.7998046875,6173.06982421875,4.2829999923706055,0.03000020980834961,-0.00412524219229593,0.0005904810888912593,0.005218970885222163
2025-06-30,67.61000061035156,16229.0,6204.9501953125,4.230000019073486,-0.05299997329711914,0.00038219021298080413,-0.0023608682402260772,0.005164427424532603
2025-07-01,67.11000061035156,16230.0,6198.009765625,4.250999927520752,0.020999908447265625,6.161809107152472e-05,-0.007395355649848168,-0.001118531087121899
2025-07-02,69.11000061035156,16236.400390625,6227.419921875,4.293000221252441,0.04200029373168945,0.0003943555529883902,0.029801817639851125,0.004745096791088033
2025-07-03,68.80000305175781,16235.0,6279.35009765625,4.3480000495910645,0.05499982833862305,-8.625006721374451e-05,-0.004485567296425685,0.008338955206607324
2025-07-04,68.29000091552734,16203.7001953125,,,,-0.001927921446720049,-0.00741282141872579,
2025-07-07,69.58000183105469,16178.0,6229.97998046875,4.394999980926514,,-0.001586069539840973,0.018890040975735767,
2025-07-08,70.1500015258789,16318.900390625,6225.52001953125,4.414999961853027,0.019999980926513672,0.008709382533378607,0.008192004596496272,-0.0007158868810946961
2025-07-09,70.19000244140625,16261.0,6263.259765625,4.3420000076293945,-0.07299995422363281,-0.0035480571140849015,0.0005702197385211161,0.0060621034026635545
2025-07-10,68.63999938964844,16235.0,6280.4599609375,4.3460001945495605,0.004000186920166016,-0.001598917655740717,-0.022082960504976934,0.0027462050044453346
2025-07-11,70.36000061035156,16209.099609375,6259.75,4.422999858856201,0.07699966430664062,-0.0015953428164459105,0.02505829306523144,-0.0032975229626984737
2025-07-14,69.20999908447266,16222.0,6268.56005859375,4.427000045776367,0.004000186920166016,0.0007958733634740867,-0.01634453547332282,0.001407413809457303
2025-07-15,68.70999908447266,16256.2001953125,6243.759765625,4.488999843597412,0.06199979782104492,0.0021082600981692234,-0.007224389634649997,-0.003956298214731202
2025-07-16,68.5199966430664,16252.099609375,6263.7001953125,4.454999923706055,-0.03399991989135742,-0.000252247504843206,-0.002765280802473291,0.003193657417327689
2025-07-17,69.5199966430664,16271.2001953125,6297.35986328125,4.4629998207092285,0.007999897003173828,0.0011752688204349493,0.014594279757618622,0.00537376740890938
2025-07-18,69.27999877929688,16329.7001953125,6296.7900390625,4.432000160217285,-0.03099966049194336,0.0035953094607521496,-0.00345221339698476,-9.048620868445933e-05
2025-07-21,69.20999908447266,16321.0,6305.60009765625,4.372000217437744,-0.059999942779541016,-0.0005327835299142603,-0.0010103882225404037,0.001399134882868358
2025-07-22,68.58999633789062,16329.5,6309.6201171875,4.335999965667725,-0.03600025177001953,0.000520801421481476,-0.008958282831723507,0.0006375316336257875
2025-07-23,68.51000213623047,16245.2998046875,6358.91015625,4.388000011444092,0.05200004577636719,-0.005156324156434633,-0.0011662663060381107,0.007811886951519131
2025-07-24,69.18000030517578,16266.099609375,6363.35009765625,4.4079999923706055,0.019999980926513672,0.001280358315178587,0.009779567188058724,0.0006982236416543941
2025-07-25,68.44000244140625,16307.0,6388.64013671875,4.386000156402588,-0.021999835968017578,0.0025144559302603398,-0.01069670223337893,0.00397432777929585
2025-07-28,70.04000091552734,16353.0,6389.77001953125,4.420000076293945,0.03399991989135742,0.0028208744710860323,0.023378118308673423,0.00017685810881817865
2025-07-29,72.51000213623047,16398.80078125,6370.85986328125,4.329999923706055,-0.09000015258789062,0.002800757124075126,0.03526557950337694,-0.002959442388724254
2025-07-30,73.23999786376953,16367.900390625,6362.89990234375,4.375999927520752,0.046000003814697266,-0.0018843079464890833,0.010067517666977333,-0.0012494327466496813
2025-07-31,72.52999877929688,16426.80078125,6339.39013671875,4.360000133514404,-0.015999794006347656,0.003598530612926698,-0.009694143981179404,-0.0036948193411530106
2025-08-01,69.66999816894531,16483.0,6238.009765625,4.21999979019165,-0.1400003433227539,0.003421190741787594,-0.03943196826811379,-0.015992133140148468
2025-08-04,68.76000213623047,16483.0,6329.93994140625,4.199999809265137,-0.019999980926513672,0.0,-0.013061519400476507,0.01473710033091602
2025-08-05,67.63999938964844,16362.0,6299.18994140625,4.196000099182129,-0.0039997100830078125,-0.007340896681429343,-0.016288579287170868,-0.004857865996303334
2025-08-06,66.88999938964844,16377.5,6345.06005859375,4.21999979019165,0.023999691009521484,0.0009473169539175874,-0.011088113642336639,0.007281907295092482
2025-08-07,66.43000030517578,16334.7001953125,6340.0,4.24399995803833,0.024000167846679688,-0.002613329548923793,-0.00687694855239962,-0.0007974800154801898
2025-08-08,66.58999633789062,16300.0,6389.4501953125,4.284999847412109,0.0409998893737793,-0.002124323978866638,0.0024084906214034696,0.007799715348974834
2025-08-11,66.62999725341797,16249.0,6373.4501953125,4.2729997634887695,-0.012000083923339844,-0.003128834355828225,0.0006007045761704521,-0.0025041278217863283
2025-08-12,66.12000274658203,16298.0,6445.759765625,4.293000221252441,0.020000457763671875,0.003015570188934724,-0.0076541276881079146,0.01134543584661274
2025-08-13,65.62999725341797,16248.2001953125,6466.580078125,4.23799991607666,-0.05500030517578125,-0.003055577659068609,-0.007410851070924873,0.0032300788824048965
2025-08-14,66.83999633789062,16109.0,6468.5400390625,4.293000221252441,0.05500030517578125,-0.008567114735123615,0.018436677359599418,0.00030309080129242716
2025-08-15,65.8499984741211,16169.0,6449.7998046875,4.328000068664551,0.034999847412109375,0.0037246259854739616,-0.014811458976821013,-0.0028971350972291088
2025-08-18,66.5999984741211,16196.0,6449.14990234375,4.341000080108643,0.013000011444091797,0.001669862081761453,0.011389521904009658,-0.00010076318078544588
2025-08-19,65.79000091552734,16205.400390625,6411.3701171875,4.302000045776367,-0.03900003433227539,0.0005804143384169347,-0.012162125783058308,-0.005858103118756786
2025-08-20,66.83999633789062,16275.2001953125,6395.77978515625,4.296000003814697,-0.006000041961669922,0.004307194083762456,0.015959802519404764,-0.0024316693228262354
2025-08-21,67.66999816894531,16263.599609375,6370.169921875,4.329999923706055,0.03399991989135742,-0.000712776850563146,0.012417742018698608,-0.004004181529308926
2025-08-22,67.7300033569336,16339.7001953125,6466.91015625,4.260000228881836,-0.06999969482421875,0.004679196965328147,0.0008867325197567943,0.015186444876893468
2025-08-25,68.80000305175781,16227.0,6439.31982421875,4.275000095367432,0.014999866485595703,-0.006897323326950144,0.015798016267404735,-0.004266385548063467
2025-08-26,67.22000122070312,16267.0,6465.93994140625,4.257999897003174,-0.017000198364257812,0.002465027423430133,-0.022965141874573214,0.004133995191134998
2025-08-27,68.05000305175781,16299.2001953125,6481.39990234375,4.23799991607666,-0.019999980926513672,0.001979479640529913,0.012347542635852582,0.0023909843081744153
2025-08-28,68.62000274658203,16314.0,6501.85986328125,4.206999778747559,-0.031000137329101562,0.0009080080316921091,0.00837618911479976,0.0031567194195349924
2025-08-29,68.12000274658203,16344.2998046875,6460.259765625,4.2270002365112305,0.020000457763671875,0.0018572885060377242,-0.007286505100364549,-0.00639818429357164
2025-09-01,,16409.0,,,,0.0039585785922713335,,
2025-09-02,69.13999938964844,16405.19921875,6415.5400390625,4.2769999504089355,,-0.00023162784142849446,,
2025-09-03,67.5999984741211,16443.900390625,6448.259765625,4.210999965667725,-0.06599998474121094,0.002359079664864261,-0.022273661109663112,0.0051000736279842585
2025-09-04,66.98999786376953,16463.0,6502.080078125,4.176000118255615,-0.034999847412109375,0.001161501159778977,-0.009023677871606517,0.008346486409699372
2025-09-05,65.5,16452.099609375,6481.5,4.085999965667725,-0.09000015258789062,-0.0006621144764016318,-0.022242094510878774,-0.003165152978388819
2025-09-08,66.0199966430664,16392.0,6495.14990234375,4.046000003814697,-0.039999961853027344,-0.0036530054401539003,0.007938880046815422,0.0021059789159529885
2025-09-09,66.38999938964844,16446.099609375,6512.60986328125,4.073999881744385,0.0279998779296875,0.00330036660413624,0.005604404201691171,0.0026881536531127015
2025-09-10,67.48999786376953,16449.900390625,6532.0400390625,4.0320000648498535,-0.04199981689453125,0.00023110532833170438,0.01656873752423338,0.002983469943562689
2025-09-11,66.37000274658203,16439.0,6587.47021484375,4.011000156402588,-0.020999908447265625,-0.0006626417404456131,-0.016594979295276313,0.008485890387959882
2025-09-12,66.98999786376953,16413.599609375,6584.2900390625,4.060999870300293,0.04999971389770508,-0.001545129912099319,0.009341496030289553,-0.00048276131466740146
2025-09-15,67.44000244140625,16401.0,6615.27978515625,4.033999919891357,-0.026999950408935547,-0.0007676323094785165,0.006717489057871617,0.004706619226962694
2025-09-16,68.47000122070312,16364.599609375,6606.759765625,4.026000022888184,-0.007999897003173828,-0.0022194006844095115,0.015272816459218852,-0.0012879303382402618
2025-09-17,67.94999694824219,16398.099609375,6600.35009765625,4.076000213623047,0.05000019073486328,0.002047101719544031,-0.0075946292272549565,-0.0009701681605103207
2025-09-18,67.44000244140625,16418.599609375,6631.9599609375,4.104000091552734,0.0279998779296875,0.0012501448636328405,-0.007505438259613251,0.004789119185128365
2025-09-19,66.68000030517578,16569.099609375,6664.35986328125,4.138999938964844,0.034999847412109375,0.009166433409708352,-0.011269307661884831,0.004885418870829605
2025-09-22,66.56999969482422,16637.0,6693.75,4.14300012588501,0.004000186920166016,0.004098013303425407,-0.001649679211879418,0.004410046474333074
2025-09-23,67.62999725341797,16582.0,6656.919921875,4.119999885559082,-0.023000240325927734,-0.003305884474364418,0.015923051877017924,-0.005502159197012135
2025-09-24,69.30999755859375,16633.0,6637.97021484375,4.146999835968018,0.026999950408935547,0.003075624170787661,0.024841052393963725,-0.002846617843333288
2025-09-25,69.41999816894531,16695.099609375,6604.72021484375,4.171999931335449,0.02500009536743164,0.003733518269404268,0.0015870814345155804,-0.0050090613431266195
2025-09-26,70.12999725341797,16759.099609375,6643.7001953125,4.186999797821045,0.014999866485595703,0.0038334602067340295,0.010227587196772303,0.005901836747171263
2025-09-29,67.97000122070312,16723.0,6661.2099609375,4.140999794006348,-0.046000003814697266,-0.0021540303606051303,-0.030799887598877196,0.00263554421636214
2025-09-30,67.0199966430664,16628.0,6688.4599609375,4.1479997634887695,0.006999969482421875,-0.005680798899718953,-0.013976821547376339,0.0040908483833717035
2025-10-01,65.3499984741211,16683.0,6711.2001953125,4.105999946594238,-0.04199981689453125,0.0033076738032233877,-0.024917908871875283,0.003399920834961989
2025-10-02,64.11000061035156,16644.099609375,6715.35009765625,4.0879998207092285,-0.018000125885009766,-0.0023317383339327424,-0.01897471909292514,0.0006183547238911569
2025-10-03,64.52999877929688,16601.5,6715.7900390625,4.11899995803833,0.031000137329101562,-0.0025594421070999074,0.006551211432643367,6.551280273581206e-05
2025-10-06,65.47000122070312,16558.0,6740.27978515625,4.1620001792907715,0.043000221252441406,-0.002620245158569956,0.014566906232575727,0.0036465919796933033
2025-10-07,65.44999694824219,16596.5,6714.58984375,4.126999855041504,-0.03500032424926758,0.0023251600434834874,-0.0003055486801275542,-0.0038114057910215715
2025-10-08,66.25,16587.0,6753.72021484375,4.129000186920166,0.0020003318786621094,-0.0005724098454493731,0.012223118243847253,0.0058276636405680815
2025-10-09,65.22000122070312,16556.0,6735.10986328125,4.1479997634887695,0.018999576568603516,-0.0018689335021402353,-0.015547151385613245,-0.002755570407195318
2025-10-10,62.72999954223633,16577.69921875,6552.509765625,4.051000118255615,-0.0969996452331543,0.001310655880043532,-0.038178497881971585,-0.02711167321141361
2025-10-13,63.31999969482422,16598.0,6654.72021484375,4.051000118255615,0.0,0.0012245837605160403,0.009405390672618141,0.015598671787557583
2025-10-14,62.38999938964844,16548.0,6644.31005859375,4.021999835968018,-0.029000282287597656,-0.0030124111338715176,-0.01468730748038527,-0.0015643266604626893
2025-10-15,61.90999984741211,16585.900390625,6671.06005859375,4.046000003814697,0.024000167846679688,0.00229033059131023,-0.007693533369643957,0.004026001159503689
2025-10-16,61.060001373291016,16575.0,6629.06982421875,3.9760000705718994,-0.06999993324279785,-0.0006572082532921852,-0.013729582881861768,-0.006294387099829435
2025-10-17,61.290000915527344,16561.900390625,6664.009765625,4.006999969482422,0.03099989891052246,-0.00079032334087481,0.003766779185447877,0.0052707155502571545
2025-10-20,61.0099983215332,16566.0,6735.1298828125,3.9860000610351562,-0.020999908447265625,0.00024753254628429033,-0.004568487352122119,0.010672270853256949
2025-10-21,61.31999969482422,16542.0,6735.35009765625,3.9630000591278076,-0.023000001907348633,-0.0014487504527345152,0.005081156889355398,3.2696450934288634e-05
2025-10-22,62.59000015258789,16598.900390625,6699.39990234375,3.953000068664551,-0.009999990463256836,0.0034397527883569534,0.02071103170391675,-0.005337539220865439
2025-10-23,65.98999786376953,16596.599609375,6738.43994140625,3.990999937057495,0.037999868392944336,-0.00013861046188934356,0.05432173994077005,0.0058273934429324825
2025-10-24,65.94000244140625,16593.80078125,6791.68994140625,3.996999979019165,0.006000041961669922,-0.00016863864833005504,-0.0007576212150588457,0.00790242258787388
2025-10-27,65.62000274658203,16597.80078125,6875.16015625,3.996999979019165,0.0,0.0002410538762476211,-0.004852891764882239,0.012290050865671143
2025-10-28,64.4000015258789,16158.2001953125,6890.89013671875,3.9830000400543213,-0.01399993896484375,-0.02648547188457051,-0.018591910540062706,0.0022879438603986557
2025-10-29,64.91999816894531,16561.779296875,6890.58984375,4.058000087738037,0.07500004768371582,0.024976736064922456,0.008074481843877823,-4.3578255173426506e-05
2025-10-30,65.0,16562.0,6822.33984375,4.0929999351501465,0.034999847412109375,1.3326051570006214e-05,0.0012323141298693496,-0.00990481243951924
2025-10-31,65.06999969482422,16150.0,6840.2001953125,4.10099983215332,0.007999897003173828,-0.02487622267842049,0.0010769183819110406,0.0026179217059763005
2025-11-03,64.88999938964844,16630.0,6851.97021484375,4.105999946594238,0.005000114440917969,0.029721362229102155,-0.002766256431842251,0.0017207127269924793
2025-11-04,64.44000244140625,16640.900390625,6771.5498046875,4.089000225067139,-0.01699972152709961,0.0006554654615154032,-0.0069347657955745046,-0.011736830084583816
2025-11-05,63.52000045776367,16707.0,6796.2900390625,4.1570000648498535,0.06799983978271484,0.003972117362846417,-0.014276876920964021,0.0036535556982648654
2025-11-06,63.380001068115234,16669.0,6720.31982421875,4.0929999351501465,-0.06400012969970703,-0.0022744957203567617,-0.002204020602007528,-0.011178189042419073
2025-11-07,63.630001068115234,16694.099609375,6728.7998046875,4.0929999351501465,0.0,0.0015057657552941528,0.003944461908912178,0.0012618418007710464
2025-11-10,64.05999755859375,16653.0,6832.43017578125,4.110000133514404,0.017000198364257812,-0.0024619242928153318,0.006757763370429659,0.01540101862170995
2025-11-11,65.16000366210938,16690.0,6846.60986328125,4.119999885559082,0.009999752044677734,0.0022218218939531464,0.017171497743337927,0.002075350517340535
2025-11-12,62.709999084472656,16694.900390625,6850.919921875,4.065000057220459,-0.05499982833862305,0.0002936123801677848,-0.037599822589657106,0.0006295171887717999
2025-11-13,63.0099983215332,16729.0,6737.490234375,4.111999988555908,0.04699993133544922,0.002042516491691515,0.004783913912300264,-0.01655685496159698
2025-11-14,64.38999938964844,16719.0,6734.10986328125,4.1479997634887695,0.03599977493286133,-0.0005977643612887773,0.02190130304516491,-0.0005017255648851471
2025-11-17,64.19999694824219,16679.5,6672.41015625,4.132999897003174,-0.014999866485595703,-0.0023625814941085066,-0.0029508066968050306,-0.00916226617680782
2025-11-18,64.88999938964844,16738.900390625,6617.31982421875,4.123000144958496,-0.009999752044677734,0.0035612812509366876,0.010747702090430522,-0.008256436690967983
2025-11-19,63.5099983215332,16727.69921875,6642.16015625,4.132999897003174,0.009999752044677734,-0.0006691701135441708,-0.02126677579126901,0.0037538357962292324
2025-11-20,63.380001068115234,16686.69921875,6538.759765625,4.105999946594238,-0.026999950408935547,-0.0024510244633071387,-0.00204687855225294,-0.015567283563270418
2025-11-21,62.560001373291016,16731.0,6602.990234375,4.063000202178955,-0.0429997444152832,0.0026548558626993124,-0.01293783024621531,0.009823035415319481
2025-11-24,63.369998931884766,16639.0,6705.1201171875,4.038000106811523,-0.02500009536743164,-0.005498774729543965,0.0129475310232261,0.015467217001293498
2025-11-25,62.47999954223633,16645.0,6765.8798828125,4.001999855041504,-0.03600025177001953,0.0003605985936654399,-0.014044491157481076,0.009061696817220577
2025-11-26,63.130001068115234,16633.5,6812.60986328125,3.997999906539917,-0.003999948501586914,-0.0006908981676179149,0.010403353563399165,0.006906711511012631
2025-11-27,,16614.69921875,,,,-0.0011302961643671061,,
2025-11-28,63.20000076293945,16603.900390625,6849.08984375,4.017000198364258,,-0.0006499562816528748,,
2025-12-01,63.16999816894531,16635.0,6812.6298828125,4.0960001945495605,0.07899999618530273,0.0018730303509022495,-0.0004747245827840807,-0.005323329342915684
2025-12-02,62.45000076293945,16609.0,6829.3701171875,4.085999965667725,-0.010000228881835938,-0.0015629696423203887,-0.011397774685385609,0.002457235261999813
2025-12-03,62.66999816894531,16609.900390625,6849.72021484375,4.057000160217285,-0.028999805450439453,5.421100758629116e-05,0.003522776674430572,0.0029797912994984355
2025-12-04,63.2599983215332,16594.0,6857.1201171875,4.107999801635742,0.05099964141845703,-0.000957283924109209,0.009414395561291977,0.0010803218396737702
2025-12-05,63.75,16654.400390625,6870.39990234375,4.138999938964844,0.031000137329101562,0.003639893372604508,0.007745837677330503,0.001936641757662061
2025-12-08,62.4900016784668,16683.0,6846.509765625,4.171999931335449,0.03299999237060547,0.0017172404111949202,-0.01976467955346206,-0.003477255626794018
2025-12-09,61.939998626708984,16686.0,6840.509765625,4.185999870300293,0.01399993896484375,0.0001798237727026475,-0.008801456824849674,-0.0008763589340257116
2025-12-10,62.209999084472656,16662.0,6886.68017578125,4.164000034332275,-0.021999835968017578,-0.0014383315354189463,0.0043590646391657994,0.00674955693920154
2025-12-11,61.279998779296875,16639.0,6901.0,4.140999794006348,-0.023000240325927734,-0.0013803865082222533,-0.014949370179429988,0.002079350841514227
2025-12-12,61.119998931884766,16649.0,6827.41015625,4.193999767303467,0.05299997329711914,0.0006009976561092145,-0.002610963619440576,-0.010663649289958
2025-12-15,60.560001373291016,16623.099609375,6816.509765625,4.182000160217285,-0.01199960708618164,-0.0015556724502973074,-0.009162263880564514,-0.0015965630269072495
2025-12-16,58.91999816894531,16645.80078125,6800.259765625,4.14900016784668,-0.03299999237060547,0.0013656401278012709,-0.027080633539565913,-0.0023839179519623555
2025-12-17,59.68000030517578,16644.599609375,6721.43017578125,4.151000022888184,0.0019998550415039062,-7.216065425663665e-05,0.012898882550051338,-0.011592143912241393
2025-12-18,59.81999969482422,16657.0,6774.759765625,4.116000175476074,-0.034999847412109375,0.0007450098479999667,0.002345834264955604,0.007934262269941872
2025-12-19,60.470001220703125,16685.19921875,6834.5,4.151000022888184,0.034999847412109375,0.0016929350273158228,0.010865956689985579,0.008818059450332205
2025-12-22,62.06999969482422,16678.5,6878.490234375,4.169000148773193,0.018000125885009766,-0.000401506668405327,0.026459375588259393,0.006436496360377575
2025-12-23,62.380001068115234,16756.400390625,6909.7900390625,4.169000148773193,0.0,0.004670707235362892,0.0049943833545220695,0.004550388765703239
2025-12-24,62.2400016784668,16735.0,6932.0498046875,4.136000156402588,-0.03299999237060547,-0.0012771472467901779,-0.0022442992505813386,0.0032214822012188726
2025-12-26,60.63999938964844,16753.099609375,6929.93994140625,4.136000156402588,0.0,0.001081542239318889,-0.025706976954853022,-0.00030436354912266594
2025-12-29,61.939998626708984,16741.099609375,6905.740234375,4.116000175476074,-0.019999980926513672,-0.000716285360906288,0.021437982357276564,-0.00349205148036813
2025-12-30,61.91999816894531,16770.0,6896.240234375,4.130000114440918,0.01399993896484375,0.0017263137607050894,-0.00032290051997263536,-0.0013756671519022934
2025-12-31,60.849998474121094,16709.0,6845.5,4.163000106811523,0.03299999237060547,-0.0036374478234942886,-0.017280357339559127,-0.007357666300846111
2026-01-02,60.75,16668.0,6858.47021484375,4.186999797821045,0.023999691009521484,-0.002453767430726006,-0.0016433603390084706,0.0018947067188299638
2026-01-05,61.7599983215332,16683.0,6902.0498046875,4.164999961853027,-0.021999835968017578,0.0008999280057595538,0.016625486774209053,0.006354126864826393
2026-01-06,60.70000076293945,16727.19921875,6944.81982421875,4.178999900817871,0.01399993896484375,0.002649356755379806,-0.017163173371139373,0.006196712678341321
2026-01-07,59.959999084472656,16742.0,6920.93017578125,4.138000011444092,-0.0409998893737793,0.0008848332022859395,-0.012191131287738077,-0.003439923431013958
2026-01-08,61.9900016784668,16753.0,6921.4599609375,4.183000087738037,0.04500007629394531,0.0006570302233903647,0.033855947714979795,7.65482590914246e-05
2026-01-09,63.34000015258789,16805.69921875,6966.27978515625,4.171000003814697,-0.012000083923339844,0.0031456586133826736,0.02177768087704446,0.006475487031883276
2026-01-12,63.869998931884766,16826.69921875,6977.27001953125,4.186999797821045,0.015999794006347656,0.0012495760947910384,0.008367520966531261,0.001577633215136931
2026-01-13,65.47000122070312,16859.400390625,6963.740234375,4.171000003814697,-0.015999794006347656,0.0019434097828623376,0.02505092086387406,-0.0019391230550597216
2026-01-14,66.5199966430664,16840.80078125,6926.60009765625,4.139999866485596,-0.031000137329101562,-0.0011032189131318093,0.016037809726376695,-0.005333360445499591
2026-01-15,63.7599983215332,16845.099609375,6944.47021484375,4.159999847412109,0.019999980926513672,0.00025526269093956167,-0.04149125767914308,0.0025799262171273263
2026-01-16,64.12999725341797,16878.900390625,6940.009765625,4.230999946594238,0.0710000991821289,0.002006564640982589,0.0058029946929878395,-0.0006423023039563436
2026-01-19,,16876.599609375,,,,-0.0001363110864306405,,
2026-01-20,64.91999816894531,16939.0,6796.85986328125,4.295000076293945,,0.0036974504384363893,,
2026-01-21,65.23999786376953,16960.099609375,6875.6201171875,4.252999782562256,-0.04200029373168945,0.0012456230813506775,0.004929138999533844,0.011587741323274559
2026-01-22,64.05999755859375,16897.0,6913.35009765625,4.249000072479248,-0.0039997100830078125,-0.003720473984723527,-0.018087068421427488,0.005487502192628835
2026-01-23,65.87999725341797,16820.0,6915.60986328125,4.238999843597412,-0.010000228881835938,-0.004557021956560381,0.028410861133104426,0.0003268698377891788
2026-01-26,65.58999633789062,16770.0,6950.22998046875,4.2129998207092285,-0.026000022888183594,-0.0029726516052318575,-0.0044019570069471214,0.005006083031276365
2026-01-27,67.56999969482422,16734.0,6978.60009765625,4.2230000495910645,0.010000228881835938,-0.0021466905187835783,0.030187581452718604,0.004081896177137168
2026-01-28,68.4000015258789,16674.69921875,6978.02978515625,4.250999927520752,0.0279998779296875,-0.0035437302049718955,0.012283584946031434,-8.172305219089626e-05
2026-01-29,70.70999908447266,16722.80078125,6969.009765625,4.2270002365112305,-0.023999691009521484,0.0028847034581536146,0.03377189337809838,-0.001292631274007694
2026-01-30,70.69000244140625,16778.30078125,6939.02978515625,4.241000175476074,0.01399993896484375,0.0033188220517599287,-0.00028279795397134766,-0.004301899620894223
2026-02-02,66.30000305175781,16758.400390625,6976.43994140625,4.275000095367432,0.03399991989135742,-0.0011860790245957764,-0.06210212530813297,0.00539126612916796
2026-02-03,67.33000183105469,16758.400390625,6917.81005859375,4.27400016784668,-0.0009999275207519531,0.0,0.015535425820309534,-0.008403983020698336
2026-02-04,69.45999908447266,16759.0,6882.72021484375,4.275000095367432,0.0009999275207519531,3.5779630574772625e-05,0.03163518781363739,-0.005072391906223106
2026-02-05,67.55000305175781,16800.0,6798.39990234375,4.210000038146973,-0.06500005722045898,0.0024464466853630906,-0.027497783730057845,-0.012251015567674717
2026-02-06,68.05000305175781,16879.900390625,6932.2998046875,4.205999851226807,-0.004000186920166016,0.004755975632440457,0.007401924165967744,0.0196957966973359
2026-02-09,69.04000091552734,16843.5,6964.81982421875,4.197999954223633,-0.007999897003173828,-0.0021564339707369484,0.014548094333170836,0.004691086716887227
2026-02-10,68.80000305175781,16796.0,6941.81005859375,4.146999835968018,-0.051000118255615234,-0.0028200789622109257,-0.003476214666670918,-0.003303712975458173
2026-02-11,69.4000015258789,16778.0,6941.47021484375,4.171999931335449,0.02500009536743164,-0.001071683734222395,0.008720907667252753,-4.895607156218951e-05
2026-02-12,67.5199966430664,16793.900390625,6832.759765625,4.104000091552734,-0.06799983978271484,0.000947692849266879,-0.02708940693771389,-0.01566101212770199
2026-02-13,67.75,16809.0,6836.169921875,4.056000232696533,-0.04799985885620117,0.0008991127149611255,0.0034064479912443435,0.0004990891480125548
2026-02-16,,16826.099609375,,,,0.0010172889151645048,,
2026-02-17,67.41999816894531,16806.599609375,6843.22021484375,4.052000045776367,,-0.0011589138572040136,,
2026-02-18,70.3499984741211,16840.0,6881.31005859375,4.078999996185303,0.026999950408935547,0.0019873377959434,0.04345891997554796,0.005566070147410729
2026-02-19,71.66000366210938,16915.30078125,6861.89013671875,4.074999809265137,-0.004000186920166016,0.004471542829572517,0.018621253964492768,-0.0028221256867719813
2026-02-20,71.76000213623047,16887.19921875,6909.509765625,4.085999965667725,0.01100015640258789,-0.0016613102458781226,0.0013954572845489288,0.006939724763506794
2026-02-23,71.48999786376953,16843.400390625,6837.75,4.0289998054504395,-0.057000160217285156,-0.002593611146386565,-0.0037626012322067304,-0.010385652247284827
2026-02-24,70.7699966430664,16804.30078125,6890.06982421875,4.0329999923706055,0.004000186920166016,-0.0023213607981891204,-0.010071356024868638,0.0076516140863223114
2026-02-25,70.8499984741211,16816.80078125,6946.1298828125,4.047999858856201,0.014999866485595703,0.0007438571924365256,0.00113044842234733,0.008136355657339944
2026-02-26,70.75,16749.80078125,6908.85986328125,4.017000198364258,-0.03099966049194336,-0.003984110941880337,-0.0014114110977380134,-0.005365580569328343
2026-02-27,72.4800033569336,16749.0,6878.8798828125,3.9619998931884766,-0.05500030517578125,-4.780840443763257e-05,0.024452344267612558,-0.00433935281103115
2026-03-02,77.73999786376953,16795.0,6881.6201171875,4.047999858856201,0.08599996566772461,0.0027464326228432423,0.0725716647794934,0.0003983547353176853
2026-03-03,81.4000015258789,16863.0,6816.6298828125,4.056000232696533,0.008000373840332031,0.004048824054778244,0.04708005869157739,-0.009444031095625416
2026-03-04,81.4000015258789,16898.099609375,6869.5,4.079999923706055,0.023999691009521484,0.0020814569990512677,0.0,0.007756049264286302
2026-03-05,85.41000366210938,16865.0,6830.7099609375,4.145999908447266,0.06599998474121094,-0.001958777030562464,0.049262924583061585,-0.005646704863891072
2026-03-06,92.69000244140625,16913.099609375,6740.02001953125,4.132999897003174,-0.013000011444091797,0.0028520373184108827,0.08523590290544059,-0.013276795812569242
2026-03-09,98.95999908447266,16923.69921875,6795.990234375,4.136000156402588,0.0030002593994140625,0.0006267100425001448,0.06764479963230086,0.008304161513105202
2026-03-10,87.80000305175781,16886.0,6781.47998046875,4.136000156402588,0.0,-0.002227599194638996,-0.11277279846363608,-0.0021351198877325173
2026-03-11,91.9800033569336,16852.0,6775.7998046875,4.208000183105469,0.07200002670288086,-0.0020135023096056193,0.04760820227661822,-0.0008376012017449197
2026-03-12,100.45999908447266,16884.0,6672.6201171875,4.2729997634887695,0.06499958038330078,0.0018988844054117493,0.09219390539302297,-0.015227676506708532
2026-03-13,103.13999938964844,16908.0,6632.18994140625,4.284999847412109,0.012000083923339844,0.001421464108031234,0.02667728777224343,-0.006059115470564369
2026-03-16,100.20999908447266,16952.099609375,6699.3798828125,4.21999979019165,-0.06500005722045898,0.0026082096862432014,-0.028407992267933335,0.010130883162251969
2026-03-17,103.41999816894531,16953.099609375,6716.08984375,4.202000141143799,-0.017999649047851562,5.898974304319182e-05,0.03203272242091093,0.0024942548757938
2026-03-18,107.37999725341797,16971.30078125,6624.7001953125,4.258999824523926,0.05699968338012695,0.0010736191194755662,0.03829045788613983,-0.013607567880073446
2026-03-19,108.6500015258789,17041.69921875,6606.490234375,4.281000137329102,0.02200031280517578,0.004148087315603899,0.011827195985707695,-0.002748797741878972
2026-03-20,112.19000244140625,16915.900390625,6506.47998046875,4.390999794006348,0.1099996566772461,-0.007381824224816147,0.032581692276222984,-0.015138182356779217
2026-03-23,99.94000244140625,16959.30078125,6581.0,4.334000110626221,-0.05699968338012695,0.002565656549328832,-0.10918976498282762,0.011453200463990454
2026-03-24,104.48999786376953,16865.099609375,6556.3701171875,4.392000198364258,0.05800008773803711,-0.00555454337947392,0.04552726947381158,-0.0037425745042546366
2026-03-25,102.22000122070312,16797.30078125,6591.89990234375,4.328000068664551,-0.06400012969970703,-0.004020066865618288,-0.021724535261508526,0.005419124381509377
2026-03-26,108.01000213623047,16749.599609375,6477.16015625,4.415999889373779,0.08799982070922852,-0.0028398117350048047,0.05664254398731772,-0.017406172392416708
2026-03-27,112.56999969482422,16925.0,6368.85009765625,4.440000057220459,0.024000167846679688,0.010471915431747192,0.042218289680638454,-0.01672184352107431
2026-03-30,112.77999877929688,16958.0,6343.72021484375,4.3420000076293945,-0.09800004959106445,0.0019497784342688007,0.0018654977795324879,-0.003945748828622642
2026-03-31,118.3499984741211,16975.400390625,6528.52001953125,4.310999870300293,-0.031000137329101562,0.0010260874292369326,0.049388187223909696,0.02913114047102594
2026-04-01,101.16000366210938,16936.400390625,6575.31982421875,4.318999767303467,0.007999897003173828,-0.002297442128171401,-0.14524710632565452,0.007168516684867399
2026-04-02,109.02999877929688,16924.099609375,6582.68994140625,4.313000202178955,-0.005999565124511719,-0.0007262925395179476,0.07779749735354446,0.0011208758485563575
2026-04-03,,16959.0,,,,0.002062171189636919,,
2026-04-06,109.7699966430664,16988.0,6611.830078125,4.335000038146973,,0.0017100064862314301,,
2026-04-07,109.2699966430664,17015.30078125,6616.85009765625,4.3429999351501465,0.007999897003173828,0.0016070627060278397,-0.004554978730898829,0.0007592481161695641
2026-04-08,94.75,17027.400390625,6782.81005859375,4.290999889373779,-0.05200004577636719,0.0007111017037284562,-0.13288182565335294,0.025081414644149813
2026-04-09,95.91999816894531,17005.5,6824.66015625,4.293000221252441,0.0020003318786621094,-0.0012861852145709118,0.012348265635306666,0.006170023529293189
2026-04-10,95.19999694824219,17059.0,6816.89013671875,4.316999912261963,0.023999691009521484,0.003146040986739651,-0.007506268082230094,-0.0011385210916523558
2026-04-13,99.36000061035156,17083.0,6886.240234375,4.296999931335449,-0.019999980926513672,0.0014068819977723912,0.04369751885991202,0.010173274948748201
2026-04-14,94.79000091552734,17079.19921875,6967.3798828125,4.25600004196167,-0.0409998893737793,-0.00022248909734823297,-0.045994360575196125,0.011782866364792755
2026-04-15,94.93000030517578,17129.0,7022.9501953125,4.2820000648498535,0.026000022888183594,0.002915873315379347,0.0014769425920060364,0.007975783355387733
2026-04-16,99.38999938964844,17146.099609375,7041.27978515625,4.309000015258789,0.026999950408935547,0.000998284159904328,0.046981976931790737,0.0026099558353673835
2026-04-17,90.37999725341797,17123.0,7126.06005859375,4.245999813079834,-0.06300020217895508,-0.0013472223946704442,-0.09065300524761721,0.012040463669150903
2026-04-20,95.4800033569336,17133.0,7109.14013671875,4.25,0.004000186920166016,0.0005840098113647496,0.05642848261231559,-0.002374372617670484
2026-04-21,98.4800033569336,17123.80078125,7064.009765625,4.291999816894531,0.04199981689453125,-0.0005369298284013668,0.03142019160582854,-0.006348217959672997
2026-04-22,101.91000366210938,17133.099609375,7137.89990234375,4.294000148773193,0.0020003318786621094,0.0005430352901081292,0.03482940889780428,0.010460084168953943
2026-04-23,105.06999969482422,17199.5,7108.39990234375,4.322999954223633,0.028999805450439453,0.0038755620488348796,0.031007711894428525,-0.004132868267081369
2026-04-24,105.33000183105469,17329.0,7165.080078125,4.309999942779541,-0.013000011444091797,0.0075292886421116645,0.002474561121020624,0.007973689797975636
2026-04-27,108.2300033569336,17246.0,7173.91015625,4.335999965667725,0.026000022888183594,-0.004789658953199827,0.027532530859824655,0.0012323767534654362
2026-04-28,111.26000213623047,17216.0,7138.7998046875,4.354000091552734,0.018000125885009766,-0.0017395338049402964,0.027995922436629517,-0.004894172187521972
2026-04-29,118.02999877929688,17244.0,7135.9501953125,4.418000221252441,0.06400012969970703,0.0016263940520446774,0.0608484317192175,-0.0003991720531409948
2026-04-30,114.01000213623047,17334.19921875,7209.009765625,4.389999866485596,-0.028000354766845703,0.005230759612038893,-0.03405910941830437,0.010238239941821936
2026-05-01,108.16999816894531,17311.0,7230.1201171875,4.377999782562256,-0.012000083923339844,-0.0013383496091879943,-0.051223610717127555,0.002928328889657106
2026-05-04,114.44000244140625,17288.5,7200.75,4.446000099182129,0.06800031661987305,-0.0012997516030269773,0.05796435590826321,-0.004062189384334225
2026-05-05,109.87000274658203,17346.19921875,7259.22021484375,4.415999889373779,-0.03000020980834961,0.003337433481794161,-0.0399335861353558,0.008120017337603702
2026-05-06,101.2699966430664,17389.80078125,7365.1201171875,4.355999946594238,-0.059999942779541016,0.002513609001611794,-0.07827437779674729,0.014588330317794274
2026-05-07,100.05999755859375,17296.900390625,7337.10986328125,4.392000198364258,0.03600025177001953,-0.005342234324223316,-0.011948248489998314,-0.003803095327784889
2026-05-08,101.29000091552734,17294.900390625,7398.93017578125,4.363999843597412,-0.028000354766845703,-0.00011562765321149193,0.012292658274484891,0.008425703533400997
2026-05-11,104.20999908447266,17358.0,7412.83984375,4.409999847412109,0.046000003814697266,0.00364845173720707,0.028828098949080783,0.0018799566475542484
2026-05-12,107.7699966430664,17413.0,7400.9599609375,4.4629998207092285,0.05299997329711914,0.003168567807350975,0.03416176556827355,-0.0016026088601545085
2026-05-13,105.62999725341797,17549.0,7444.25,4.480999946594238,0.018000125885009766,0.007810256704760876,-0.01985709804497915,0.005849246488426552
2026-05-14,105.72000122070312,17500.0,7501.240234375,4.460999965667725,-0.019999980926513672,-0.002792181890706069,0.0008520682535779756,0.007655604577358366
2026-05-15,109.26000213623047,17530.599609375,7408.5,4.59499979019165,0.13399982452392578,0.0017485491071429493,0.03348468477726518,-0.012363320128051747
2026-05-18,112.0999984741211,17586.0,7403.0498046875,4.623000144958496,0.028000354766845703,0.0031602108233292903,0.025993010089360835,-0.0007356678561787344
2026-05-19,111.27999877929688,17701.0,7353.60986328125,4.666999816894531,0.043999671936035156,0.006539292619128778,-0.007314894790239612,-0.006678320788135905
2026-05-20,105.0199966430664,17777.0,7432.97021484375,4.572000026702881,-0.09499979019165039,0.004293542737698441,-0.056254512984368565,0.010792026370445518
2026-05-21,102.58000183105469,17658.400390625,7445.72021484375,4.585999965667725,0.01399993896484375,-0.006671519906339629,-0.02323362111983851,0.0017153304306989359
2026-05-22,103.54000091552734,17692.0,7473.47021484375,4.558000087738037,-0.0279998779296875,0.001902754985261268,0.009358540332780718,0.0037269732409066503
2026-05-25,,17692.0,,,,0.0,,
2026-05-26,99.58000183105469,17762.0,7519.1201171875,4.493000030517578,,0.003956590549400785,,
2026-05-27,94.29000091552734,17699.69921875,7520.35986328125,4.480999946594238,-0.012000083923339844,-0.003507531879855863,-0.05312312530885721,0.00016487914469087706
2026-05-28,93.70999908447266,17804.0,7563.6298828125,4.454999923706055,-0.026000022888183594,0.0058927996437085906,-0.006151254909566695,0.005753716619668614
2026-05-29,92.05000305175781,17840.0,7580.06005859375,4.453000068664551,-0.0019998550415039062,0.0020220175241518756,-0.017714182573179582,0.002172260678511728
2026-06-01,94.9800033569336,17817.0,7599.9599609375,4.474999904632568,0.021999835968017578,-0.0012892376681614692,0.03183052914760154,0.0026252961308912415
2026-06-02,96.0,17864.0,7609.77978515625,4.454999923706055,-0.019999980926513672,0.0026379300667902505,0.01073906724590512,0.0012920889411551784
2026-06-03,97.80999755859375,17858.0,7553.68017578125,4.491000175476074,0.03600025177001953,-0.0003358710255262354,0.018854141235351562,-0.007372041104846239
2026-06-04,95.02999877929688,18004.19921875,7584.31005859375,4.4770002365112305,-0.01399993896484375,0.008186763285362275,-0.028422439921149123,0.004054961568363158
2026-06-05,93.08999633789062,17955.5,7383.740234375,4.535999774932861,0.05899953842163086,-0.0027048811312465615,-0.020414631867057276,-0.026445361894386843
2026-06-08,94.25,18029.0,7405.72998046875,4.552000045776367,0.01600027084350586,0.004093453259446989,0.012461099019693611,0.0029781310549599205
2026-06-09,91.44999694824219,18190.30078125,7386.64990234375,4.5279998779296875,-0.024000167846679688,0.008946740321149171,-0.029708255191064348,-0.0025763939780845124
2026-06-10,93.0999984741211,18031.0,7266.990234375,4.541999816894531,0.01399993896484375,-0.008757457238651178,0.018042663542271686,-0.016199450298948426
2026-06-11,90.37999725341797,17875.900390625,7394.2998046875,4.4629998207092285,-0.07899999618530273,-0.008601830701292168,-0.02921591047565053,0.017518885564244746
2026-06-12,87.33000183105469,17921.0,7431.4599609375,4.486999988555908,0.024000167846679688,0.0025229279862541976,-0.03374635444844443,0.0050255138730570525
2026-06-15,83.16999816894531,17772.0,7554.2900390625,4.468999862670898,-0.018000125885009766,-0.008314268176999096,-0.04763544686689869,0.016528391294663436
2026-06-16,78.95999908447266,17716.0,7511.35009765625,4.427999973297119,-0.0409998893737793,-0.0031510240828269698,-0.050619203765290166,-0.005684179609759754
2026-06-17,79.55000305175781,17730.0,7420.10009765625,4.4629998207092285,0.034999847412109375,0.0007902461052156085,0.007472188122165102,-0.012148282108228825
2026-06-18,79.8499984741211,17891.0,7500.580078125,4.451000213623047,-0.01199960708618164,0.009080654258319276,0.003771155384721947,0.010846212235623431
2026-06-19,,17794.400390625,,,,-0.005399340974512334,,
2026-06-22,77.9000015258789,17788.0,7472.7900390625,4.508999824523926,,-0.00035968565866217883,,
2026-06-23,77.08000183105469,17862.0,7365.4599609375,4.493000030517578,-0.015999794006347656,0.004160107937935642,-0.01052631166575535,-0.014362785193208105
2026-06-24,73.73999786376953,17916.0,7358.22021484375,4.4019999504089355,-0.09100008010864258,0.0030231776956668455,-0.04333165396915584,-0.0009829319733113406
2026-06-25,75.26000213623047,17990.0,7357.490234375,4.392000198364258,-0.009999752044677734,0.004130386246930184,0.020613023006442965,-9.92061187945481e-05
2026-06-26,71.98999786376953,17995.0,7354.02001953125,4.372000217437744,-0.019999980926513672,0.00027793218454696955,-0.043449431034320196,-0.00047165741757115853
2026-06-29,73.1500015258789,17830.0,7440.43017578125,4.374000072479248,0.0019998550415039062,-0.009169213670463972,0.016113400424104807,0.011750057250389023
2026-06-30,72.91999816894531,17925.0,7499.35986328125,4.418000221252441,0.04400014877319336,0.005328098710039253,-0.0031442700223625053,0.007920198981480553
2026-07-01,71.56999969482422,17935.0,7483.22998046875,4.474999904632568,0.05699968338012695,0.0005578800557879404,-0.018513418925125813,-0.0021508346187620875
2026-07-02,71.80000305175781,17998.0,7483.240234375,4.485000133514404,0.010000228881835938,0.003512684694730872,0.003213683916645671,1.3702513856905796e-06
2026-07-03,,17787.900390625,,,,-0.011673497576119574,,
2026-07-06,71.98999786376953,17998.0,7537.43017578125,4.479000091552734,,0.011811377664658673,,
2026-07-07,74.16000366210938,18046.0,7503.85009765625,4.5289998054504395,0.04999971389770508,0.0026669629958884222,0.030143156865294785,-0.0044551096782159405
2026-07-08,78.0199966430664,17979.0,7482.7099609375,4.568999767303467,0.039999961853027344,-0.0037127341239056033,0.05204952522041495,-0.002817238676629863
2026-07-09,76.30000305175781,18125.0,7543.64013671875,4.539000034332275,-0.029999732971191406,0.008120585127092683,-0.02204554813270998,0.008142795337428232
2026-07-10,76.01000213623047,18125.0,7575.39013671875,4.568999767303467,0.029999732971191406,0.0,-0.0038007982166216037,0.004208843399813977
2026-07-13,83.30000305175781,18065.0,7515.33984375,4.609000205993652,0.04000043869018555,-0.003310344827586187,0.0959084424502672,-0.007927023147980106
2026-07-14,84.7300033569336,18111.0,7543.58984375,4.585000038146973,-0.024000167846679688,0.0025463603653472777,0.01716686978135229,0.0037589783811964317
2026-07-15,84.94999694824219,18157.0,7572.39990234375,4.545000076293945,-0.039999961853027344,0.0025398928827784495,0.002596407206333362,0.003819144358387927
2026-07-16,84.2300033569336,18068.80078125,7533.77001953125,4.568999767303467,0.023999691009521484,-0.004857587638376404,-0.008475498730709408,-0.005101405539945647
2026-07-17,88.0999984741211,17985.0,7457.68994140625,4.540999889373779,-0.0279998779296875,-0.004637871780453717,0.04594556527307714,-0.010098540030789804
2026-07-20,89.22000122070312,17934.0,7443.27978515625,4.5980000495910645,0.057000160217285156,-0.0028356964136780904,0.012712857729628935,-0.0019322546744660052
2026-07-21,91.01000213623047,17931.0,7509.2001953125,4.627999782562256,0.029999732971191406,-0.00016728002676480447,0.020062776182881104,0.008856366018608064
2026-07-22,94.06999969482422,17911.0,7498.9599609375,4.6570000648498535,0.029000282287597656,-0.0011153867603591605,0.03362265121160335,-0.0013636917526039793
2026-07-23,100.69000244140625,17917.0,7408.2998046875,4.703000068664551,0.046000003814697266,0.00033498967115175304,0.07037315582075276,-0.012089697334330851
2026-07-24,96.77999877929688,17967.0,7411.97998046875,4.678999900817871,-0.024000167846679688,0.0027906457554278674,-0.038832094222906566,0.0004967638835191579
2026-07-27,88.36000061035156,17958.0,7413.18017578125,4.640999794006348,-0.03800010681152344,-0.0005009183503088543,-0.08700142875747297,0.0001619264104413265
2026-07-28,84.08999633789062,18053.0,7428.77978515625,4.604000091552734,-0.03699970245361328,0.0052901213943645775,-0.04832508197109153,0.002104307328987254
2026-07-29,90.73999786376953,18053.0,7316.14990234375,4.622000217437744,0.018000125885009766,0.0,0.0790819576107229,-0.015161289750108109
2026-07-30,89.02999877929688,18079.0,7437.6298828125,4.663000106811523,0.0409998893737793,0.0014402038442364873,-0.018845042150429925,0.016604359135647728
2026-07-31,90.12000274658203,18040.099609375,7489.72021484375,4.744999885559082,0.0819997787475586,-0.0021516892872947,0.01224310886476876,0.00700361981598796
2026-08-03,83.7699966430664,18030.0,7600.5,4.685999870300293,-0.05900001525878906,-0.0005598422178196838,-0.07046167232564204,0.01479091100582064
2026-08-04,79.36000061035156,17963.30078125,7736.52001953125,4.626999855041504,-0.05900001525878906,-0.0036993465751524734,-0.052644099432226255,0.01789619360979544
2026-08-05,79.44999694824219,17963.0,7723.5498046875,4.617000102996826,-0.009999752044677734,-1.674420829800294e-05,0.001134026426391932,-0.0016764921193257454
2026-08-06,82.48999786376953,17873.0,7709.9599609375,4.670000076293945,0.05299997329711914,-0.005010298947837222,0.03826307152041508,-0.0017595333873230423
2026-08-07,83.55000305175781,17912.0,7757.64013671875,4.659999847412109,-0.010000228881835938,0.0021820623286521457,0.012850105654492294,0.006184231308959065
2026-08-10,87.72000122070312,17794.0,7753.10986328125,4.698999881744385,0.03900003433227539,-0.006587762393925889,0.04991020965447568,-0.0005839757139619595
2026-08-11,88.91000366210938,17791.0,7728.2001953125,4.684000015258789,-0.014999866485595703,-0.00016859615600761657,0.013565919115894776,-0.003212861472107087
2026-08-12,88.9800033569336,17822.0,7748.5,4.682000160217285,-0.0019998550415039062,0.001742454049800557,0.0007873095483186265,0.0026267182752088836
2026-08-13,87.06999969482422,17853.0,7798.990234375,4.640999794006348,-0.0410003662109375,0.001739423184827782,-0.021465538211406954,0.0065161301380911585
2026-08-14,88.5199966430664,17863.0,7785.759765625,4.696000099182129,0.05500030517578125,0.0005601299501485357,0.01665323249482431,-0.0016964335577297485
2026-08-17,90.87000274658203,17830.0,7745.06005859375,4.723999977111816,0.0279998779296875,-0.0018473940547500955,0.02654774279975869,-0.005227454770816764
2026-08-18,91.0199966430664,17824.0,7691.759765625,4.705999851226807,-0.018000125885009766,-0.00033651149747615516,0.001650642587770923,-0.006881843725615733
2026-08-19,91.62000274658203,17768.5,7707.97998046875,4.6529998779296875,-0.05299997329711914,-0.0031137791741472354,0.006592025111454847,0.002108778138942835
2026-08-20,93.77999877929688,17807.0,7641.16015625,4.696000099182129,0.043000221252441406,0.0021667557756703815,0.02357559449860891,-0.008668915122777232
2026-08-21,94.38999938964844,17755.0,7674.3701171875,4.73799991607666,0.04199981689453125,-0.002920199921379263,0.0065045917924049235,0.004346193543703691
2026-08-24,92.16999816894531,17655.0,7652.85986328125,4.703999996185303,-0.03399991989135742,-0.005632216277105084,-0.023519453703339965,-0.0028028689752760405
2026-08-25,88.58000183105469,17714.599609375,7677.27978515625,4.638999938964844,-0.06500005722045898,0.003375792091475427,-0.0389497277770392,0.003190953749482306
2026-08-26,87.83999633789062,17695.0,7675.7001953125,4.664000034332275,0.02500009536743164,-0.0011064099560357255,-0.008354092096040433,-0.00020574863596922732
2026-08-27,89.69999694824219,17778.0,7730.990234375,4.671999931335449,0.007999897003173828,0.0046905905623058075,0.021174871219219682,0.0072032567265023495
2026-08-28,89.30999755859375,17749.0,7711.759765625,4.71999979019165,0.04799985885620117,-0.001631229609629914,-0.00434781943051199,-0.0024874522107780628
2026-08-31,90.48999786376953,17749.0,7686.14013671875,4.757999897003174,0.03800010681152344,0.0,0.013212410003724528,-0.0033221508040809367
2026-09-01,94.6500015258789,17689.900390625,7631.47021484375,4.796000003814697,0.03800010681152344,-0.00332974304890421,0.04597197215511217,-0.007112792754561781
2026-09-02,95.62999725341797,17697.19921875,7666.60009765625,4.796000003814697,0.0,0.0004125985994170023,0.010353890245539121,0.004603291610071336
2026-09-03,95.5199966430664,17723.0,7747.7099609375,4.76200008392334,-0.03399991989135742,0.001457901949968754,-0.0011502730681887119,0.01057963924661287
2026-09-04,96.27999877929688,17618.099609375,7718.60009765625,4.783999919891357,0.021999835968017578,-0.005918884535631719,0.00795647155506507,-0.0037572216084515997
2026-09-07,,17638.0,,,,0.0011295424061747994,,
2026-09-08,97.91999816894531,17664.0,7673.52001953125,4.806000232696533,,0.0014740900328835682,,
2026-09-09,101.20999908447266,17588.0,7636.35986328125,4.836999893188477,0.03099966049194336,-0.0043025362318840354,0.03359886618718044,-0.004842647983639425
2026-09-10,107.62999725341797,17501.0,7591.7001953125,4.943999767303467,0.10699987411499023,-0.004946554468956088,0.06343244962967542,-0.005848292742657635
2026-09-11,104.61000061035156,17588.099609375,7656.97998046875,4.974999904632568,0.031000137329101562,0.00497683614507749,-0.028059060857873463,0.008598836028398171
2026-09-14,105.68000030517578,17630.0,7619.97998046875,4.960999965667725,-0.01399993896484375,0.0023823148353483425,0.01022846466476679,-0.004832192338804386
2026-09-15,108.75,17636.0,7585.72998046875,4.995999813079834,0.034999847412109375,0.0003403289846852786,0.029049959178263363,-0.004494762464965607
2026-09-16,105.83000183105469,17665.0,7551.81005859375,5.00600004196167,0.010000228881835938,0.001644363801315496,-0.02685055787535917,-0.004471543537976519
2026-09-17,104.81999969482422,17718.0,7637.759765625,4.947000026702881,-0.05900001525878906,0.003000283045570429,-0.009543627693050838,0.01138133856179846
2026-09-18,103.87000274658203,17757.0,7650.5,4.998000144958496,0.051000118255615234,0.002201151371486576,-0.009063126798397603,0.0016680590599797984
2026-09-21,100.33999633789062,17806.0,7764.7001953125,4.9629998207092285,-0.03500032424926758,0.0027594751365658254,-0.03398484947866787,0.014927154475197657
2026-09-22,99.25,17846.0,7764.64013671875,4.9679999351501465,0.005000114440917969,0.0022464337863641326,-0.010863029476502195,-7.734824557181774e-06
2026-09-23,103.08000183105469,17805.0,7706.02978515625,5.113999843597412,0.14599990844726562,-0.0022974335985654903,0.03858943910382551,-0.007548366766584991
2026-09-24,106.5999984741211,17837.30078125,7704.1298828125,5.1620001792907715,0.048000335693359375,0.0018141410418421877,0.03414820120817996,-0.000246547495496241
2026-09-25,104.31999969482422,17559.5,7743.41015625,5.184000015258789,0.021999835968017578,-0.015574149063069864,-0.02138835658473659,0.005098599586843999
2026-09-28,101.0,17970.0,,,,0.02337765881716458,-0.03182515054195245,
